true_p,replicate,method,selected_candidate,selected_prefix_successes,selected_prefix_best_score,activated,completed_at_decision,decision_event,seed
0.89,0,direct,4,186,186,True,0,603,20260921
0.89,1,direct,2,183,183,True,0,603,20260921
0.89,2,direct,3,188,188,True,0,603,20260921
0.89,3,direct,4,184,184,True,0,603,20260921
0.89,4,direct,4,185,185,True,0,603,20260921
0.89,5,direct,7,184,184,True,0,603,20260921
0.89,6,direct,2,184,184,True,0,603,20260921
0.89,7,direct,0,183,183,True,0,603,20260921
0.89,8,direct,4,187,187,True,0,603,20260921
0.89,9,direct,1,185,185,True,0,603,20260921
0.89,10,direct,1,185,185,True,0,603,20260921
0.89,11,direct,2,185,185,True,0,603,20260921
0.89,12,direct,2,184,184,True,0,603,20260921
0.89,13,direct,2,182,182,True,0,603,20260921
0.89,14,direct,7,187,187,True,0,603,20260921
0.89,15,direct,3,183,183,True,0,603,20260921
0.89,16,direct,1,188,188,True,0,603,20260921
0.89,17,direct,0,187,187,True,0,603,20260921
0.89,18,direct,0,182,182,True,0,603,20260921
0.89,19,direct,2,183,183,True,0,603,20260921
0.89,20,direct,0,182,182,True,0,603,20260921
0.89,21,direct,1,183,183,True,0,603,20260921
0.89,22,direct,5,182,182,True,0,603,20260921
0.89,23,direct,3,183,183,True,0,603,20260921
0.89,24,direct,4,182,182,True,0,603,20260921
0.89,25,direct,5,184,184,True,0,603,20260921
0.89,26,direct,3,185,185,True,0,603,20260921
0.89,27,direct,5,184,184,True,0,603,20260921
0.89,28,direct,0,185,185,True,0,603,20260921
0.89,29,direct,1,185,185,True,0,603,20260921
0.89,30,direct,6,187,187,True,0,603,20260921
0.89,31,direct,0,181,181,True,0,603,20260921
0.89,32,direct,1,183,183,True,0,603,20260921
0.89,33,direct,4,184,184,True,0,603,20260921
0.89,34,direct,5,183,183,True,0,603,20260921
0.89,35,direct,3,186,186,True,0,603,20260921
0.89,36,direct,1,183,183,True,0,603,20260921
0.89,37,direct,2,181,181,True,0,603,20260921
0.89,38,direct,3,183,183,True,0,603,20260921
0.89,39,direct,0,184,184,True,0,603,20260921
0.89,40,direct,0,184,184,True,0,603,20260921
0.89,41,direct,0,183,183,True,0,603,20260921
0.89,42,direct,2,184,184,True,0,603,20260921
0.89,43,direct,7,184,184,True,0,603,20260921
0.89,44,direct,4,187,187,True,0,603,20260921
0.89,45,direct,0,184,184,True,0,603,20260921
0.89,46,direct,5,189,189,True,0,603,20260921
0.89,47,direct,2,186,186,True,0,603,20260921
0.89,48,direct,6,185,185,True,0,603,20260921
0.89,49,direct,3,181,181,True,0,603,20260921
0.89,50,direct,0,180,180,True,0,603,20260921
0.89,51,direct,1,182,182,True,0,603,20260921
0.89,52,direct,2,188,188,True,0,603,20260921
0.89,53,direct,1,187,187,True,0,603,20260921
0.89,54,direct,6,185,185,True,0,603,20260921
0.89,55,direct,5,185,185,True,0,603,20260921
0.89,56,direct,2,183,183,True,0,603,20260921
0.89,57,direct,5,185,185,True,0,603,20260921
0.89,58,direct,1,186,186,True,0,603,20260921
0.89,59,direct,7,188,188,True,0,603,20260921
0.89,60,direct,3,191,191,True,0,603,20260921
0.89,61,direct,5,188,188,True,0,603,20260921
0.89,62,direct,2,179,179,True,0,603,20260921
0.89,63,direct,6,185,185,True,0,603,20260921
0.89,64,direct,0,184,184,True,0,603,20260921
0.89,65,direct,6,187,187,True,0,603,20260921
0.89,66,direct,4,185,185,True,0,603,20260921
0.89,67,direct,2,185,185,True,0,603,20260921
0.89,68,direct,4,186,186,True,0,603,20260921
0.89,69,direct,6,181,181,True,0,603,20260921
0.89,70,direct,0,181,181,True,0,603,20260921
0.89,71,direct,6,187,187,True,0,603,20260921
0.89,72,direct,4,187,187,True,0,603,20260921
0.89,73,direct,3,188,188,True,0,603,20260921
0.89,74,direct,3,180,180,True,0,603,20260921
0.89,75,direct,3,186,186,True,0,603,20260921
0.89,76,direct,4,191,191,True,0,603,20260921
0.89,77,direct,3,185,185,True,0,603,20260921
0.89,78,direct,1,185,185,True,0,603,20260921
0.89,79,direct,1,188,188,True,0,603,20260921
0.89,80,direct,4,182,182,True,0,603,20260921
0.89,81,direct,0,181,181,True,0,603,20260921
0.89,82,direct,5,184,184,True,0,603,20260921
0.89,83,direct,1,181,181,True,0,603,20260921
0.89,84,direct,7,182,182,True,0,603,20260921
0.89,85,direct,1,183,183,True,0,603,20260921
0.89,86,direct,3,184,184,True,0,603,20260921
0.89,87,direct,4,185,185,True,0,603,20260921
0.89,88,direct,1,185,185,True,0,603,20260921
0.89,89,direct,2,189,189,True,0,603,20260921
0.89,90,direct,6,182,182,True,0,603,20260921
0.89,91,direct,3,187,187,True,0,603,20260921
0.89,92,direct,3,185,185,True,0,603,20260921
0.89,93,direct,6,186,186,True,0,603,20260921
0.89,94,direct,6,183,183,True,0,603,20260921
0.89,95,direct,6,186,186,True,0,603,20260921
0.89,96,direct,5,186,186,True,0,603,20260921
0.89,97,direct,1,184,184,True,0,603,20260921
0.89,98,direct,0,182,182,True,0,603,20260921
0.89,99,direct,2,178,178,True,0,603,20260921
0.89,100,direct,0,182,182,True,0,603,20260921
0.89,101,direct,4,183,183,True,0,603,20260921
0.89,102,direct,1,185,185,True,0,603,20260921
0.89,103,direct,7,187,187,True,0,603,20260921
0.89,104,direct,5,180,180,True,0,603,20260921
0.89,105,direct,0,181,181,True,0,603,20260921
0.89,106,direct,4,184,184,True,0,603,20260921
0.89,107,direct,7,185,185,True,0,603,20260921
0.89,108,direct,4,184,184,True,0,603,20260921
0.89,109,direct,2,182,182,True,0,603,20260921
0.89,110,direct,2,183,183,True,0,603,20260921
0.89,111,direct,6,187,187,True,0,603,20260921
0.89,112,direct,0,183,183,True,0,603,20260921
0.89,113,direct,6,181,181,True,0,603,20260921
0.89,114,direct,4,185,185,True,0,603,20260921
0.89,115,direct,2,182,182,True,0,603,20260921
0.89,116,direct,7,182,182,True,0,603,20260921
0.89,117,direct,2,189,189,True,0,603,20260921
0.89,118,direct,2,184,184,True,0,603,20260921
0.89,119,direct,1,181,181,True,0,603,20260921
0.89,120,direct,6,186,186,True,0,603,20260921
0.89,121,direct,2,182,182,True,0,603,20260921
0.89,122,direct,5,185,185,True,0,603,20260921
0.89,123,direct,3,182,182,True,0,603,20260921
0.89,124,direct,7,182,182,True,0,603,20260921
0.89,125,direct,7,182,182,True,0,603,20260921
0.89,126,direct,7,185,185,True,0,603,20260921
0.89,127,direct,2,184,184,True,0,603,20260921
0.89,128,direct,5,186,186,True,0,603,20260921
0.89,129,direct,3,185,185,True,0,603,20260921
0.89,130,direct,2,181,181,True,0,603,20260921
0.89,131,direct,4,181,181,True,0,603,20260921
0.89,132,direct,2,180,180,True,0,603,20260921
0.89,133,direct,0,180,180,True,0,603,20260921
0.89,134,direct,5,184,184,True,0,603,20260921
0.89,135,direct,3,181,181,True,0,603,20260921
0.89,136,direct,4,188,188,True,0,603,20260921
0.89,137,direct,7,185,185,True,0,603,20260921
0.89,138,direct,5,181,181,True,0,603,20260921
0.89,139,direct,0,183,183,True,0,603,20260921
0.89,140,direct,5,184,184,True,0,603,20260921
0.89,141,direct,1,179,179,True,0,603,20260921
0.89,142,direct,0,183,183,True,0,603,20260921
0.89,143,direct,5,184,184,True,0,603,20260921
0.89,144,direct,7,183,183,True,0,603,20260921
0.89,145,direct,6,184,184,True,0,603,20260921
0.89,146,direct,0,183,183,True,0,603,20260921
0.89,147,direct,2,185,185,True,0,603,20260921
0.89,148,direct,1,183,183,True,0,603,20260921
0.89,149,direct,3,181,181,True,0,603,20260921
0.89,150,direct,4,182,182,True,0,603,20260921
0.89,151,direct,0,185,185,True,0,603,20260921
0.89,152,direct,5,187,187,True,0,603,20260921
0.89,153,direct,0,183,183,True,0,603,20260921
0.89,154,direct,5,184,184,True,0,603,20260921
0.89,155,direct,6,184,184,True,0,603,20260921
0.89,156,direct,1,191,191,True,0,603,20260921
0.89,157,direct,5,183,183,True,0,603,20260921
0.89,158,direct,2,184,184,True,0,603,20260921
0.89,159,direct,0,183,183,True,0,603,20260921
0.89,160,direct,7,188,188,True,0,603,20260921
0.89,161,direct,3,187,187,True,0,603,20260921
0.89,162,direct,3,182,182,True,0,603,20260921
0.89,163,direct,6,189,189,True,0,603,20260921
0.89,164,direct,5,182,182,True,0,603,20260921
0.89,165,direct,5,186,186,True,0,603,20260921
0.89,166,direct,0,186,186,True,0,603,20260921
0.89,167,direct,6,185,185,True,0,603,20260921
0.89,168,direct,3,184,184,True,0,603,20260921
0.89,169,direct,7,188,188,True,0,603,20260921
0.89,170,direct,6,184,184,True,0,603,20260921
0.89,171,direct,2,185,185,True,0,603,20260921
0.89,172,direct,0,186,186,True,0,603,20260921
0.89,173,direct,0,183,183,True,0,603,20260921
0.89,174,direct,4,184,184,True,0,603,20260921
0.89,175,direct,1,184,184,True,0,603,20260921
0.89,176,direct,7,183,183,True,0,603,20260921
0.89,177,direct,5,187,187,True,0,603,20260921
0.89,178,direct,0,184,184,True,0,603,20260921
0.89,179,direct,1,184,184,True,0,603,20260921
0.89,180,direct,1,184,184,True,0,603,20260921
0.89,181,direct,0,185,185,True,0,603,20260921
0.89,182,direct,4,182,182,True,0,603,20260921
0.89,183,direct,2,187,187,True,0,603,20260921
0.89,184,direct,0,181,181,True,0,603,20260921
0.89,185,direct,6,182,182,True,0,603,20260921
0.89,186,direct,3,186,186,True,0,603,20260921
0.89,187,direct,2,187,187,True,0,603,20260921
0.89,188,direct,1,188,188,True,0,603,20260921
0.89,189,direct,4,182,182,True,0,603,20260921
0.89,190,direct,1,180,180,True,0,603,20260921
0.89,191,direct,7,184,184,True,0,603,20260921
0.89,192,direct,7,188,188,True,0,603,20260921
0.89,193,direct,6,188,188,True,0,603,20260921
0.89,194,direct,2,184,184,True,0,603,20260921
0.89,195,direct,0,185,185,True,0,603,20260921
0.89,196,direct,5,186,186,True,0,603,20260921
0.89,197,direct,0,183,183,True,0,603,20260921
0.89,198,direct,4,185,185,True,0,603,20260921
0.89,199,direct,4,188,188,True,0,603,20260921
0.89,200,direct,7,186,186,True,0,603,20260921
0.89,201,direct,4,190,190,True,0,603,20260921
0.89,202,direct,6,183,183,True,0,603,20260921
0.89,203,direct,2,185,185,True,0,603,20260921
0.89,204,direct,1,186,186,True,0,603,20260921
0.89,205,direct,3,179,179,True,0,603,20260921
0.89,206,direct,2,180,180,True,0,603,20260921
0.89,207,direct,1,184,184,True,0,603,20260921
0.89,208,direct,6,186,186,True,0,603,20260921
0.89,209,direct,2,183,183,True,0,603,20260921
0.89,210,direct,3,183,183,True,0,603,20260921
0.89,211,direct,0,181,181,True,0,603,20260921
0.89,212,direct,6,185,185,True,0,603,20260921
0.89,213,direct,6,183,183,True,0,603,20260921
0.89,214,direct,3,184,184,True,0,603,20260921
0.89,215,direct,7,181,181,True,0,603,20260921
0.89,216,direct,0,184,184,True,0,603,20260921
0.89,217,direct,3,183,183,True,0,603,20260921
0.89,218,direct,1,181,181,True,0,603,20260921
0.89,219,direct,4,184,184,True,0,603,20260921
0.89,220,direct,6,188,188,True,0,603,20260921
0.89,221,direct,6,181,181,True,0,603,20260921
0.89,222,direct,2,182,182,True,0,603,20260921
0.89,223,direct,4,187,187,True,0,603,20260921
0.89,224,direct,3,181,181,True,0,603,20260921
0.89,225,direct,2,182,182,True,0,603,20260921
0.89,226,direct,3,185,185,True,0,603,20260921
0.89,227,direct,0,185,185,True,0,603,20260921
0.89,228,direct,1,187,187,True,0,603,20260921
0.89,229,direct,4,185,185,True,0,603,20260921
0.89,230,direct,6,189,189,True,0,603,20260921
0.89,231,direct,4,185,185,True,0,603,20260921
0.89,232,direct,5,189,189,True,0,603,20260921
0.89,233,direct,0,183,183,True,0,603,20260921
0.89,234,direct,7,185,185,True,0,603,20260921
0.89,235,direct,5,183,183,True,0,603,20260921
0.89,236,direct,3,184,184,True,0,603,20260921
0.89,237,direct,2,188,188,True,0,603,20260921
0.89,238,direct,3,184,184,True,0,603,20260921
0.89,239,direct,0,186,186,True,0,603,20260921
0.89,240,direct,1,184,184,True,0,603,20260921
0.89,241,direct,2,182,182,True,0,603,20260921
0.89,242,direct,4,182,182,True,0,603,20260921
0.89,243,direct,3,185,185,True,0,603,20260921
0.89,244,direct,6,187,187,True,0,603,20260921
0.89,245,direct,5,188,188,True,0,603,20260921
0.89,246,direct,5,186,186,True,0,603,20260921
0.89,247,direct,1,189,189,True,0,603,20260921
0.89,248,direct,2,185,185,True,0,603,20260921
0.89,249,direct,6,186,186,True,0,603,20260921
0.89,250,direct,2,181,181,True,0,603,20260921
0.89,251,direct,2,187,187,True,0,603,20260921
0.89,252,direct,2,180,180,True,0,603,20260921
0.89,253,direct,1,179,179,True,0,603,20260921
0.89,254,direct,4,184,184,True,0,603,20260921
0.89,255,direct,3,186,186,True,0,603,20260921
0.89,256,direct,2,185,185,True,0,603,20260921
0.89,257,direct,2,184,184,True,0,603,20260921
0.89,258,direct,4,185,185,True,0,603,20260921
0.89,259,direct,7,181,181,True,0,603,20260921
0.89,260,direct,1,184,184,True,0,603,20260921
0.89,261,direct,5,185,185,True,0,603,20260921
0.89,262,direct,7,184,184,True,0,603,20260921
0.89,263,direct,1,183,183,True,0,603,20260921
0.89,264,direct,2,179,179,True,0,603,20260921
0.89,265,direct,3,186,186,True,0,603,20260921
0.89,266,direct,1,186,186,True,0,603,20260921
0.89,267,direct,2,183,183,True,0,603,20260921
0.89,268,direct,1,183,183,True,0,603,20260921
0.89,269,direct,0,186,186,True,0,603,20260921
0.89,270,direct,6,182,182,True,0,603,20260921
0.89,271,direct,2,185,185,True,0,603,20260921
0.89,272,direct,2,186,186,True,0,603,20260921
0.89,273,direct,2,190,190,True,0,603,20260921
0.89,274,direct,4,186,186,True,0,603,20260921
0.89,275,direct,0,183,183,True,0,603,20260921
0.89,276,direct,0,185,185,True,0,603,20260921
0.89,277,direct,5,185,185,True,0,603,20260921
0.89,278,direct,7,188,188,True,0,603,20260921
0.89,279,direct,5,185,185,True,0,603,20260921
0.89,280,direct,4,184,184,True,0,603,20260921
0.89,281,direct,0,182,182,True,0,603,20260921
0.89,282,direct,2,185,185,True,0,603,20260921
0.89,283,direct,2,184,184,True,0,603,20260921
0.89,284,direct,7,185,185,True,0,603,20260921
0.89,285,direct,5,183,183,True,0,603,20260921
0.89,286,direct,4,182,182,True,0,603,20260921
0.89,287,direct,1,183,183,True,0,603,20260921
0.89,288,direct,7,183,183,True,0,603,20260921
0.89,289,direct,3,186,186,True,0,603,20260921
0.89,290,direct,4,183,183,True,0,603,20260921
0.89,291,direct,4,182,182,True,0,603,20260921
0.89,292,direct,6,180,180,True,0,603,20260921
0.89,293,direct,2,183,183,True,0,603,20260921
0.89,294,direct,0,184,184,True,0,603,20260921
0.89,295,direct,3,182,182,True,0,603,20260921
0.89,296,direct,4,183,183,True,0,603,20260921
0.89,297,direct,6,184,184,True,0,603,20260921
0.89,298,direct,5,189,189,True,0,603,20260921
0.89,299,direct,5,186,186,True,0,603,20260921
0.89,300,direct,1,182,182,True,0,603,20260921
0.89,301,direct,0,185,185,True,0,603,20260921
0.89,302,direct,1,185,185,True,0,603,20260921
0.89,303,direct,0,185,185,True,0,603,20260921
0.89,304,direct,2,188,188,True,0,603,20260921
0.89,305,direct,2,186,186,True,0,603,20260921
0.89,306,direct,5,185,185,True,0,603,20260921
0.89,307,direct,1,187,187,True,0,603,20260921
0.89,308,direct,1,186,186,True,0,603,20260921
0.89,309,direct,2,186,186,True,0,603,20260921
0.89,310,direct,3,181,181,True,0,603,20260921
0.89,311,direct,0,183,183,True,0,603,20260921
0.89,312,direct,5,183,183,True,0,603,20260921
0.89,313,direct,4,188,188,True,0,603,20260921
0.89,314,direct,0,181,181,True,0,603,20260921
0.89,315,direct,2,186,186,True,0,603,20260921
0.89,316,direct,5,186,186,True,0,603,20260921
0.89,317,direct,2,183,183,True,0,603,20260921
0.89,318,direct,3,184,184,True,0,603,20260921
0.89,319,direct,7,186,186,True,0,603,20260921
0.89,320,direct,2,186,186,True,0,603,20260921
0.89,321,direct,1,185,185,True,0,603,20260921
0.89,322,direct,5,184,184,True,0,603,20260921
0.89,323,direct,0,184,184,True,0,603,20260921
0.89,324,direct,2,182,182,True,0,603,20260921
0.89,325,direct,3,186,186,True,0,603,20260921
0.89,326,direct,4,184,184,True,0,603,20260921
0.89,327,direct,3,188,188,True,0,603,20260921
0.89,328,direct,3,185,185,True,0,603,20260921
0.89,329,direct,4,187,187,True,0,603,20260921
0.89,330,direct,6,185,185,True,0,603,20260921
0.89,331,direct,2,184,184,True,0,603,20260921
0.89,332,direct,3,187,187,True,0,603,20260921
0.89,333,direct,3,185,185,True,0,603,20260921
0.89,334,direct,6,183,183,True,0,603,20260921
0.89,335,direct,4,184,184,True,0,603,20260921
0.89,336,direct,0,189,189,True,0,603,20260921
0.89,337,direct,4,187,187,True,0,603,20260921
0.89,338,direct,6,185,185,True,0,603,20260921
0.89,339,direct,2,183,183,True,0,603,20260921
0.89,340,direct,3,187,187,True,0,603,20260921
0.89,341,direct,6,184,184,True,0,603,20260921
0.89,342,direct,7,187,187,True,0,603,20260921
0.89,343,direct,4,186,186,True,0,603,20260921
0.89,344,direct,3,188,188,True,0,603,20260921
0.89,345,direct,4,187,187,True,0,603,20260921
0.89,346,direct,3,183,183,True,0,603,20260921
0.89,347,direct,6,182,182,True,0,603,20260921
0.89,348,direct,3,181,181,True,0,603,20260921
0.89,349,direct,6,186,186,True,0,603,20260921
0.89,350,direct,7,183,183,True,0,603,20260921
0.89,351,direct,0,183,183,True,0,603,20260921
0.89,352,direct,3,185,185,True,0,603,20260921
0.89,353,direct,5,184,184,True,0,603,20260921
0.89,354,direct,4,182,182,True,0,603,20260921
0.89,355,direct,1,185,185,True,0,603,20260921
0.89,356,direct,2,183,183,True,0,603,20260921
0.89,357,direct,5,184,184,True,0,603,20260921
0.89,358,direct,3,184,184,True,0,603,20260921
0.89,359,direct,0,184,184,True,0,603,20260921
0.89,360,direct,4,182,182,True,0,603,20260921
0.89,361,direct,0,186,186,True,0,603,20260921
0.89,362,direct,5,181,181,True,0,603,20260921
0.89,363,direct,0,186,186,True,0,603,20260921
0.89,364,direct,1,188,188,True,0,603,20260921
0.89,365,direct,2,188,188,True,0,603,20260921
0.89,366,direct,0,186,186,True,0,603,20260921
0.89,367,direct,4,186,186,True,0,603,20260921
0.89,368,direct,1,182,182,True,0,603,20260921
0.89,369,direct,7,183,183,True,0,603,20260921
0.89,370,direct,4,182,182,True,0,603,20260921
0.89,371,direct,4,185,185,True,0,603,20260921
0.89,372,direct,3,186,186,True,0,603,20260921
0.89,373,direct,0,181,181,True,0,603,20260921
0.89,374,direct,5,184,184,True,0,603,20260921
0.89,375,direct,2,183,183,True,0,603,20260921
0.89,376,direct,4,186,186,True,0,603,20260921
0.89,377,direct,0,185,185,True,0,603,20260921
0.89,378,direct,0,181,181,True,0,603,20260921
0.89,379,direct,0,187,187,True,0,603,20260921
0.89,380,direct,7,188,188,True,0,603,20260921
0.89,381,direct,6,184,184,True,0,603,20260921
0.89,382,direct,6,184,184,True,0,603,20260921
0.89,383,direct,3,184,184,True,0,603,20260921
0.89,384,direct,3,187,187,True,0,603,20260921
0.89,385,direct,3,184,184,True,0,603,20260921
0.89,386,direct,3,187,187,True,0,603,20260921
0.89,387,direct,0,188,188,True,0,603,20260921
0.89,388,direct,5,182,182,True,0,603,20260921
0.89,389,direct,4,182,182,True,0,603,20260921
0.89,390,direct,1,187,187,True,0,603,20260921
0.89,391,direct,0,186,186,True,0,603,20260921
0.89,392,direct,6,182,182,True,0,603,20260921
0.89,393,direct,7,185,185,True,0,603,20260921
0.89,394,direct,2,182,182,True,0,603,20260921
0.89,395,direct,2,183,183,True,0,603,20260921
0.89,396,direct,0,186,186,True,0,603,20260921
0.89,397,direct,3,180,180,True,0,603,20260921
0.89,398,direct,5,189,189,True,0,603,20260921
0.89,399,direct,4,180,180,True,0,603,20260921
0.89,400,direct,5,183,183,True,0,603,20260921
0.89,401,direct,5,185,185,True,0,603,20260921
0.89,402,direct,0,183,183,True,0,603,20260921
0.89,403,direct,7,181,181,True,0,603,20260921
0.89,404,direct,1,181,181,True,0,603,20260921
0.89,405,direct,7,181,181,True,0,603,20260921
0.89,406,direct,0,186,186,True,0,603,20260921
0.89,407,direct,7,184,184,True,0,603,20260921
0.89,408,direct,1,188,188,True,0,603,20260921
0.89,409,direct,5,182,182,True,0,603,20260921
0.89,410,direct,0,181,181,True,0,603,20260921
0.89,411,direct,3,188,188,True,0,603,20260921
0.89,412,direct,0,184,184,True,0,603,20260921
0.89,413,direct,3,184,184,True,0,603,20260921
0.89,414,direct,2,185,185,True,0,603,20260921
0.89,415,direct,1,181,181,True,0,603,20260921
0.89,416,direct,7,186,186,True,0,603,20260921
0.89,417,direct,1,185,185,True,0,603,20260921
0.89,418,direct,6,181,181,True,0,603,20260921
0.89,419,direct,5,185,185,True,0,603,20260921
0.89,420,direct,2,184,184,True,0,603,20260921
0.89,421,direct,1,182,182,True,0,603,20260921
0.89,422,direct,7,187,187,True,0,603,20260921
0.89,423,direct,3,182,182,True,0,603,20260921
0.89,424,direct,1,183,183,True,0,603,20260921
0.89,425,direct,4,183,183,True,0,603,20260921
0.89,426,direct,7,186,186,True,0,603,20260921
0.89,427,direct,7,183,183,True,0,603,20260921
0.89,428,direct,3,184,184,True,0,603,20260921
0.89,429,direct,3,183,183,True,0,603,20260921
0.89,430,direct,0,186,186,True,0,603,20260921
0.89,431,direct,7,182,182,True,0,603,20260921
0.89,432,direct,5,182,182,True,0,603,20260921
0.89,433,direct,6,179,179,True,0,603,20260921
0.89,434,direct,1,183,183,True,0,603,20260921
0.89,435,direct,6,183,183,True,0,603,20260921
0.89,436,direct,4,189,189,True,0,603,20260921
0.89,437,direct,3,185,185,True,0,603,20260921
0.89,438,direct,1,185,185,True,0,603,20260921
0.89,439,direct,5,184,184,True,0,603,20260921
0.89,440,direct,1,191,191,True,0,603,20260921
0.89,441,direct,7,183,183,True,0,603,20260921
0.89,442,direct,4,183,183,True,0,603,20260921
0.89,443,direct,3,182,182,True,0,603,20260921
0.89,444,direct,4,184,184,True,0,603,20260921
0.89,445,direct,2,184,184,True,0,603,20260921
0.89,446,direct,7,184,184,True,0,603,20260921
0.89,447,direct,3,185,185,True,0,603,20260921
0.89,448,direct,2,184,184,True,0,603,20260921
0.89,449,direct,6,187,187,True,0,603,20260921
0.89,450,direct,1,182,182,True,0,603,20260921
0.89,451,direct,2,184,184,True,0,603,20260921
0.89,452,direct,4,182,182,True,0,603,20260921
0.89,453,direct,6,181,181,True,0,603,20260921
0.89,454,direct,5,179,179,True,0,603,20260921
0.89,455,direct,0,190,190,True,0,603,20260921
0.89,456,direct,5,190,190,True,0,603,20260921
0.89,457,direct,0,181,181,True,0,603,20260921
0.89,458,direct,0,182,182,True,0,603,20260921
0.89,459,direct,4,185,185,True,0,603,20260921
0.89,460,direct,2,186,186,True,0,603,20260921
0.89,461,direct,2,187,187,True,0,603,20260921
0.89,462,direct,2,180,180,True,0,603,20260921
0.89,463,direct,4,186,186,True,0,603,20260921
0.89,464,direct,6,186,186,True,0,603,20260921
0.89,465,direct,0,188,188,True,0,603,20260921
0.89,466,direct,2,179,179,True,0,603,20260921
0.89,467,direct,4,183,183,True,0,603,20260921
0.89,468,direct,4,183,183,True,0,603,20260921
0.89,469,direct,5,180,180,True,0,603,20260921
0.89,470,direct,1,187,187,True,0,603,20260921
0.89,471,direct,6,186,186,True,0,603,20260921
0.89,472,direct,5,189,189,True,0,603,20260921
0.89,473,direct,7,185,185,True,0,603,20260921
0.89,474,direct,6,188,188,True,0,603,20260921
0.89,475,direct,2,187,187,True,0,603,20260921
0.89,476,direct,0,185,185,True,0,603,20260921
0.89,477,direct,6,185,185,True,0,603,20260921
0.89,478,direct,2,182,182,True,0,603,20260921
0.89,479,direct,5,184,184,True,0,603,20260921
0.89,480,direct,2,180,180,True,0,603,20260921
0.89,481,direct,1,185,185,True,0,603,20260921
0.89,482,direct,4,182,182,True,0,603,20260921
0.89,483,direct,6,185,185,True,0,603,20260921
0.89,484,direct,7,180,180,True,0,603,20260921
0.89,485,direct,2,183,183,True,0,603,20260921
0.89,486,direct,4,184,184,True,0,603,20260921
0.89,487,direct,1,183,183,True,0,603,20260921
0.89,488,direct,5,182,182,True,0,603,20260921
0.89,489,direct,0,185,185,True,0,603,20260921
0.89,490,direct,0,185,185,True,0,603,20260921
0.89,491,direct,7,184,184,True,0,603,20260921
0.89,492,direct,6,183,183,True,0,603,20260921
0.89,493,direct,7,187,187,True,0,603,20260921
0.89,494,direct,5,182,182,True,0,603,20260921
0.89,495,direct,1,182,182,True,0,603,20260921
0.89,496,direct,3,188,188,True,0,603,20260921
0.89,497,direct,1,188,188,True,0,603,20260921
0.89,498,direct,5,182,182,True,0,603,20260921
0.89,499,direct,1,184,184,True,0,603,20260921
0.89,500,direct,4,182,182,True,0,603,20260921
0.89,501,direct,7,187,187,True,0,603,20260921
0.89,502,direct,2,186,186,True,0,603,20260921
0.89,503,direct,0,189,189,True,0,603,20260921
0.89,504,direct,4,183,183,True,0,603,20260921
0.89,505,direct,7,184,184,True,0,603,20260921
0.89,506,direct,2,186,186,True,0,603,20260921
0.89,507,direct,3,190,190,True,0,603,20260921
0.89,508,direct,6,187,187,True,0,603,20260921
0.89,509,direct,5,183,183,True,0,603,20260921
0.89,510,direct,7,184,184,True,0,603,20260921
0.89,511,direct,1,183,183,True,0,603,20260921
0.89,512,direct,0,183,183,True,0,603,20260921
0.89,513,direct,0,180,180,True,0,603,20260921
0.89,514,direct,5,185,185,True,0,603,20260921
0.89,515,direct,6,183,183,True,0,603,20260921
0.89,516,direct,3,185,185,True,0,603,20260921
0.89,517,direct,1,181,181,True,0,603,20260921
0.89,518,direct,7,183,183,True,0,603,20260921
0.89,519,direct,5,184,184,True,0,603,20260921
0.89,520,direct,0,181,181,True,0,603,20260921
0.89,521,direct,3,187,187,True,0,603,20260921
0.89,522,direct,7,180,180,True,0,603,20260921
0.89,523,direct,7,183,183,True,0,603,20260921
0.89,524,direct,5,186,186,True,0,603,20260921
0.89,525,direct,4,183,183,True,0,603,20260921
0.89,526,direct,4,180,180,True,0,603,20260921
0.89,527,direct,6,186,186,True,0,603,20260921
0.89,528,direct,3,184,184,True,0,603,20260921
0.89,529,direct,0,181,181,True,0,603,20260921
0.89,530,direct,4,186,186,True,0,603,20260921
0.89,531,direct,0,186,186,True,0,603,20260921
0.89,532,direct,4,181,181,True,0,603,20260921
0.89,533,direct,1,185,185,True,0,603,20260921
0.89,534,direct,5,184,184,True,0,603,20260921
0.89,535,direct,1,185,185,True,0,603,20260921
0.89,536,direct,4,183,183,True,0,603,20260921
0.89,537,direct,3,184,184,True,0,603,20260921
0.89,538,direct,6,184,184,True,0,603,20260921
0.89,539,direct,7,182,182,True,0,603,20260921
0.89,540,direct,3,183,183,True,0,603,20260921
0.89,541,direct,1,187,187,True,0,603,20260921
0.89,542,direct,6,187,187,True,0,603,20260921
0.89,543,direct,5,179,179,True,0,603,20260921
0.89,544,direct,2,184,184,True,0,603,20260921
0.89,545,direct,7,185,185,True,0,603,20260921
0.89,546,direct,4,182,182,True,0,603,20260921
0.89,547,direct,4,182,182,True,0,603,20260921
0.89,548,direct,4,183,183,True,0,603,20260921
0.89,549,direct,5,182,182,True,0,603,20260921
0.89,550,direct,1,188,188,True,0,603,20260921
0.89,551,direct,5,184,184,True,0,603,20260921
0.89,552,direct,7,188,188,True,0,603,20260921
0.89,553,direct,7,190,190,True,0,603,20260921
0.89,554,direct,2,185,185,True,0,603,20260921
0.89,555,direct,4,180,180,True,0,603,20260921
0.89,556,direct,6,185,185,True,0,603,20260921
0.89,557,direct,7,183,183,True,0,603,20260921
0.89,558,direct,7,183,183,True,0,603,20260921
0.89,559,direct,0,182,182,True,0,603,20260921
0.89,560,direct,1,188,188,True,0,603,20260921
0.89,561,direct,1,187,187,True,0,603,20260921
0.89,562,direct,7,184,184,True,0,603,20260921
0.89,563,direct,1,185,185,True,0,603,20260921
0.89,564,direct,1,188,188,True,0,603,20260921
0.89,565,direct,2,186,186,True,0,603,20260921
0.89,566,direct,1,183,183,True,0,603,20260921
0.89,567,direct,3,181,181,True,0,603,20260921
0.89,568,direct,1,185,185,True,0,603,20260921
0.89,569,direct,4,187,187,True,0,603,20260921
0.89,570,direct,4,185,185,True,0,603,20260921
0.89,571,direct,4,186,186,True,0,603,20260921
0.89,572,direct,7,186,186,True,0,603,20260921
0.89,573,direct,0,183,183,True,0,603,20260921
0.89,574,direct,7,184,184,True,0,603,20260921
0.89,575,direct,2,185,185,True,0,603,20260921
0.89,576,direct,6,186,186,True,0,603,20260921
0.89,577,direct,3,182,182,True,0,603,20260921
0.89,578,direct,2,184,184,True,0,603,20260921
0.89,579,direct,4,184,184,True,0,603,20260921
0.89,580,direct,7,184,184,True,0,603,20260921
0.89,581,direct,4,185,185,True,0,603,20260921
0.89,582,direct,2,182,182,True,0,603,20260921
0.89,583,direct,3,181,181,True,0,603,20260921
0.89,584,direct,3,185,185,True,0,603,20260921
0.89,585,direct,5,182,182,True,0,603,20260921
0.89,586,direct,1,188,188,True,0,603,20260921
0.89,587,direct,5,184,184,True,0,603,20260921
0.89,588,direct,1,185,185,True,0,603,20260921
0.89,589,direct,4,184,184,True,0,603,20260921
0.89,590,direct,2,181,181,True,0,603,20260921
0.89,591,direct,0,180,180,True,0,603,20260921
0.89,592,direct,4,183,183,True,0,603,20260921
0.89,593,direct,4,184,184,True,0,603,20260921
0.89,594,direct,4,186,186,True,0,603,20260921
0.89,595,direct,0,185,185,True,0,603,20260921
0.89,596,direct,5,182,182,True,0,603,20260921
0.89,597,direct,7,184,184,True,0,603,20260921
0.89,598,direct,2,183,183,True,0,603,20260921
0.89,599,direct,1,185,185,True,0,603,20260921
0.89,600,direct,1,184,184,True,0,603,20260921
0.89,601,direct,1,186,186,True,0,603,20260921
0.89,602,direct,2,182,182,True,0,603,20260921
0.89,603,direct,4,183,183,True,0,603,20260921
0.89,604,direct,2,188,188,True,0,603,20260921
0.89,605,direct,3,187,187,True,0,603,20260921
0.89,606,direct,4,185,185,True,0,603,20260921
0.89,607,direct,4,186,186,True,0,603,20260921
0.89,608,direct,3,190,190,True,0,603,20260921
0.89,609,direct,0,187,187,True,0,603,20260921
0.89,610,direct,2,183,183,True,0,603,20260921
0.89,611,direct,7,183,183,True,0,603,20260921
0.89,612,direct,1,182,182,True,0,603,20260921
0.89,613,direct,3,184,184,True,0,603,20260921
0.89,614,direct,5,187,187,True,0,603,20260921
0.89,615,direct,6,181,181,True,0,603,20260921
0.89,616,direct,2,183,183,True,0,603,20260921
0.89,617,direct,4,186,186,True,0,603,20260921
0.89,618,direct,1,185,185,True,0,603,20260921
0.89,619,direct,7,181,181,True,0,603,20260921
0.89,620,direct,0,181,181,True,0,603,20260921
0.89,621,direct,4,186,186,True,0,603,20260921
0.89,622,direct,0,178,178,True,0,603,20260921
0.89,623,direct,5,181,181,True,0,603,20260921
0.89,624,direct,6,188,188,True,0,603,20260921
0.89,625,direct,1,184,184,True,0,603,20260921
0.89,626,direct,2,185,185,True,0,603,20260921
0.89,627,direct,4,186,186,True,0,603,20260921
0.89,628,direct,1,183,183,True,0,603,20260921
0.89,629,direct,4,179,179,True,0,603,20260921
0.89,630,direct,7,190,190,True,0,603,20260921
0.89,631,direct,1,191,191,True,0,603,20260921
0.89,632,direct,4,184,184,True,0,603,20260921
0.89,633,direct,4,180,180,True,0,603,20260921
0.89,634,direct,5,182,182,True,0,603,20260921
0.89,635,direct,4,182,182,True,0,603,20260921
0.89,636,direct,0,181,181,True,0,603,20260921
0.89,637,direct,6,183,183,True,0,603,20260921
0.89,638,direct,0,182,182,True,0,603,20260921
0.89,639,direct,0,184,184,True,0,603,20260921
0.89,640,direct,0,185,185,True,0,603,20260921
0.89,641,direct,7,187,187,True,0,603,20260921
0.89,642,direct,4,185,185,True,0,603,20260921
0.89,643,direct,1,184,184,True,0,603,20260921
0.89,644,direct,2,183,183,True,0,603,20260921
0.89,645,direct,3,182,182,True,0,603,20260921
0.89,646,direct,2,186,186,True,0,603,20260921
0.89,647,direct,4,189,189,True,0,603,20260921
0.89,648,direct,0,186,186,True,0,603,20260921
0.89,649,direct,1,181,181,True,0,603,20260921
0.89,650,direct,1,186,186,True,0,603,20260921
0.89,651,direct,1,182,182,True,0,603,20260921
0.89,652,direct,0,184,184,True,0,603,20260921
0.89,653,direct,5,189,189,True,0,603,20260921
0.89,654,direct,3,185,185,True,0,603,20260921
0.89,655,direct,7,186,186,True,0,603,20260921
0.89,656,direct,0,182,182,True,0,603,20260921
0.89,657,direct,7,184,184,True,0,603,20260921
0.89,658,direct,4,184,184,True,0,603,20260921
0.89,659,direct,1,182,182,True,0,603,20260921
0.89,660,direct,0,179,179,True,0,603,20260921
0.89,661,direct,3,188,188,True,0,603,20260921
0.89,662,direct,3,183,183,True,0,603,20260921
0.89,663,direct,1,186,186,True,0,603,20260921
0.89,664,direct,0,187,187,True,0,603,20260921
0.89,665,direct,3,187,187,True,0,603,20260921
0.89,666,direct,5,183,183,True,0,603,20260921
0.89,667,direct,4,187,187,True,0,603,20260921
0.89,668,direct,3,181,181,True,0,603,20260921
0.89,669,direct,1,185,185,True,0,603,20260921
0.89,670,direct,3,181,181,True,0,603,20260921
0.89,671,direct,6,189,189,True,0,603,20260921
0.89,672,direct,5,184,184,True,0,603,20260921
0.89,673,direct,0,184,184,True,0,603,20260921
0.89,674,direct,4,182,182,True,0,603,20260921
0.89,675,direct,4,188,188,True,0,603,20260921
0.89,676,direct,6,184,184,True,0,603,20260921
0.89,677,direct,0,186,186,True,0,603,20260921
0.89,678,direct,1,186,186,True,0,603,20260921
0.89,679,direct,7,181,181,True,0,603,20260921
0.89,680,direct,2,183,183,True,0,603,20260921
0.89,681,direct,7,186,186,True,0,603,20260921
0.89,682,direct,7,189,189,True,0,603,20260921
0.89,683,direct,4,186,186,True,0,603,20260921
0.89,684,direct,5,183,183,True,0,603,20260921
0.89,685,direct,1,184,184,True,0,603,20260921
0.89,686,direct,7,184,184,True,0,603,20260921
0.89,687,direct,6,182,182,True,0,603,20260921
0.89,688,direct,5,181,181,True,0,603,20260921
0.89,689,direct,7,187,187,True,0,603,20260921
0.89,690,direct,2,184,184,True,0,603,20260921
0.89,691,direct,3,185,185,True,0,603,20260921
0.89,692,direct,1,181,181,True,0,603,20260921
0.89,693,direct,3,184,184,True,0,603,20260921
0.89,694,direct,7,186,186,True,0,603,20260921
0.89,695,direct,5,181,181,True,0,603,20260921
0.89,696,direct,1,184,184,True,0,603,20260921
0.89,697,direct,2,181,181,True,0,603,20260921
0.89,698,direct,0,182,182,True,0,603,20260921
0.89,699,direct,4,186,186,True,0,603,20260921
0.89,700,direct,5,182,182,True,0,603,20260921
0.89,701,direct,1,188,188,True,0,603,20260921
0.89,702,direct,0,180,180,True,0,603,20260921
0.89,703,direct,0,183,183,True,0,603,20260921
0.89,704,direct,7,187,187,True,0,603,20260921
0.89,705,direct,7,188,188,True,0,603,20260921
0.89,706,direct,5,179,179,True,0,603,20260921
0.89,707,direct,4,184,184,True,0,603,20260921
0.89,708,direct,1,185,185,True,0,603,20260921
0.89,709,direct,3,185,185,True,0,603,20260921
0.89,710,direct,7,184,184,True,0,603,20260921
0.89,711,direct,6,180,180,True,0,603,20260921
0.89,712,direct,0,185,185,True,0,603,20260921
0.89,713,direct,5,187,187,True,0,603,20260921
0.89,714,direct,1,183,183,True,0,603,20260921
0.89,715,direct,2,181,181,True,0,603,20260921
0.89,716,direct,2,184,184,True,0,603,20260921
0.89,717,direct,3,185,185,True,0,603,20260921
0.89,718,direct,3,185,185,True,0,603,20260921
0.89,719,direct,0,181,181,True,0,603,20260921
0.89,720,direct,5,182,182,True,0,603,20260921
0.89,721,direct,1,185,185,True,0,603,20260921
0.89,722,direct,4,179,179,True,0,603,20260921
0.89,723,direct,0,181,181,True,0,603,20260921
0.89,724,direct,2,181,181,True,0,603,20260921
0.89,725,direct,4,186,186,True,0,603,20260921
0.89,726,direct,3,188,188,True,0,603,20260921
0.89,727,direct,7,182,182,True,0,603,20260921
0.89,728,direct,4,188,188,True,0,603,20260921
0.89,729,direct,0,183,183,True,0,603,20260921
0.89,730,direct,5,184,184,True,0,603,20260921
0.89,731,direct,6,184,184,True,0,603,20260921
0.89,732,direct,4,183,183,True,0,603,20260921
0.89,733,direct,0,182,182,True,0,603,20260921
0.89,734,direct,3,188,188,True,0,603,20260921
0.89,735,direct,1,181,181,True,0,603,20260921
0.89,736,direct,0,181,181,True,0,603,20260921
0.89,737,direct,7,186,186,True,0,603,20260921
0.89,738,direct,5,182,182,True,0,603,20260921
0.89,739,direct,0,187,187,True,0,603,20260921
0.89,740,direct,5,185,185,True,0,603,20260921
0.89,741,direct,5,185,185,True,0,603,20260921
0.89,742,direct,0,184,184,True,0,603,20260921
0.89,743,direct,7,187,187,True,0,603,20260921
0.89,744,direct,0,185,185,True,0,603,20260921
0.89,745,direct,1,180,180,True,0,603,20260921
0.89,746,direct,5,185,185,True,0,603,20260921
0.89,747,direct,0,183,183,True,0,603,20260921
0.89,748,direct,3,187,187,True,0,603,20260921
0.89,749,direct,0,187,187,True,0,603,20260921
0.89,750,direct,1,181,181,True,0,603,20260921
0.89,751,direct,7,184,184,True,0,603,20260921
0.89,752,direct,0,181,181,True,0,603,20260921
0.89,753,direct,1,185,185,True,0,603,20260921
0.89,754,direct,6,185,185,True,0,603,20260921
0.89,755,direct,1,185,185,True,0,603,20260921
0.89,756,direct,3,186,186,True,0,603,20260921
0.89,757,direct,1,183,183,True,0,603,20260921
0.89,758,direct,6,185,185,True,0,603,20260921
0.89,759,direct,6,188,188,True,0,603,20260921
0.89,760,direct,5,185,185,True,0,603,20260921
0.89,761,direct,4,186,186,True,0,603,20260921
0.89,762,direct,4,187,187,True,0,603,20260921
0.89,763,direct,6,185,185,True,0,603,20260921
0.89,764,direct,0,184,184,True,0,603,20260921
0.89,765,direct,3,185,185,True,0,603,20260921
0.89,766,direct,1,182,182,True,0,603,20260921
0.89,767,direct,2,182,182,True,0,603,20260921
0.89,768,direct,4,183,183,True,0,603,20260921
0.89,769,direct,7,184,184,True,0,603,20260921
0.89,770,direct,1,184,184,True,0,603,20260921
0.89,771,direct,3,189,189,True,0,603,20260921
0.89,772,direct,0,185,185,True,0,603,20260921
0.89,773,direct,4,183,183,True,0,603,20260921
0.89,774,direct,4,187,187,True,0,603,20260921
0.89,775,direct,3,184,184,True,0,603,20260921
0.89,776,direct,7,193,193,True,0,603,20260921
0.89,777,direct,0,187,187,True,0,603,20260921
0.89,778,direct,4,186,186,True,0,603,20260921
0.89,779,direct,6,190,190,True,0,603,20260921
0.89,780,direct,2,184,184,True,0,603,20260921
0.89,781,direct,4,187,187,True,0,603,20260921
0.89,782,direct,2,183,183,True,0,603,20260921
0.89,783,direct,2,188,188,True,0,603,20260921
0.89,784,direct,6,186,186,True,0,603,20260921
0.89,785,direct,0,185,185,True,0,603,20260921
0.89,786,direct,4,181,181,True,0,603,20260921
0.89,787,direct,0,183,183,True,0,603,20260921
0.89,788,direct,2,184,184,True,0,603,20260921
0.89,789,direct,0,182,182,True,0,603,20260921
0.89,790,direct,0,184,184,True,0,603,20260921
0.89,791,direct,1,183,183,True,0,603,20260921
0.89,792,direct,3,184,184,True,0,603,20260921
0.89,793,direct,0,179,179,True,0,603,20260921
0.89,794,direct,6,182,182,True,0,603,20260921
0.89,795,direct,2,183,183,True,0,603,20260921
0.89,796,direct,1,187,187,True,0,603,20260921
0.89,797,direct,1,183,183,True,0,603,20260921
0.89,798,direct,7,182,182,True,0,603,20260921
0.89,799,direct,2,186,186,True,0,603,20260921
0.89,800,direct,2,188,188,True,0,603,20260921
0.89,801,direct,2,180,180,True,0,603,20260921
0.89,802,direct,5,182,182,True,0,603,20260921
0.89,803,direct,1,181,181,True,0,603,20260921
0.89,804,direct,1,185,185,True,0,603,20260921
0.89,805,direct,2,182,182,True,0,603,20260921
0.89,806,direct,4,181,181,True,0,603,20260921
0.89,807,direct,3,182,182,True,0,603,20260921
0.89,808,direct,4,183,183,True,0,603,20260921
0.89,809,direct,0,183,183,True,0,603,20260921
0.89,810,direct,0,186,186,True,0,603,20260921
0.89,811,direct,3,186,186,True,0,603,20260921
0.89,812,direct,0,190,190,True,0,603,20260921
0.89,813,direct,4,187,187,True,0,603,20260921
0.89,814,direct,7,186,186,True,0,603,20260921
0.89,815,direct,6,181,181,True,0,603,20260921
0.89,816,direct,6,184,184,True,0,603,20260921
0.89,817,direct,5,187,187,True,0,603,20260921
0.89,818,direct,2,185,185,True,0,603,20260921
0.89,819,direct,3,187,187,True,0,603,20260921
0.89,820,direct,1,184,184,True,0,603,20260921
0.89,821,direct,1,185,185,True,0,603,20260921
0.89,822,direct,6,184,184,True,0,603,20260921
0.89,823,direct,4,182,182,True,0,603,20260921
0.89,824,direct,0,182,182,True,0,603,20260921
0.89,825,direct,5,184,184,True,0,603,20260921
0.89,826,direct,5,185,185,True,0,603,20260921
0.89,827,direct,6,187,187,True,0,603,20260921
0.89,828,direct,6,188,188,True,0,603,20260921
0.89,829,direct,1,183,183,True,0,603,20260921
0.89,830,direct,1,185,185,True,0,603,20260921
0.89,831,direct,0,181,181,True,0,603,20260921
0.89,832,direct,5,184,184,True,0,603,20260921
0.89,833,direct,5,188,188,True,0,603,20260921
0.89,834,direct,1,189,189,True,0,603,20260921
0.89,835,direct,4,185,185,True,0,603,20260921
0.89,836,direct,3,184,184,True,0,603,20260921
0.89,837,direct,2,183,183,True,0,603,20260921
0.89,838,direct,2,186,186,True,0,603,20260921
0.89,839,direct,5,186,186,True,0,603,20260921
0.89,840,direct,0,181,181,True,0,603,20260921
0.89,841,direct,0,185,185,True,0,603,20260921
0.89,842,direct,0,184,184,True,0,603,20260921
0.89,843,direct,3,186,186,True,0,603,20260921
0.89,844,direct,1,181,181,True,0,603,20260921
0.89,845,direct,6,185,185,True,0,603,20260921
0.89,846,direct,2,183,183,True,0,603,20260921
0.89,847,direct,6,181,181,True,0,603,20260921
0.89,848,direct,5,183,183,True,0,603,20260921
0.89,849,direct,0,179,179,True,0,603,20260921
0.89,850,direct,6,182,182,True,0,603,20260921
0.89,851,direct,7,182,182,True,0,603,20260921
0.89,852,direct,1,181,181,True,0,603,20260921
0.89,853,direct,0,187,187,True,0,603,20260921
0.89,854,direct,6,186,186,True,0,603,20260921
0.89,855,direct,2,182,182,True,0,603,20260921
0.89,856,direct,3,184,184,True,0,603,20260921
0.89,857,direct,6,180,180,True,0,603,20260921
0.89,858,direct,6,183,183,True,0,603,20260921
0.89,859,direct,4,183,183,True,0,603,20260921
0.89,860,direct,1,187,187,True,0,603,20260921
0.89,861,direct,3,185,185,True,0,603,20260921
0.89,862,direct,2,188,188,True,0,603,20260921
0.89,863,direct,3,182,182,True,0,603,20260921
0.89,864,direct,6,182,182,True,0,603,20260921
0.89,865,direct,1,186,186,True,0,603,20260921
0.89,866,direct,6,186,186,True,0,603,20260921
0.89,867,direct,3,181,181,True,0,603,20260921
0.89,868,direct,2,188,188,True,0,603,20260921
0.89,869,direct,4,183,183,True,0,603,20260921
0.89,870,direct,4,185,185,True,0,603,20260921
0.89,871,direct,3,179,179,True,0,603,20260921
0.89,872,direct,0,180,180,True,0,603,20260921
0.89,873,direct,3,183,183,True,0,603,20260921
0.89,874,direct,5,187,187,True,0,603,20260921
0.89,875,direct,1,183,183,True,0,603,20260921
0.89,876,direct,3,188,188,True,0,603,20260921
0.89,877,direct,2,179,179,True,0,603,20260921
0.89,878,direct,0,182,182,True,0,603,20260921
0.89,879,direct,5,186,186,True,0,603,20260921
0.89,880,direct,2,185,185,True,0,603,20260921
0.89,881,direct,2,188,188,True,0,603,20260921
0.89,882,direct,5,180,180,True,0,603,20260921
0.89,883,direct,5,180,180,True,0,603,20260921
0.89,884,direct,2,185,185,True,0,603,20260921
0.89,885,direct,1,181,181,True,0,603,20260921
0.89,886,direct,6,187,187,True,0,603,20260921
0.89,887,direct,2,183,183,True,0,603,20260921
0.89,888,direct,2,180,180,True,0,603,20260921
0.89,889,direct,0,187,187,True,0,603,20260921
0.89,890,direct,4,188,188,True,0,603,20260921
0.89,891,direct,6,181,181,True,0,603,20260921
0.89,892,direct,7,181,181,True,0,603,20260921
0.89,893,direct,1,183,183,True,0,603,20260921
0.89,894,direct,3,185,185,True,0,603,20260921
0.89,895,direct,6,185,185,True,0,603,20260921
0.89,896,direct,6,184,184,True,0,603,20260921
0.89,897,direct,7,184,184,True,0,603,20260921
0.89,898,direct,1,182,182,True,0,603,20260921
0.89,899,direct,7,184,184,True,0,603,20260921
0.89,900,direct,3,185,185,True,0,603,20260921
0.89,901,direct,3,183,183,True,0,603,20260921
0.89,902,direct,0,182,182,True,0,603,20260921
0.89,903,direct,7,184,184,True,0,603,20260921
0.89,904,direct,7,183,183,True,0,603,20260921
0.89,905,direct,1,185,185,True,0,603,20260921
0.89,906,direct,3,183,183,True,0,603,20260921
0.89,907,direct,1,190,190,True,0,603,20260921
0.89,908,direct,4,182,182,True,0,603,20260921
0.89,909,direct,1,187,187,True,0,603,20260921
0.89,910,direct,2,187,187,True,0,603,20260921
0.89,911,direct,0,186,186,True,0,603,20260921
0.89,912,direct,5,185,185,True,0,603,20260921
0.89,913,direct,2,180,180,True,0,603,20260921
0.89,914,direct,6,186,186,True,0,603,20260921
0.89,915,direct,2,188,188,True,0,603,20260921
0.89,916,direct,5,191,191,True,0,603,20260921
0.89,917,direct,0,187,187,True,0,603,20260921
0.89,918,direct,3,182,182,True,0,603,20260921
0.89,919,direct,2,181,181,True,0,603,20260921
0.89,920,direct,7,181,181,True,0,603,20260921
0.89,921,direct,2,181,181,True,0,603,20260921
0.89,922,direct,1,182,182,True,0,603,20260921
0.89,923,direct,2,185,185,True,0,603,20260921
0.89,924,direct,4,180,180,True,0,603,20260921
0.89,925,direct,5,186,186,True,0,603,20260921
0.89,926,direct,0,181,181,True,0,603,20260921
0.89,927,direct,6,184,184,True,0,603,20260921
0.89,928,direct,3,184,184,True,0,603,20260921
0.89,929,direct,1,179,179,True,0,603,20260921
0.89,930,direct,5,183,183,True,0,603,20260921
0.89,931,direct,4,183,183,True,0,603,20260921
0.89,932,direct,6,181,181,True,0,603,20260921
0.89,933,direct,1,184,184,True,0,603,20260921
0.89,934,direct,3,183,183,True,0,603,20260921
0.89,935,direct,2,185,185,True,0,603,20260921
0.89,936,direct,5,183,183,True,0,603,20260921
0.89,937,direct,5,180,180,True,0,603,20260921
0.89,938,direct,3,188,188,True,0,603,20260921
0.89,939,direct,6,185,185,True,0,603,20260921
0.89,940,direct,2,183,183,True,0,603,20260921
0.89,941,direct,3,188,188,True,0,603,20260921
0.89,942,direct,6,185,185,True,0,603,20260921
0.89,943,direct,7,186,186,True,0,603,20260921
0.89,944,direct,2,184,184,True,0,603,20260921
0.89,945,direct,1,185,185,True,0,603,20260921
0.89,946,direct,3,184,184,True,0,603,20260921
0.89,947,direct,1,185,185,True,0,603,20260921
0.89,948,direct,2,186,186,True,0,603,20260921
0.89,949,direct,0,184,184,True,0,603,20260921
0.89,950,direct,2,183,183,True,0,603,20260921
0.89,951,direct,0,184,184,True,0,603,20260921
0.89,952,direct,1,181,181,True,0,603,20260921
0.89,953,direct,3,178,178,True,0,603,20260921
0.89,954,direct,0,191,191,True,0,603,20260921
0.89,955,direct,1,181,181,True,0,603,20260921
0.89,956,direct,7,183,183,True,0,603,20260921
0.89,957,direct,1,181,181,True,0,603,20260921
0.89,958,direct,3,185,185,True,0,603,20260921
0.89,959,direct,1,183,183,True,0,603,20260921
0.89,960,direct,1,188,188,True,0,603,20260921
0.89,961,direct,4,186,186,True,0,603,20260921
0.89,962,direct,0,186,186,True,0,603,20260921
0.89,963,direct,1,185,185,True,0,603,20260921
0.89,964,direct,6,180,180,True,0,603,20260921
0.89,965,direct,2,188,188,True,0,603,20260921
0.89,966,direct,7,184,184,True,0,603,20260921
0.89,967,direct,4,182,182,True,0,603,20260921
0.89,968,direct,6,185,185,True,0,603,20260921
0.89,969,direct,2,182,182,True,0,603,20260921
0.89,970,direct,4,181,181,True,0,603,20260921
0.89,971,direct,2,185,185,True,0,603,20260921
0.89,972,direct,6,183,183,True,0,603,20260921
0.89,973,direct,2,184,184,True,0,603,20260921
0.89,974,direct,3,185,185,True,0,603,20260921
0.89,975,direct,4,184,184,True,0,603,20260921
0.89,976,direct,6,187,187,True,0,603,20260921
0.89,977,direct,0,184,184,True,0,603,20260921
0.89,978,direct,7,186,186,True,0,603,20260921
0.89,979,direct,1,184,184,True,0,603,20260921
0.89,980,direct,2,186,186,True,0,603,20260921
0.89,981,direct,2,184,184,True,0,603,20260921
0.89,982,direct,7,186,186,True,0,603,20260921
0.89,983,direct,0,185,185,True,0,603,20260921
0.89,984,direct,2,185,185,True,0,603,20260921
0.89,985,direct,4,181,181,True,0,603,20260921
0.89,986,direct,7,185,185,True,0,603,20260921
0.89,987,direct,2,187,187,True,0,603,20260921
0.89,988,direct,6,182,182,True,0,603,20260921
0.89,989,direct,2,181,181,True,0,603,20260921
0.89,990,direct,2,183,183,True,0,603,20260921
0.89,991,direct,4,185,185,True,0,603,20260921
0.89,992,direct,5,188,188,True,0,603,20260921
0.89,993,direct,2,186,186,True,0,603,20260921
0.89,994,direct,4,188,188,True,0,603,20260921
0.89,995,direct,4,182,182,True,0,603,20260921
0.89,996,direct,5,183,183,True,0,603,20260921
0.89,997,direct,7,186,186,True,0,603,20260921
0.89,998,direct,1,187,187,True,0,603,20260921
0.89,999,direct,4,182,182,True,0,603,20260921
0.89,0,fixed_repeated,4,186,186,False,,,20260921
0.89,1,fixed_repeated,2,183,183,False,,,20260921
0.89,2,fixed_repeated,3,188,188,False,,,20260921
0.89,3,fixed_repeated,4,184,184,False,,,20260921
0.89,4,fixed_repeated,4,185,185,False,,,20260921
0.89,5,fixed_repeated,7,184,184,False,,,20260921
0.89,6,fixed_repeated,2,184,184,False,,,20260921
0.89,7,fixed_repeated,0,183,183,False,,,20260921
0.89,8,fixed_repeated,4,187,187,False,,,20260921
0.89,9,fixed_repeated,1,185,185,False,,,20260921
0.89,10,fixed_repeated,1,185,185,False,,,20260921
0.89,11,fixed_repeated,2,185,185,False,,,20260921
0.89,12,fixed_repeated,2,184,184,False,,,20260921
0.89,13,fixed_repeated,2,182,182,False,,,20260921
0.89,14,fixed_repeated,7,187,187,False,,,20260921
0.89,15,fixed_repeated,3,183,183,False,,,20260921
0.89,16,fixed_repeated,1,188,188,False,,,20260921
0.89,17,fixed_repeated,0,187,187,False,,,20260921
0.89,18,fixed_repeated,0,182,182,False,,,20260921
0.89,19,fixed_repeated,2,183,183,False,,,20260921
0.89,20,fixed_repeated,0,182,182,False,,,20260921
0.89,21,fixed_repeated,1,183,183,False,,,20260921
0.89,22,fixed_repeated,5,182,182,False,,,20260921
0.89,23,fixed_repeated,3,183,183,False,,,20260921
0.89,24,fixed_repeated,4,182,182,False,,,20260921
0.89,25,fixed_repeated,5,184,184,False,,,20260921
0.89,26,fixed_repeated,3,185,185,False,,,20260921
0.89,27,fixed_repeated,5,184,184,False,,,20260921
0.89,28,fixed_repeated,0,185,185,False,,,20260921
0.89,29,fixed_repeated,1,185,185,False,,,20260921
0.89,30,fixed_repeated,6,187,187,False,,,20260921
0.89,31,fixed_repeated,0,181,181,False,,,20260921
0.89,32,fixed_repeated,1,183,183,False,,,20260921
0.89,33,fixed_repeated,4,184,184,False,,,20260921
0.89,34,fixed_repeated,5,183,183,False,,,20260921
0.89,35,fixed_repeated,3,186,186,False,,,20260921
0.89,36,fixed_repeated,1,183,183,False,,,20260921
0.89,37,fixed_repeated,2,181,181,False,,,20260921
0.89,38,fixed_repeated,3,183,183,False,,,20260921
0.89,39,fixed_repeated,0,184,184,False,,,20260921
0.89,40,fixed_repeated,0,184,184,False,,,20260921
0.89,41,fixed_repeated,0,183,183,False,,,20260921
0.89,42,fixed_repeated,2,184,184,False,,,20260921
0.89,43,fixed_repeated,7,184,184,False,,,20260921
0.89,44,fixed_repeated,4,187,187,False,,,20260921
0.89,45,fixed_repeated,0,184,184,False,,,20260921
0.89,46,fixed_repeated,5,189,189,False,,,20260921
0.89,47,fixed_repeated,2,186,186,False,,,20260921
0.89,48,fixed_repeated,6,185,185,False,,,20260921
0.89,49,fixed_repeated,3,181,181,False,,,20260921
0.89,50,fixed_repeated,0,180,180,False,,,20260921
0.89,51,fixed_repeated,1,182,182,False,,,20260921
0.89,52,fixed_repeated,2,188,188,False,,,20260921
0.89,53,fixed_repeated,1,187,187,False,,,20260921
0.89,54,fixed_repeated,6,185,185,False,,,20260921
0.89,55,fixed_repeated,5,185,185,False,,,20260921
0.89,56,fixed_repeated,2,183,183,False,,,20260921
0.89,57,fixed_repeated,5,185,185,False,,,20260921
0.89,58,fixed_repeated,1,186,186,False,,,20260921
0.89,59,fixed_repeated,7,188,188,False,,,20260921
0.89,60,fixed_repeated,3,191,191,True,141,1025,20260921
0.89,61,fixed_repeated,5,188,188,False,,,20260921
0.89,62,fixed_repeated,2,179,179,False,,,20260921
0.89,63,fixed_repeated,6,185,185,False,,,20260921
0.89,64,fixed_repeated,0,184,184,False,,,20260921
0.89,65,fixed_repeated,6,187,187,False,,,20260921
0.89,66,fixed_repeated,4,185,185,False,,,20260921
0.89,67,fixed_repeated,2,185,185,False,,,20260921
0.89,68,fixed_repeated,4,186,186,False,,,20260921
0.89,69,fixed_repeated,6,181,181,False,,,20260921
0.89,70,fixed_repeated,0,181,181,False,,,20260921
0.89,71,fixed_repeated,6,187,187,False,,,20260921
0.89,72,fixed_repeated,4,187,187,False,,,20260921
0.89,73,fixed_repeated,3,188,188,False,,,20260921
0.89,74,fixed_repeated,3,180,180,False,,,20260921
0.89,75,fixed_repeated,3,186,186,False,,,20260921
0.89,76,fixed_repeated,4,191,191,False,,,20260921
0.89,77,fixed_repeated,3,185,185,False,,,20260921
0.89,78,fixed_repeated,1,185,185,False,,,20260921
0.89,79,fixed_repeated,1,188,188,False,,,20260921
0.89,80,fixed_repeated,4,182,182,False,,,20260921
0.89,81,fixed_repeated,0,181,181,False,,,20260921
0.89,82,fixed_repeated,5,184,184,False,,,20260921
0.89,83,fixed_repeated,1,181,181,False,,,20260921
0.89,84,fixed_repeated,7,182,182,False,,,20260921
0.89,85,fixed_repeated,1,183,183,False,,,20260921
0.89,86,fixed_repeated,3,184,184,False,,,20260921
0.89,87,fixed_repeated,4,185,185,False,,,20260921
0.89,88,fixed_repeated,1,185,185,False,,,20260921
0.89,89,fixed_repeated,2,189,189,False,,,20260921
0.89,90,fixed_repeated,6,182,182,False,,,20260921
0.89,91,fixed_repeated,3,187,187,False,,,20260921
0.89,92,fixed_repeated,3,185,185,False,,,20260921
0.89,93,fixed_repeated,6,186,186,False,,,20260921
0.89,94,fixed_repeated,6,183,183,False,,,20260921
0.89,95,fixed_repeated,6,186,186,False,,,20260921
0.89,96,fixed_repeated,5,186,186,False,,,20260921
0.89,97,fixed_repeated,1,184,184,False,,,20260921
0.89,98,fixed_repeated,0,182,182,False,,,20260921
0.89,99,fixed_repeated,2,178,178,False,,,20260921
0.89,100,fixed_repeated,0,182,182,False,,,20260921
0.89,101,fixed_repeated,4,183,183,False,,,20260921
0.89,102,fixed_repeated,1,185,185,True,70,812,20260921
0.89,103,fixed_repeated,7,187,187,False,,,20260921
0.89,104,fixed_repeated,5,180,180,False,,,20260921
0.89,105,fixed_repeated,0,181,181,False,,,20260921
0.89,106,fixed_repeated,4,184,184,False,,,20260921
0.89,107,fixed_repeated,7,185,185,False,,,20260921
0.89,108,fixed_repeated,4,184,184,False,,,20260921
0.89,109,fixed_repeated,2,182,182,False,,,20260921
0.89,110,fixed_repeated,2,183,183,False,,,20260921
0.89,111,fixed_repeated,6,187,187,False,,,20260921
0.89,112,fixed_repeated,0,183,183,False,,,20260921
0.89,113,fixed_repeated,6,181,181,False,,,20260921
0.89,114,fixed_repeated,4,185,185,False,,,20260921
0.89,115,fixed_repeated,2,182,182,False,,,20260921
0.89,116,fixed_repeated,7,182,182,False,,,20260921
0.89,117,fixed_repeated,2,189,189,False,,,20260921
0.89,118,fixed_repeated,2,184,184,False,,,20260921
0.89,119,fixed_repeated,1,181,181,False,,,20260921
0.89,120,fixed_repeated,6,186,186,False,,,20260921
0.89,121,fixed_repeated,2,182,182,False,,,20260921
0.89,122,fixed_repeated,5,185,185,False,,,20260921
0.89,123,fixed_repeated,3,182,182,False,,,20260921
0.89,124,fixed_repeated,7,182,182,False,,,20260921
0.89,125,fixed_repeated,7,182,182,False,,,20260921
0.89,126,fixed_repeated,7,185,185,False,,,20260921
0.89,127,fixed_repeated,2,184,184,False,,,20260921
0.89,128,fixed_repeated,5,186,186,True,54,764,20260921
0.89,129,fixed_repeated,3,185,185,False,,,20260921
0.89,130,fixed_repeated,2,181,181,False,,,20260921
0.89,131,fixed_repeated,4,181,181,True,193,1181,20260921
0.89,132,fixed_repeated,2,180,180,False,,,20260921
0.89,133,fixed_repeated,0,180,180,False,,,20260921
0.89,134,fixed_repeated,5,184,184,False,,,20260921
0.89,135,fixed_repeated,3,181,181,False,,,20260921
0.89,136,fixed_repeated,4,188,188,False,,,20260921
0.89,137,fixed_repeated,7,185,185,False,,,20260921
0.89,138,fixed_repeated,5,181,181,False,,,20260921
0.89,139,fixed_repeated,0,183,183,True,36,710,20260921
0.89,140,fixed_repeated,5,184,184,False,,,20260921
0.89,141,fixed_repeated,1,179,179,False,,,20260921
0.89,142,fixed_repeated,0,183,183,False,,,20260921
0.89,143,fixed_repeated,5,184,184,False,,,20260921
0.89,144,fixed_repeated,7,183,183,False,,,20260921
0.89,145,fixed_repeated,6,184,184,False,,,20260921
0.89,146,fixed_repeated,0,183,183,False,,,20260921
0.89,147,fixed_repeated,2,185,185,False,,,20260921
0.89,148,fixed_repeated,1,183,183,False,,,20260921
0.89,149,fixed_repeated,3,181,181,False,,,20260921
0.89,150,fixed_repeated,4,182,182,False,,,20260921
0.89,151,fixed_repeated,0,185,185,False,,,20260921
0.89,152,fixed_repeated,5,187,187,False,,,20260921
0.89,153,fixed_repeated,0,183,183,False,,,20260921
0.89,154,fixed_repeated,5,184,184,False,,,20260921
0.89,155,fixed_repeated,6,184,184,False,,,20260921
0.89,156,fixed_repeated,1,191,191,False,,,20260921
0.89,157,fixed_repeated,5,183,183,False,,,20260921
0.89,158,fixed_repeated,2,184,184,False,,,20260921
0.89,159,fixed_repeated,0,183,183,False,,,20260921
0.89,160,fixed_repeated,7,188,188,False,,,20260921
0.89,161,fixed_repeated,3,187,187,False,,,20260921
0.89,162,fixed_repeated,3,182,182,False,,,20260921
0.89,163,fixed_repeated,6,189,189,False,,,20260921
0.89,164,fixed_repeated,5,182,182,False,,,20260921
0.89,165,fixed_repeated,5,186,186,False,,,20260921
0.89,166,fixed_repeated,0,186,186,False,,,20260921
0.89,167,fixed_repeated,6,185,185,False,,,20260921
0.89,168,fixed_repeated,3,184,184,False,,,20260921
0.89,169,fixed_repeated,7,188,188,False,,,20260921
0.89,170,fixed_repeated,6,184,184,False,,,20260921
0.89,171,fixed_repeated,2,185,185,False,,,20260921
0.89,172,fixed_repeated,0,186,186,False,,,20260921
0.89,173,fixed_repeated,0,183,183,True,85,857,20260921
0.89,174,fixed_repeated,4,184,184,False,,,20260921
0.89,175,fixed_repeated,1,184,184,False,,,20260921
0.89,176,fixed_repeated,7,183,183,False,,,20260921
0.89,177,fixed_repeated,5,187,187,False,,,20260921
0.89,178,fixed_repeated,0,184,184,False,,,20260921
0.89,179,fixed_repeated,1,184,184,False,,,20260921
0.89,180,fixed_repeated,1,184,184,False,,,20260921
0.89,181,fixed_repeated,0,185,185,False,,,20260921
0.89,182,fixed_repeated,4,182,182,False,,,20260921
0.89,183,fixed_repeated,2,187,187,False,,,20260921
0.89,184,fixed_repeated,0,181,181,False,,,20260921
0.89,185,fixed_repeated,6,182,182,False,,,20260921
0.89,186,fixed_repeated,3,186,186,False,,,20260921
0.89,187,fixed_repeated,2,187,187,False,,,20260921
0.89,188,fixed_repeated,1,188,188,False,,,20260921
0.89,189,fixed_repeated,4,182,182,False,,,20260921
0.89,190,fixed_repeated,1,180,180,False,,,20260921
0.89,191,fixed_repeated,7,184,184,False,,,20260921
0.89,192,fixed_repeated,7,188,188,False,,,20260921
0.89,193,fixed_repeated,6,188,188,False,,,20260921
0.89,194,fixed_repeated,2,184,184,False,,,20260921
0.89,195,fixed_repeated,0,185,185,False,,,20260921
0.89,196,fixed_repeated,5,186,186,False,,,20260921
0.89,197,fixed_repeated,0,183,183,False,,,20260921
0.89,198,fixed_repeated,4,185,185,False,,,20260921
0.89,199,fixed_repeated,4,188,188,True,267,1403,20260921
0.89,200,fixed_repeated,7,186,186,False,,,20260921
0.89,201,fixed_repeated,4,190,190,True,85,857,20260921
0.89,202,fixed_repeated,6,183,183,True,100,902,20260921
0.89,203,fixed_repeated,2,185,185,False,,,20260921
0.89,204,fixed_repeated,1,186,186,False,,,20260921
0.89,205,fixed_repeated,3,179,179,False,,,20260921
0.89,206,fixed_repeated,2,180,180,False,,,20260921
0.89,207,fixed_repeated,1,184,184,False,,,20260921
0.89,208,fixed_repeated,6,186,186,False,,,20260921
0.89,209,fixed_repeated,2,183,183,True,70,812,20260921
0.89,210,fixed_repeated,3,183,183,True,180,1142,20260921
0.89,211,fixed_repeated,0,181,181,False,,,20260921
0.89,212,fixed_repeated,6,185,185,False,,,20260921
0.89,213,fixed_repeated,6,183,183,False,,,20260921
0.89,214,fixed_repeated,3,184,184,False,,,20260921
0.89,215,fixed_repeated,7,181,181,False,,,20260921
0.89,216,fixed_repeated,0,184,184,False,,,20260921
0.89,217,fixed_repeated,3,183,183,False,,,20260921
0.89,218,fixed_repeated,1,181,181,False,,,20260921
0.89,219,fixed_repeated,4,184,184,False,,,20260921
0.89,220,fixed_repeated,6,188,188,False,,,20260921
0.89,221,fixed_repeated,6,181,181,False,,,20260921
0.89,222,fixed_repeated,2,182,182,False,,,20260921
0.89,223,fixed_repeated,4,187,187,False,,,20260921
0.89,224,fixed_repeated,3,181,181,False,,,20260921
0.89,225,fixed_repeated,2,182,182,False,,,20260921
0.89,226,fixed_repeated,3,185,185,False,,,20260921
0.89,227,fixed_repeated,0,185,185,False,,,20260921
0.89,228,fixed_repeated,1,187,187,True,206,1220,20260921
0.89,229,fixed_repeated,4,185,185,False,,,20260921
0.89,230,fixed_repeated,6,189,189,False,,,20260921
0.89,231,fixed_repeated,4,185,185,False,,,20260921
0.89,232,fixed_repeated,5,189,189,False,,,20260921
0.89,233,fixed_repeated,0,183,183,False,,,20260921
0.89,234,fixed_repeated,7,185,185,False,,,20260921
0.89,235,fixed_repeated,5,183,183,False,,,20260921
0.89,236,fixed_repeated,3,184,184,True,54,764,20260921
0.89,237,fixed_repeated,2,188,188,False,,,20260921
0.89,238,fixed_repeated,3,184,184,False,,,20260921
0.89,239,fixed_repeated,0,186,186,False,,,20260921
0.89,240,fixed_repeated,1,184,184,False,,,20260921
0.89,241,fixed_repeated,2,182,182,False,,,20260921
0.89,242,fixed_repeated,4,182,182,False,,,20260921
0.89,243,fixed_repeated,3,185,185,False,,,20260921
0.89,244,fixed_repeated,6,187,187,False,,,20260921
0.89,245,fixed_repeated,5,188,188,False,,,20260921
0.89,246,fixed_repeated,5,186,186,False,,,20260921
0.89,247,fixed_repeated,1,189,189,False,,,20260921
0.89,248,fixed_repeated,2,185,185,False,,,20260921
0.89,249,fixed_repeated,6,186,186,False,,,20260921
0.89,250,fixed_repeated,2,181,181,False,,,20260921
0.89,251,fixed_repeated,2,187,187,False,,,20260921
0.89,252,fixed_repeated,2,180,180,False,,,20260921
0.89,253,fixed_repeated,1,179,179,True,36,710,20260921
0.89,254,fixed_repeated,4,184,184,False,,,20260921
0.89,255,fixed_repeated,3,186,186,False,,,20260921
0.89,256,fixed_repeated,2,185,185,False,,,20260921
0.89,257,fixed_repeated,2,184,184,False,,,20260921
0.89,258,fixed_repeated,4,185,185,False,,,20260921
0.89,259,fixed_repeated,7,181,181,False,,,20260921
0.89,260,fixed_repeated,1,184,184,False,,,20260921
0.89,261,fixed_repeated,5,185,185,False,,,20260921
0.89,262,fixed_repeated,7,184,184,False,,,20260921
0.89,263,fixed_repeated,1,183,183,False,,,20260921
0.89,264,fixed_repeated,2,179,179,False,,,20260921
0.89,265,fixed_repeated,3,186,186,False,,,20260921
0.89,266,fixed_repeated,1,186,186,False,,,20260921
0.89,267,fixed_repeated,2,183,183,False,,,20260921
0.89,268,fixed_repeated,1,183,183,False,,,20260921
0.89,269,fixed_repeated,0,186,186,False,,,20260921
0.89,270,fixed_repeated,6,182,182,False,,,20260921
0.89,271,fixed_repeated,2,185,185,False,,,20260921
0.89,272,fixed_repeated,2,186,186,False,,,20260921
0.89,273,fixed_repeated,2,190,190,False,,,20260921
0.89,274,fixed_repeated,4,186,186,False,,,20260921
0.89,275,fixed_repeated,0,183,183,False,,,20260921
0.89,276,fixed_repeated,0,185,185,False,,,20260921
0.89,277,fixed_repeated,5,185,185,False,,,20260921
0.89,278,fixed_repeated,7,188,188,False,,,20260921
0.89,279,fixed_repeated,5,185,185,False,,,20260921
0.89,280,fixed_repeated,4,184,184,False,,,20260921
0.89,281,fixed_repeated,0,182,182,True,218,1256,20260921
0.89,282,fixed_repeated,2,185,185,False,,,20260921
0.89,283,fixed_repeated,2,184,184,True,316,1550,20260921
0.89,284,fixed_repeated,7,185,185,False,,,20260921
0.89,285,fixed_repeated,5,183,183,False,,,20260921
0.89,286,fixed_repeated,4,182,182,False,,,20260921
0.89,287,fixed_repeated,1,183,183,False,,,20260921
0.89,288,fixed_repeated,7,183,183,False,,,20260921
0.89,289,fixed_repeated,3,186,186,False,,,20260921
0.89,290,fixed_repeated,4,183,183,False,,,20260921
0.89,291,fixed_repeated,4,182,182,False,,,20260921
0.89,292,fixed_repeated,6,180,180,False,,,20260921
0.89,293,fixed_repeated,2,183,183,False,,,20260921
0.89,294,fixed_repeated,0,184,184,False,,,20260921
0.89,295,fixed_repeated,3,182,182,False,,,20260921
0.89,296,fixed_repeated,4,183,183,False,,,20260921
0.89,297,fixed_repeated,6,184,184,False,,,20260921
0.89,298,fixed_repeated,5,189,189,False,,,20260921
0.89,299,fixed_repeated,5,186,186,False,,,20260921
0.89,300,fixed_repeated,1,182,182,False,,,20260921
0.89,301,fixed_repeated,0,185,185,False,,,20260921
0.89,302,fixed_repeated,1,185,185,True,54,764,20260921
0.89,303,fixed_repeated,0,185,185,False,,,20260921
0.89,304,fixed_repeated,2,188,188,False,,,20260921
0.89,305,fixed_repeated,2,186,186,False,,,20260921
0.89,306,fixed_repeated,5,185,185,False,,,20260921
0.89,307,fixed_repeated,1,187,187,False,,,20260921
0.89,308,fixed_repeated,1,186,186,False,,,20260921
0.89,309,fixed_repeated,2,186,186,False,,,20260921
0.89,310,fixed_repeated,3,181,181,False,,,20260921
0.89,311,fixed_repeated,0,183,183,False,,,20260921
0.89,312,fixed_repeated,5,183,183,False,,,20260921
0.89,313,fixed_repeated,4,188,188,True,70,812,20260921
0.89,314,fixed_repeated,0,181,181,True,1747,5843,20260921
0.89,315,fixed_repeated,2,186,186,False,,,20260921
0.89,316,fixed_repeated,5,186,186,False,,,20260921
0.89,317,fixed_repeated,2,183,183,False,,,20260921
0.89,318,fixed_repeated,3,184,184,False,,,20260921
0.89,319,fixed_repeated,7,186,186,False,,,20260921
0.89,320,fixed_repeated,2,186,186,False,,,20260921
0.89,321,fixed_repeated,1,185,185,False,,,20260921
0.89,322,fixed_repeated,5,184,184,False,,,20260921
0.89,323,fixed_repeated,0,184,184,False,,,20260921
0.89,324,fixed_repeated,2,182,182,False,,,20260921
0.89,325,fixed_repeated,3,186,186,False,,,20260921
0.89,326,fixed_repeated,4,184,184,False,,,20260921
0.89,327,fixed_repeated,3,188,188,True,180,1142,20260921
0.89,328,fixed_repeated,3,185,185,False,,,20260921
0.89,329,fixed_repeated,4,187,187,False,,,20260921
0.89,330,fixed_repeated,6,185,185,False,,,20260921
0.89,331,fixed_repeated,2,184,184,False,,,20260921
0.89,332,fixed_repeated,3,187,187,False,,,20260921
0.89,333,fixed_repeated,3,185,185,False,,,20260921
0.89,334,fixed_repeated,6,183,183,False,,,20260921
0.89,335,fixed_repeated,4,184,184,False,,,20260921
0.89,336,fixed_repeated,0,189,189,False,,,20260921
0.89,337,fixed_repeated,4,187,187,True,127,983,20260921
0.89,338,fixed_repeated,6,185,185,False,,,20260921
0.89,339,fixed_repeated,2,183,183,False,,,20260921
0.89,340,fixed_repeated,3,187,187,False,,,20260921
0.89,341,fixed_repeated,6,184,184,False,,,20260921
0.89,342,fixed_repeated,7,187,187,False,,,20260921
0.89,343,fixed_repeated,4,186,186,True,100,902,20260921
0.89,344,fixed_repeated,3,188,188,False,,,20260921
0.89,345,fixed_repeated,4,187,187,False,,,20260921
0.89,346,fixed_repeated,3,183,183,False,,,20260921
0.89,347,fixed_repeated,6,182,182,False,,,20260921
0.89,348,fixed_repeated,3,181,181,False,,,20260921
0.89,349,fixed_repeated,6,186,186,False,,,20260921
0.89,350,fixed_repeated,7,183,183,False,,,20260921
0.89,351,fixed_repeated,0,183,183,False,,,20260921
0.89,352,fixed_repeated,3,185,185,False,,,20260921
0.89,353,fixed_repeated,5,184,184,False,,,20260921
0.89,354,fixed_repeated,4,182,182,False,,,20260921
0.89,355,fixed_repeated,1,185,185,True,36,710,20260921
0.89,356,fixed_repeated,2,183,183,False,,,20260921
0.89,357,fixed_repeated,5,184,184,False,,,20260921
0.89,358,fixed_repeated,3,184,184,False,,,20260921
0.89,359,fixed_repeated,0,184,184,True,70,812,20260921
0.89,360,fixed_repeated,4,182,182,False,,,20260921
0.89,361,fixed_repeated,0,186,186,False,,,20260921
0.89,362,fixed_repeated,5,181,181,False,,,20260921
0.89,363,fixed_repeated,0,186,186,False,,,20260921
0.89,364,fixed_repeated,1,188,188,False,,,20260921
0.89,365,fixed_repeated,2,188,188,False,,,20260921
0.89,366,fixed_repeated,0,186,186,False,,,20260921
0.89,367,fixed_repeated,4,186,186,False,,,20260921
0.89,368,fixed_repeated,1,182,182,True,618,2456,20260921
0.89,369,fixed_repeated,7,183,183,True,304,1514,20260921
0.89,370,fixed_repeated,4,182,182,False,,,20260921
0.89,371,fixed_repeated,4,185,185,False,,,20260921
0.89,372,fixed_repeated,3,186,186,False,,,20260921
0.89,373,fixed_repeated,0,181,181,False,,,20260921
0.89,374,fixed_repeated,5,184,184,False,,,20260921
0.89,375,fixed_repeated,2,183,183,False,,,20260921
0.89,376,fixed_repeated,4,186,186,False,,,20260921
0.89,377,fixed_repeated,0,185,185,False,,,20260921
0.89,378,fixed_repeated,0,181,181,False,,,20260921
0.89,379,fixed_repeated,0,187,187,False,,,20260921
0.89,380,fixed_repeated,7,188,188,False,,,20260921
0.89,381,fixed_repeated,6,184,184,False,,,20260921
0.89,382,fixed_repeated,6,184,184,False,,,20260921
0.89,383,fixed_repeated,3,184,184,False,,,20260921
0.89,384,fixed_repeated,3,187,187,False,,,20260921
0.89,385,fixed_repeated,3,184,184,False,,,20260921
0.89,386,fixed_repeated,3,187,187,False,,,20260921
0.89,387,fixed_repeated,0,188,188,False,,,20260921
0.89,388,fixed_repeated,5,182,182,False,,,20260921
0.89,389,fixed_repeated,4,182,182,False,,,20260921
0.89,390,fixed_repeated,1,187,187,False,,,20260921
0.89,391,fixed_repeated,0,186,186,False,,,20260921
0.89,392,fixed_repeated,6,182,182,False,,,20260921
0.89,393,fixed_repeated,7,185,185,False,,,20260921
0.89,394,fixed_repeated,2,182,182,True,36,710,20260921
0.89,395,fixed_repeated,2,183,183,False,,,20260921
0.89,396,fixed_repeated,0,186,186,False,,,20260921
0.89,397,fixed_repeated,3,180,180,False,,,20260921
0.89,398,fixed_repeated,5,189,189,False,,,20260921
0.89,399,fixed_repeated,4,180,180,False,,,20260921
0.89,400,fixed_repeated,5,183,183,False,,,20260921
0.89,401,fixed_repeated,5,185,185,False,,,20260921
0.89,402,fixed_repeated,0,183,183,False,,,20260921
0.89,403,fixed_repeated,7,181,181,False,,,20260921
0.89,404,fixed_repeated,1,181,181,False,,,20260921
0.89,405,fixed_repeated,7,181,181,False,,,20260921
0.89,406,fixed_repeated,0,186,186,False,,,20260921
0.89,407,fixed_repeated,7,184,184,False,,,20260921
0.89,408,fixed_repeated,1,188,188,False,,,20260921
0.89,409,fixed_repeated,5,182,182,False,,,20260921
0.89,410,fixed_repeated,0,181,181,False,,,20260921
0.89,411,fixed_repeated,3,188,188,False,,,20260921
0.89,412,fixed_repeated,0,184,184,False,,,20260921
0.89,413,fixed_repeated,3,184,184,False,,,20260921
0.89,414,fixed_repeated,2,185,185,False,,,20260921
0.89,415,fixed_repeated,1,181,181,False,,,20260921
0.89,416,fixed_repeated,7,186,186,False,,,20260921
0.89,417,fixed_repeated,1,185,185,False,,,20260921
0.89,418,fixed_repeated,6,181,181,False,,,20260921
0.89,419,fixed_repeated,5,185,185,False,,,20260921
0.89,420,fixed_repeated,2,184,184,False,,,20260921
0.89,421,fixed_repeated,1,182,182,False,,,20260921
0.89,422,fixed_repeated,7,187,187,False,,,20260921
0.89,423,fixed_repeated,3,182,182,False,,,20260921
0.89,424,fixed_repeated,1,183,183,False,,,20260921
0.89,425,fixed_repeated,4,183,183,False,,,20260921
0.89,426,fixed_repeated,7,186,186,False,,,20260921
0.89,427,fixed_repeated,7,183,183,False,,,20260921
0.89,428,fixed_repeated,3,184,184,False,,,20260921
0.89,429,fixed_repeated,3,183,183,False,,,20260921
0.89,430,fixed_repeated,0,186,186,False,,,20260921
0.89,431,fixed_repeated,7,182,182,False,,,20260921
0.89,432,fixed_repeated,5,182,182,False,,,20260921
0.89,433,fixed_repeated,6,179,179,False,,,20260921
0.89,434,fixed_repeated,1,183,183,False,,,20260921
0.89,435,fixed_repeated,6,183,183,False,,,20260921
0.89,436,fixed_repeated,4,189,189,False,,,20260921
0.89,437,fixed_repeated,3,185,185,False,,,20260921
0.89,438,fixed_repeated,1,185,185,False,,,20260921
0.89,439,fixed_repeated,5,184,184,False,,,20260921
0.89,440,fixed_repeated,1,191,191,False,,,20260921
0.89,441,fixed_repeated,7,183,183,False,,,20260921
0.89,442,fixed_repeated,4,183,183,False,,,20260921
0.89,443,fixed_repeated,3,182,182,False,,,20260921
0.89,444,fixed_repeated,4,184,184,False,,,20260921
0.89,445,fixed_repeated,2,184,184,True,114,944,20260921
0.89,446,fixed_repeated,7,184,184,False,,,20260921
0.89,447,fixed_repeated,3,185,185,False,,,20260921
0.89,448,fixed_repeated,2,184,184,False,,,20260921
0.89,449,fixed_repeated,6,187,187,False,,,20260921
0.89,450,fixed_repeated,1,182,182,False,,,20260921
0.89,451,fixed_repeated,2,184,184,False,,,20260921
0.89,452,fixed_repeated,4,182,182,False,,,20260921
0.89,453,fixed_repeated,6,181,181,False,,,20260921
0.89,454,fixed_repeated,5,179,179,False,,,20260921
0.89,455,fixed_repeated,0,190,190,False,,,20260921
0.89,456,fixed_repeated,5,190,190,False,,,20260921
0.89,457,fixed_repeated,0,181,181,False,,,20260921
0.89,458,fixed_repeated,0,182,182,False,,,20260921
0.89,459,fixed_repeated,4,185,185,False,,,20260921
0.89,460,fixed_repeated,2,186,186,False,,,20260921
0.89,461,fixed_repeated,2,187,187,True,663,2591,20260921
0.89,462,fixed_repeated,2,180,180,False,,,20260921
0.89,463,fixed_repeated,4,186,186,False,,,20260921
0.89,464,fixed_repeated,6,186,186,False,,,20260921
0.89,465,fixed_repeated,0,188,188,False,,,20260921
0.89,466,fixed_repeated,2,179,179,False,,,20260921
0.89,467,fixed_repeated,4,183,183,False,,,20260921
0.89,468,fixed_repeated,4,183,183,False,,,20260921
0.89,469,fixed_repeated,5,180,180,False,,,20260921
0.89,470,fixed_repeated,1,187,187,False,,,20260921
0.89,471,fixed_repeated,6,186,186,False,,,20260921
0.89,472,fixed_repeated,5,189,189,False,,,20260921
0.89,473,fixed_repeated,7,185,185,False,,,20260921
0.89,474,fixed_repeated,6,188,188,True,434,1904,20260921
0.89,475,fixed_repeated,2,187,187,True,100,902,20260921
0.89,476,fixed_repeated,0,185,185,False,,,20260921
0.89,477,fixed_repeated,6,185,185,False,,,20260921
0.89,478,fixed_repeated,2,182,182,False,,,20260921
0.89,479,fixed_repeated,5,184,184,False,,,20260921
0.89,480,fixed_repeated,2,180,180,False,,,20260921
0.89,481,fixed_repeated,1,185,185,False,,,20260921
0.89,482,fixed_repeated,4,182,182,False,,,20260921
0.89,483,fixed_repeated,6,185,185,False,,,20260921
0.89,484,fixed_repeated,7,180,180,False,,,20260921
0.89,485,fixed_repeated,2,183,183,True,54,764,20260921
0.89,486,fixed_repeated,4,184,184,True,480,2042,20260921
0.89,487,fixed_repeated,1,183,183,False,,,20260921
0.89,488,fixed_repeated,5,182,182,False,,,20260921
0.89,489,fixed_repeated,0,185,185,False,,,20260921
0.89,490,fixed_repeated,0,185,185,True,218,1256,20260921
0.89,491,fixed_repeated,7,184,184,False,,,20260921
0.89,492,fixed_repeated,6,183,183,False,,,20260921
0.89,493,fixed_repeated,7,187,187,False,,,20260921
0.89,494,fixed_repeated,5,182,182,False,,,20260921
0.89,495,fixed_repeated,1,182,182,False,,,20260921
0.89,496,fixed_repeated,3,188,188,False,,,20260921
0.89,497,fixed_repeated,1,188,188,False,,,20260921
0.89,498,fixed_repeated,5,182,182,False,,,20260921
0.89,499,fixed_repeated,1,184,184,False,,,20260921
0.89,500,fixed_repeated,4,182,182,False,,,20260921
0.89,501,fixed_repeated,7,187,187,False,,,20260921
0.89,502,fixed_repeated,2,186,186,False,,,20260921
0.89,503,fixed_repeated,0,189,189,False,,,20260921
0.89,504,fixed_repeated,4,183,183,False,,,20260921
0.89,505,fixed_repeated,7,184,184,False,,,20260921
0.89,506,fixed_repeated,2,186,186,False,,,20260921
0.89,507,fixed_repeated,3,190,190,False,,,20260921
0.89,508,fixed_repeated,6,187,187,False,,,20260921
0.89,509,fixed_repeated,5,183,183,False,,,20260921
0.89,510,fixed_repeated,7,184,184,False,,,20260921
0.89,511,fixed_repeated,1,183,183,False,,,20260921
0.89,512,fixed_repeated,0,183,183,False,,,20260921
0.89,513,fixed_repeated,0,180,180,False,,,20260921
0.89,514,fixed_repeated,5,185,185,False,,,20260921
0.89,515,fixed_repeated,6,183,183,False,,,20260921
0.89,516,fixed_repeated,3,185,185,False,,,20260921
0.89,517,fixed_repeated,1,181,181,False,,,20260921
0.89,518,fixed_repeated,7,183,183,False,,,20260921
0.89,519,fixed_repeated,5,184,184,False,,,20260921
0.89,520,fixed_repeated,0,181,181,False,,,20260921
0.89,521,fixed_repeated,3,187,187,False,,,20260921
0.89,522,fixed_repeated,7,180,180,False,,,20260921
0.89,523,fixed_repeated,7,183,183,False,,,20260921
0.89,524,fixed_repeated,5,186,186,False,,,20260921
0.89,525,fixed_repeated,4,183,183,False,,,20260921
0.89,526,fixed_repeated,4,180,180,False,,,20260921
0.89,527,fixed_repeated,6,186,186,False,,,20260921
0.89,528,fixed_repeated,3,184,184,False,,,20260921
0.89,529,fixed_repeated,0,181,181,False,,,20260921
0.89,530,fixed_repeated,4,186,186,False,,,20260921
0.89,531,fixed_repeated,0,186,186,False,,,20260921
0.89,532,fixed_repeated,4,181,181,False,,,20260921
0.89,533,fixed_repeated,1,185,185,False,,,20260921
0.89,534,fixed_repeated,5,184,184,False,,,20260921
0.89,535,fixed_repeated,1,185,185,False,,,20260921
0.89,536,fixed_repeated,4,183,183,False,,,20260921
0.89,537,fixed_repeated,3,184,184,False,,,20260921
0.89,538,fixed_repeated,6,184,184,False,,,20260921
0.89,539,fixed_repeated,7,182,182,False,,,20260921
0.89,540,fixed_repeated,3,183,183,True,36,710,20260921
0.89,541,fixed_repeated,1,187,187,False,,,20260921
0.89,542,fixed_repeated,6,187,187,False,,,20260921
0.89,543,fixed_repeated,5,179,179,False,,,20260921
0.89,544,fixed_repeated,2,184,184,False,,,20260921
0.89,545,fixed_repeated,7,185,185,False,,,20260921
0.89,546,fixed_repeated,4,182,182,False,,,20260921
0.89,547,fixed_repeated,4,182,182,False,,,20260921
0.89,548,fixed_repeated,4,183,183,False,,,20260921
0.89,549,fixed_repeated,5,182,182,False,,,20260921
0.89,550,fixed_repeated,1,188,188,False,,,20260921
0.89,551,fixed_repeated,5,184,184,False,,,20260921
0.89,552,fixed_repeated,7,188,188,False,,,20260921
0.89,553,fixed_repeated,7,190,190,False,,,20260921
0.89,554,fixed_repeated,2,185,185,False,,,20260921
0.89,555,fixed_repeated,4,180,180,False,,,20260921
0.89,556,fixed_repeated,6,185,185,False,,,20260921
0.89,557,fixed_repeated,7,183,183,False,,,20260921
0.89,558,fixed_repeated,7,183,183,False,,,20260921
0.89,559,fixed_repeated,0,182,182,False,,,20260921
0.89,560,fixed_repeated,1,188,188,True,255,1367,20260921
0.89,561,fixed_repeated,1,187,187,False,,,20260921
0.89,562,fixed_repeated,7,184,184,False,,,20260921
0.89,563,fixed_repeated,1,185,185,False,,,20260921
0.89,564,fixed_repeated,1,188,188,False,,,20260921
0.89,565,fixed_repeated,2,186,186,False,,,20260921
0.89,566,fixed_repeated,1,183,183,False,,,20260921
0.89,567,fixed_repeated,3,181,181,False,,,20260921
0.89,568,fixed_repeated,1,185,185,False,,,20260921
0.89,569,fixed_repeated,4,187,187,False,,,20260921
0.89,570,fixed_repeated,4,185,185,False,,,20260921
0.89,571,fixed_repeated,4,186,186,False,,,20260921
0.89,572,fixed_repeated,7,186,186,False,,,20260921
0.89,573,fixed_repeated,0,183,183,False,,,20260921
0.89,574,fixed_repeated,7,184,184,False,,,20260921
0.89,575,fixed_repeated,2,185,185,False,,,20260921
0.89,576,fixed_repeated,6,186,186,False,,,20260921
0.89,577,fixed_repeated,3,182,182,True,141,1025,20260921
0.89,578,fixed_repeated,2,184,184,False,,,20260921
0.89,579,fixed_repeated,4,184,184,False,,,20260921
0.89,580,fixed_repeated,7,184,184,False,,,20260921
0.89,581,fixed_repeated,4,185,185,False,,,20260921
0.89,582,fixed_repeated,2,182,182,False,,,20260921
0.89,583,fixed_repeated,3,181,181,False,,,20260921
0.89,584,fixed_repeated,3,185,185,False,,,20260921
0.89,585,fixed_repeated,5,182,182,False,,,20260921
0.89,586,fixed_repeated,1,188,188,False,,,20260921
0.89,587,fixed_repeated,5,184,184,False,,,20260921
0.89,588,fixed_repeated,1,185,185,False,,,20260921
0.89,589,fixed_repeated,4,184,184,False,,,20260921
0.89,590,fixed_repeated,2,181,181,False,,,20260921
0.89,591,fixed_repeated,0,180,180,False,,,20260921
0.89,592,fixed_repeated,4,183,183,False,,,20260921
0.89,593,fixed_repeated,4,184,184,False,,,20260921
0.89,594,fixed_repeated,4,186,186,True,154,1064,20260921
0.89,595,fixed_repeated,0,185,185,False,,,20260921
0.89,596,fixed_repeated,5,182,182,False,,,20260921
0.89,597,fixed_repeated,7,184,184,False,,,20260921
0.89,598,fixed_repeated,2,183,183,False,,,20260921
0.89,599,fixed_repeated,1,185,185,False,,,20260921
0.89,600,fixed_repeated,1,184,184,False,,,20260921
0.89,601,fixed_repeated,1,186,186,True,54,764,20260921
0.89,602,fixed_repeated,2,182,182,False,,,20260921
0.89,603,fixed_repeated,4,183,183,False,,,20260921
0.89,604,fixed_repeated,2,188,188,False,,,20260921
0.89,605,fixed_repeated,3,187,187,False,,,20260921
0.89,606,fixed_repeated,4,185,185,False,,,20260921
0.89,607,fixed_repeated,4,186,186,False,,,20260921
0.89,608,fixed_repeated,3,190,190,True,127,983,20260921
0.89,609,fixed_repeated,0,187,187,False,,,20260921
0.89,610,fixed_repeated,2,183,183,False,,,20260921
0.89,611,fixed_repeated,7,183,183,False,,,20260921
0.89,612,fixed_repeated,1,182,182,False,,,20260921
0.89,613,fixed_repeated,3,184,184,False,,,20260921
0.89,614,fixed_repeated,5,187,187,False,,,20260921
0.89,615,fixed_repeated,6,181,181,False,,,20260921
0.89,616,fixed_repeated,2,183,183,False,,,20260921
0.89,617,fixed_repeated,4,186,186,False,,,20260921
0.89,618,fixed_repeated,1,185,185,False,,,20260921
0.89,619,fixed_repeated,7,181,181,False,,,20260921
0.89,620,fixed_repeated,0,181,181,False,,,20260921
0.89,621,fixed_repeated,4,186,186,False,,,20260921
0.89,622,fixed_repeated,0,178,178,False,,,20260921
0.89,623,fixed_repeated,5,181,181,False,,,20260921
0.89,624,fixed_repeated,6,188,188,False,,,20260921
0.89,625,fixed_repeated,1,184,184,True,36,710,20260921
0.89,626,fixed_repeated,2,185,185,False,,,20260921
0.89,627,fixed_repeated,4,186,186,False,,,20260921
0.89,628,fixed_repeated,1,183,183,False,,,20260921
0.89,629,fixed_repeated,4,179,179,False,,,20260921
0.89,630,fixed_repeated,7,190,190,False,,,20260921
0.89,631,fixed_repeated,1,191,191,False,,,20260921
0.89,632,fixed_repeated,4,184,184,False,,,20260921
0.89,633,fixed_repeated,4,180,180,False,,,20260921
0.89,634,fixed_repeated,5,182,182,False,,,20260921
0.89,635,fixed_repeated,4,182,182,False,,,20260921
0.89,636,fixed_repeated,0,181,181,False,,,20260921
0.89,637,fixed_repeated,6,183,183,False,,,20260921
0.89,638,fixed_repeated,0,182,182,False,,,20260921
0.89,639,fixed_repeated,0,184,184,False,,,20260921
0.89,640,fixed_repeated,0,185,185,False,,,20260921
0.89,641,fixed_repeated,7,187,187,False,,,20260921
0.89,642,fixed_repeated,4,185,185,False,,,20260921
0.89,643,fixed_repeated,1,184,184,True,167,1103,20260921
0.89,644,fixed_repeated,2,183,183,True,809,3029,20260921
0.89,645,fixed_repeated,3,182,182,False,,,20260921
0.89,646,fixed_repeated,2,186,186,False,,,20260921
0.89,647,fixed_repeated,4,189,189,False,,,20260921
0.89,648,fixed_repeated,0,186,186,False,,,20260921
0.89,649,fixed_repeated,1,181,181,False,,,20260921
0.89,650,fixed_repeated,1,186,186,False,,,20260921
0.89,651,fixed_repeated,1,182,182,False,,,20260921
0.89,652,fixed_repeated,0,184,184,False,,,20260921
0.89,653,fixed_repeated,5,189,189,False,,,20260921
0.89,654,fixed_repeated,3,185,185,False,,,20260921
0.89,655,fixed_repeated,7,186,186,False,,,20260921
0.89,656,fixed_repeated,0,182,182,False,,,20260921
0.89,657,fixed_repeated,7,184,184,False,,,20260921
0.89,658,fixed_repeated,4,184,184,False,,,20260921
0.89,659,fixed_repeated,1,182,182,False,,,20260921
0.89,660,fixed_repeated,0,179,179,False,,,20260921
0.89,661,fixed_repeated,3,188,188,False,,,20260921
0.89,662,fixed_repeated,3,183,183,False,,,20260921
0.89,663,fixed_repeated,1,186,186,False,,,20260921
0.89,664,fixed_repeated,0,187,187,False,,,20260921
0.89,665,fixed_repeated,3,187,187,False,,,20260921
0.89,666,fixed_repeated,5,183,183,False,,,20260921
0.89,667,fixed_repeated,4,187,187,True,1887,6263,20260921
0.89,668,fixed_repeated,3,181,181,False,,,20260921
0.89,669,fixed_repeated,1,185,185,False,,,20260921
0.89,670,fixed_repeated,3,181,181,False,,,20260921
0.89,671,fixed_repeated,6,189,189,False,,,20260921
0.89,672,fixed_repeated,5,184,184,False,,,20260921
0.89,673,fixed_repeated,0,184,184,False,,,20260921
0.89,674,fixed_repeated,4,182,182,False,,,20260921
0.89,675,fixed_repeated,4,188,188,False,,,20260921
0.89,676,fixed_repeated,6,184,184,False,,,20260921
0.89,677,fixed_repeated,0,186,186,False,,,20260921
0.89,678,fixed_repeated,1,186,186,False,,,20260921
0.89,679,fixed_repeated,7,181,181,False,,,20260921
0.89,680,fixed_repeated,2,183,183,False,,,20260921
0.89,681,fixed_repeated,7,186,186,False,,,20260921
0.89,682,fixed_repeated,7,189,189,False,,,20260921
0.89,683,fixed_repeated,4,186,186,False,,,20260921
0.89,684,fixed_repeated,5,183,183,False,,,20260921
0.89,685,fixed_repeated,1,184,184,False,,,20260921
0.89,686,fixed_repeated,7,184,184,False,,,20260921
0.89,687,fixed_repeated,6,182,182,False,,,20260921
0.89,688,fixed_repeated,5,181,181,False,,,20260921
0.89,689,fixed_repeated,7,187,187,False,,,20260921
0.89,690,fixed_repeated,2,184,184,False,,,20260921
0.89,691,fixed_repeated,3,185,185,False,,,20260921
0.89,692,fixed_repeated,1,181,181,False,,,20260921
0.89,693,fixed_repeated,3,184,184,False,,,20260921
0.89,694,fixed_repeated,7,186,186,False,,,20260921
0.89,695,fixed_repeated,5,181,181,False,,,20260921
0.89,696,fixed_repeated,1,184,184,False,,,20260921
0.89,697,fixed_repeated,2,181,181,False,,,20260921
0.89,698,fixed_repeated,0,182,182,False,,,20260921
0.89,699,fixed_repeated,4,186,186,False,,,20260921
0.89,700,fixed_repeated,5,182,182,False,,,20260921
0.89,701,fixed_repeated,1,188,188,False,,,20260921
0.89,702,fixed_repeated,0,180,180,False,,,20260921
0.89,703,fixed_repeated,0,183,183,False,,,20260921
0.89,704,fixed_repeated,7,187,187,False,,,20260921
0.89,705,fixed_repeated,7,188,188,False,,,20260921
0.89,706,fixed_repeated,5,179,179,False,,,20260921
0.89,707,fixed_repeated,4,184,184,False,,,20260921
0.89,708,fixed_repeated,1,185,185,False,,,20260921
0.89,709,fixed_repeated,3,185,185,False,,,20260921
0.89,710,fixed_repeated,7,184,184,False,,,20260921
0.89,711,fixed_repeated,6,180,180,False,,,20260921
0.89,712,fixed_repeated,0,185,185,False,,,20260921
0.89,713,fixed_repeated,5,187,187,False,,,20260921
0.89,714,fixed_repeated,1,183,183,False,,,20260921
0.89,715,fixed_repeated,2,181,181,False,,,20260921
0.89,716,fixed_repeated,2,184,184,False,,,20260921
0.89,717,fixed_repeated,3,185,185,False,,,20260921
0.89,718,fixed_repeated,3,185,185,False,,,20260921
0.89,719,fixed_repeated,0,181,181,False,,,20260921
0.89,720,fixed_repeated,5,182,182,False,,,20260921
0.89,721,fixed_repeated,1,185,185,False,,,20260921
0.89,722,fixed_repeated,4,179,179,False,,,20260921
0.89,723,fixed_repeated,0,181,181,False,,,20260921
0.89,724,fixed_repeated,2,181,181,False,,,20260921
0.89,725,fixed_repeated,4,186,186,False,,,20260921
0.89,726,fixed_repeated,3,188,188,False,,,20260921
0.89,727,fixed_repeated,7,182,182,False,,,20260921
0.89,728,fixed_repeated,4,188,188,False,,,20260921
0.89,729,fixed_repeated,0,183,183,False,,,20260921
0.89,730,fixed_repeated,5,184,184,False,,,20260921
0.89,731,fixed_repeated,6,184,184,False,,,20260921
0.89,732,fixed_repeated,4,183,183,False,,,20260921
0.89,733,fixed_repeated,0,182,182,False,,,20260921
0.89,734,fixed_repeated,3,188,188,True,70,812,20260921
0.89,735,fixed_repeated,1,181,181,False,,,20260921
0.89,736,fixed_repeated,0,181,181,False,,,20260921
0.89,737,fixed_repeated,7,186,186,False,,,20260921
0.89,738,fixed_repeated,5,182,182,False,,,20260921
0.89,739,fixed_repeated,0,187,187,False,,,20260921
0.89,740,fixed_repeated,5,185,185,False,,,20260921
0.89,741,fixed_repeated,5,185,185,False,,,20260921
0.89,742,fixed_repeated,0,184,184,False,,,20260921
0.89,743,fixed_repeated,7,187,187,False,,,20260921
0.89,744,fixed_repeated,0,185,185,False,,,20260921
0.89,745,fixed_repeated,1,180,180,False,,,20260921
0.89,746,fixed_repeated,5,185,185,False,,,20260921
0.89,747,fixed_repeated,0,183,183,False,,,20260921
0.89,748,fixed_repeated,3,187,187,False,,,20260921
0.89,749,fixed_repeated,0,187,187,False,,,20260921
0.89,750,fixed_repeated,1,181,181,True,206,1220,20260921
0.89,751,fixed_repeated,7,184,184,True,114,944,20260921
0.89,752,fixed_repeated,0,181,181,False,,,20260921
0.89,753,fixed_repeated,1,185,185,False,,,20260921
0.89,754,fixed_repeated,6,185,185,False,,,20260921
0.89,755,fixed_repeated,1,185,185,False,,,20260921
0.89,756,fixed_repeated,3,186,186,False,,,20260921
0.89,757,fixed_repeated,1,183,183,False,,,20260921
0.89,758,fixed_repeated,6,185,185,False,,,20260921
0.89,759,fixed_repeated,6,188,188,False,,,20260921
0.89,760,fixed_repeated,5,185,185,False,,,20260921
0.89,761,fixed_repeated,4,186,186,False,,,20260921
0.89,762,fixed_repeated,4,187,187,False,,,20260921
0.89,763,fixed_repeated,6,185,185,False,,,20260921
0.89,764,fixed_repeated,0,184,184,False,,,20260921
0.89,765,fixed_repeated,3,185,185,False,,,20260921
0.89,766,fixed_repeated,1,182,182,False,,,20260921
0.89,767,fixed_repeated,2,182,182,False,,,20260921
0.89,768,fixed_repeated,4,183,183,False,,,20260921
0.89,769,fixed_repeated,7,184,184,False,,,20260921
0.89,770,fixed_repeated,1,184,184,False,,,20260921
0.89,771,fixed_repeated,3,189,189,False,,,20260921
0.89,772,fixed_repeated,0,185,185,False,,,20260921
0.89,773,fixed_repeated,4,183,183,False,,,20260921
0.89,774,fixed_repeated,4,187,187,False,,,20260921
0.89,775,fixed_repeated,3,184,184,False,,,20260921
0.89,776,fixed_repeated,7,193,193,False,,,20260921
0.89,777,fixed_repeated,0,187,187,False,,,20260921
0.89,778,fixed_repeated,4,186,186,False,,,20260921
0.89,779,fixed_repeated,6,190,190,False,,,20260921
0.89,780,fixed_repeated,2,184,184,False,,,20260921
0.89,781,fixed_repeated,4,187,187,False,,,20260921
0.89,782,fixed_repeated,2,183,183,False,,,20260921
0.89,783,fixed_repeated,2,188,188,False,,,20260921
0.89,784,fixed_repeated,6,186,186,False,,,20260921
0.89,785,fixed_repeated,0,185,185,False,,,20260921
0.89,786,fixed_repeated,4,181,181,False,,,20260921
0.89,787,fixed_repeated,0,183,183,False,,,20260921
0.89,788,fixed_repeated,2,184,184,False,,,20260921
0.89,789,fixed_repeated,0,182,182,False,,,20260921
0.89,790,fixed_repeated,0,184,184,False,,,20260921
0.89,791,fixed_repeated,1,183,183,False,,,20260921
0.89,792,fixed_repeated,3,184,184,False,,,20260921
0.89,793,fixed_repeated,0,179,179,False,,,20260921
0.89,794,fixed_repeated,6,182,182,False,,,20260921
0.89,795,fixed_repeated,2,183,183,False,,,20260921
0.89,796,fixed_repeated,1,187,187,False,,,20260921
0.89,797,fixed_repeated,1,183,183,False,,,20260921
0.89,798,fixed_repeated,7,182,182,False,,,20260921
0.89,799,fixed_repeated,2,186,186,False,,,20260921
0.89,800,fixed_repeated,2,188,188,False,,,20260921
0.89,801,fixed_repeated,2,180,180,False,,,20260921
0.89,802,fixed_repeated,5,182,182,False,,,20260921
0.89,803,fixed_repeated,1,181,181,False,,,20260921
0.89,804,fixed_repeated,1,185,185,False,,,20260921
0.89,805,fixed_repeated,2,182,182,False,,,20260921
0.89,806,fixed_repeated,4,181,181,False,,,20260921
0.89,807,fixed_repeated,3,182,182,False,,,20260921
0.89,808,fixed_repeated,4,183,183,False,,,20260921
0.89,809,fixed_repeated,0,183,183,False,,,20260921
0.89,810,fixed_repeated,0,186,186,False,,,20260921
0.89,811,fixed_repeated,3,186,186,False,,,20260921
0.89,812,fixed_repeated,0,190,190,False,,,20260921
0.89,813,fixed_repeated,4,187,187,False,,,20260921
0.89,814,fixed_repeated,7,186,186,False,,,20260921
0.89,815,fixed_repeated,6,181,181,False,,,20260921
0.89,816,fixed_repeated,6,184,184,False,,,20260921
0.89,817,fixed_repeated,5,187,187,False,,,20260921
0.89,818,fixed_repeated,2,185,185,False,,,20260921
0.89,819,fixed_repeated,3,187,187,False,,,20260921
0.89,820,fixed_repeated,1,184,184,False,,,20260921
0.89,821,fixed_repeated,1,185,185,True,36,710,20260921
0.89,822,fixed_repeated,6,184,184,False,,,20260921
0.89,823,fixed_repeated,4,182,182,False,,,20260921
0.89,824,fixed_repeated,0,182,182,False,,,20260921
0.89,825,fixed_repeated,5,184,184,False,,,20260921
0.89,826,fixed_repeated,5,185,185,False,,,20260921
0.89,827,fixed_repeated,6,187,187,False,,,20260921
0.89,828,fixed_repeated,6,188,188,False,,,20260921
0.89,829,fixed_repeated,1,183,183,False,,,20260921
0.89,830,fixed_repeated,1,185,185,False,,,20260921
0.89,831,fixed_repeated,0,181,181,False,,,20260921
0.89,832,fixed_repeated,5,184,184,False,,,20260921
0.89,833,fixed_repeated,5,188,188,False,,,20260921
0.89,834,fixed_repeated,1,189,189,False,,,20260921
0.89,835,fixed_repeated,4,185,185,False,,,20260921
0.89,836,fixed_repeated,3,184,184,False,,,20260921
0.89,837,fixed_repeated,2,183,183,False,,,20260921
0.89,838,fixed_repeated,2,186,186,False,,,20260921
0.89,839,fixed_repeated,5,186,186,False,,,20260921
0.89,840,fixed_repeated,0,181,181,False,,,20260921
0.89,841,fixed_repeated,0,185,185,False,,,20260921
0.89,842,fixed_repeated,0,184,184,False,,,20260921
0.89,843,fixed_repeated,3,186,186,False,,,20260921
0.89,844,fixed_repeated,1,181,181,False,,,20260921
0.89,845,fixed_repeated,6,185,185,False,,,20260921
0.89,846,fixed_repeated,2,183,183,False,,,20260921
0.89,847,fixed_repeated,6,181,181,False,,,20260921
0.89,848,fixed_repeated,5,183,183,False,,,20260921
0.89,849,fixed_repeated,0,179,179,False,,,20260921
0.89,850,fixed_repeated,6,182,182,False,,,20260921
0.89,851,fixed_repeated,7,182,182,False,,,20260921
0.89,852,fixed_repeated,1,181,181,False,,,20260921
0.89,853,fixed_repeated,0,187,187,False,,,20260921
0.89,854,fixed_repeated,6,186,186,False,,,20260921
0.89,855,fixed_repeated,2,182,182,False,,,20260921
0.89,856,fixed_repeated,3,184,184,False,,,20260921
0.89,857,fixed_repeated,6,180,180,False,,,20260921
0.89,858,fixed_repeated,6,183,183,False,,,20260921
0.89,859,fixed_repeated,4,183,183,False,,,20260921
0.89,860,fixed_repeated,1,187,187,False,,,20260921
0.89,861,fixed_repeated,3,185,185,False,,,20260921
0.89,862,fixed_repeated,2,188,188,True,141,1025,20260921
0.89,863,fixed_repeated,3,182,182,True,85,857,20260921
0.89,864,fixed_repeated,6,182,182,False,,,20260921
0.89,865,fixed_repeated,1,186,186,False,,,20260921
0.89,866,fixed_repeated,6,186,186,False,,,20260921
0.89,867,fixed_repeated,3,181,181,False,,,20260921
0.89,868,fixed_repeated,2,188,188,False,,,20260921
0.89,869,fixed_repeated,4,183,183,False,,,20260921
0.89,870,fixed_repeated,4,185,185,False,,,20260921
0.89,871,fixed_repeated,3,179,179,False,,,20260921
0.89,872,fixed_repeated,0,180,180,False,,,20260921
0.89,873,fixed_repeated,3,183,183,False,,,20260921
0.89,874,fixed_repeated,5,187,187,False,,,20260921
0.89,875,fixed_repeated,1,183,183,False,,,20260921
0.89,876,fixed_repeated,3,188,188,False,,,20260921
0.89,877,fixed_repeated,2,179,179,False,,,20260921
0.89,878,fixed_repeated,0,182,182,False,,,20260921
0.89,879,fixed_repeated,5,186,186,False,,,20260921
0.89,880,fixed_repeated,2,185,185,False,,,20260921
0.89,881,fixed_repeated,2,188,188,True,36,710,20260921
0.89,882,fixed_repeated,5,180,180,False,,,20260921
0.89,883,fixed_repeated,5,180,180,False,,,20260921
0.89,884,fixed_repeated,2,185,185,False,,,20260921
0.89,885,fixed_repeated,1,181,181,False,,,20260921
0.89,886,fixed_repeated,6,187,187,False,,,20260921
0.89,887,fixed_repeated,2,183,183,False,,,20260921
0.89,888,fixed_repeated,2,180,180,False,,,20260921
0.89,889,fixed_repeated,0,187,187,False,,,20260921
0.89,890,fixed_repeated,4,188,188,False,,,20260921
0.89,891,fixed_repeated,6,181,181,False,,,20260921
0.89,892,fixed_repeated,7,181,181,False,,,20260921
0.89,893,fixed_repeated,1,183,183,False,,,20260921
0.89,894,fixed_repeated,3,185,185,False,,,20260921
0.89,895,fixed_repeated,6,185,185,False,,,20260921
0.89,896,fixed_repeated,6,184,184,False,,,20260921
0.89,897,fixed_repeated,7,184,184,False,,,20260921
0.89,898,fixed_repeated,1,182,182,False,,,20260921
0.89,899,fixed_repeated,7,184,184,False,,,20260921
0.89,900,fixed_repeated,3,185,185,False,,,20260921
0.89,901,fixed_repeated,3,183,183,False,,,20260921
0.89,902,fixed_repeated,0,182,182,False,,,20260921
0.89,903,fixed_repeated,7,184,184,False,,,20260921
0.89,904,fixed_repeated,7,183,183,False,,,20260921
0.89,905,fixed_repeated,1,185,185,False,,,20260921
0.89,906,fixed_repeated,3,183,183,False,,,20260921
0.89,907,fixed_repeated,1,190,190,False,,,20260921
0.89,908,fixed_repeated,4,182,182,False,,,20260921
0.89,909,fixed_repeated,1,187,187,False,,,20260921
0.89,910,fixed_repeated,2,187,187,False,,,20260921
0.89,911,fixed_repeated,0,186,186,False,,,20260921
0.89,912,fixed_repeated,5,185,185,False,,,20260921
0.89,913,fixed_repeated,2,180,180,False,,,20260921
0.89,914,fixed_repeated,6,186,186,False,,,20260921
0.89,915,fixed_repeated,2,188,188,True,70,812,20260921
0.89,916,fixed_repeated,5,191,191,False,,,20260921
0.89,917,fixed_repeated,0,187,187,False,,,20260921
0.89,918,fixed_repeated,3,182,182,False,,,20260921
0.89,919,fixed_repeated,2,181,181,False,,,20260921
0.89,920,fixed_repeated,7,181,181,False,,,20260921
0.89,921,fixed_repeated,2,181,181,False,,,20260921
0.89,922,fixed_repeated,1,182,182,False,,,20260921
0.89,923,fixed_repeated,2,185,185,True,36,710,20260921
0.89,924,fixed_repeated,4,180,180,False,,,20260921
0.89,925,fixed_repeated,5,186,186,False,,,20260921
0.89,926,fixed_repeated,0,181,181,True,54,764,20260921
0.89,927,fixed_repeated,6,184,184,False,,,20260921
0.89,928,fixed_repeated,3,184,184,False,,,20260921
0.89,929,fixed_repeated,1,179,179,False,,,20260921
0.89,930,fixed_repeated,5,183,183,False,,,20260921
0.89,931,fixed_repeated,4,183,183,False,,,20260921
0.89,932,fixed_repeated,6,181,181,False,,,20260921
0.89,933,fixed_repeated,1,184,184,False,,,20260921
0.89,934,fixed_repeated,3,183,183,False,,,20260921
0.89,935,fixed_repeated,2,185,185,False,,,20260921
0.89,936,fixed_repeated,5,183,183,False,,,20260921
0.89,937,fixed_repeated,5,180,180,False,,,20260921
0.89,938,fixed_repeated,3,188,188,False,,,20260921
0.89,939,fixed_repeated,6,185,185,False,,,20260921
0.89,940,fixed_repeated,2,183,183,False,,,20260921
0.89,941,fixed_repeated,3,188,188,False,,,20260921
0.89,942,fixed_repeated,6,185,185,False,,,20260921
0.89,943,fixed_repeated,7,186,186,False,,,20260921
0.89,944,fixed_repeated,2,184,184,False,,,20260921
0.89,945,fixed_repeated,1,185,185,False,,,20260921
0.89,946,fixed_repeated,3,184,184,False,,,20260921
0.89,947,fixed_repeated,1,185,185,False,,,20260921
0.89,948,fixed_repeated,2,186,186,False,,,20260921
0.89,949,fixed_repeated,0,184,184,False,,,20260921
0.89,950,fixed_repeated,2,183,183,False,,,20260921
0.89,951,fixed_repeated,0,184,184,False,,,20260921
0.89,952,fixed_repeated,1,181,181,False,,,20260921
0.89,953,fixed_repeated,3,178,178,False,,,20260921
0.89,954,fixed_repeated,0,191,191,False,,,20260921
0.89,955,fixed_repeated,1,181,181,False,,,20260921
0.89,956,fixed_repeated,7,183,183,False,,,20260921
0.89,957,fixed_repeated,1,181,181,False,,,20260921
0.89,958,fixed_repeated,3,185,185,False,,,20260921
0.89,959,fixed_repeated,1,183,183,False,,,20260921
0.89,960,fixed_repeated,1,188,188,False,,,20260921
0.89,961,fixed_repeated,4,186,186,False,,,20260921
0.89,962,fixed_repeated,0,186,186,False,,,20260921
0.89,963,fixed_repeated,1,185,185,False,,,20260921
0.89,964,fixed_repeated,6,180,180,False,,,20260921
0.89,965,fixed_repeated,2,188,188,False,,,20260921
0.89,966,fixed_repeated,7,184,184,False,,,20260921
0.89,967,fixed_repeated,4,182,182,False,,,20260921
0.89,968,fixed_repeated,6,185,185,False,,,20260921
0.89,969,fixed_repeated,2,182,182,False,,,20260921
0.89,970,fixed_repeated,4,181,181,False,,,20260921
0.89,971,fixed_repeated,2,185,185,False,,,20260921
0.89,972,fixed_repeated,6,183,183,False,,,20260921
0.89,973,fixed_repeated,2,184,184,True,663,2591,20260921
0.89,974,fixed_repeated,3,185,185,False,,,20260921
0.89,975,fixed_repeated,4,184,184,False,,,20260921
0.89,976,fixed_repeated,6,187,187,False,,,20260921
0.89,977,fixed_repeated,0,184,184,False,,,20260921
0.89,978,fixed_repeated,7,186,186,False,,,20260921
0.89,979,fixed_repeated,1,184,184,False,,,20260921
0.89,980,fixed_repeated,2,186,186,False,,,20260921
0.89,981,fixed_repeated,2,184,184,False,,,20260921
0.89,982,fixed_repeated,7,186,186,True,36,710,20260921
0.89,983,fixed_repeated,0,185,185,False,,,20260921
0.89,984,fixed_repeated,2,185,185,False,,,20260921
0.89,985,fixed_repeated,4,181,181,False,,,20260921
0.89,986,fixed_repeated,7,185,185,False,,,20260921
0.89,987,fixed_repeated,2,187,187,False,,,20260921
0.89,988,fixed_repeated,6,182,182,False,,,20260921
0.89,989,fixed_repeated,2,181,181,False,,,20260921
0.89,990,fixed_repeated,2,183,183,False,,,20260921
0.89,991,fixed_repeated,4,185,185,False,,,20260921
0.89,992,fixed_repeated,5,188,188,False,,,20260921
0.89,993,fixed_repeated,2,186,186,False,,,20260921
0.89,994,fixed_repeated,4,188,188,False,,,20260921
0.89,995,fixed_repeated,4,182,182,False,,,20260921
0.89,996,fixed_repeated,5,183,183,False,,,20260921
0.89,997,fixed_repeated,7,186,186,False,,,20260921
0.89,998,fixed_repeated,1,187,187,False,,,20260921
0.89,999,fixed_repeated,4,182,182,False,,,20260921
0.89,0,exact_spending,4,186,186,False,,,20260921
0.89,1,exact_spending,2,183,183,False,,,20260921
0.89,2,exact_spending,3,188,188,False,,,20260921
0.89,3,exact_spending,4,184,184,False,,,20260921
0.89,4,exact_spending,4,185,185,False,,,20260921
0.89,5,exact_spending,7,184,184,False,,,20260921
0.89,6,exact_spending,2,184,184,False,,,20260921
0.89,7,exact_spending,0,183,183,False,,,20260921
0.89,8,exact_spending,4,187,187,False,,,20260921
0.89,9,exact_spending,1,185,185,False,,,20260921
0.89,10,exact_spending,1,185,185,False,,,20260921
0.89,11,exact_spending,2,185,185,False,,,20260921
0.89,12,exact_spending,2,184,184,False,,,20260921
0.89,13,exact_spending,2,182,182,False,,,20260921
0.89,14,exact_spending,7,187,187,False,,,20260921
0.89,15,exact_spending,3,183,183,False,,,20260921
0.89,16,exact_spending,1,188,188,False,,,20260921
0.89,17,exact_spending,0,187,187,False,,,20260921
0.89,18,exact_spending,0,182,182,False,,,20260921
0.89,19,exact_spending,2,183,183,False,,,20260921
0.89,20,exact_spending,0,182,182,False,,,20260921
0.89,21,exact_spending,1,183,183,False,,,20260921
0.89,22,exact_spending,5,182,182,False,,,20260921
0.89,23,exact_spending,3,183,183,False,,,20260921
0.89,24,exact_spending,4,182,182,False,,,20260921
0.89,25,exact_spending,5,184,184,False,,,20260921
0.89,26,exact_spending,3,185,185,False,,,20260921
0.89,27,exact_spending,5,184,184,False,,,20260921
0.89,28,exact_spending,0,185,185,False,,,20260921
0.89,29,exact_spending,1,185,185,False,,,20260921
0.89,30,exact_spending,6,187,187,False,,,20260921
0.89,31,exact_spending,0,181,181,False,,,20260921
0.89,32,exact_spending,1,183,183,False,,,20260921
0.89,33,exact_spending,4,184,184,False,,,20260921
0.89,34,exact_spending,5,183,183,False,,,20260921
0.89,35,exact_spending,3,186,186,False,,,20260921
0.89,36,exact_spending,1,183,183,False,,,20260921
0.89,37,exact_spending,2,181,181,False,,,20260921
0.89,38,exact_spending,3,183,183,False,,,20260921
0.89,39,exact_spending,0,184,184,False,,,20260921
0.89,40,exact_spending,0,184,184,False,,,20260921
0.89,41,exact_spending,0,183,183,False,,,20260921
0.89,42,exact_spending,2,184,184,False,,,20260921
0.89,43,exact_spending,7,184,184,False,,,20260921
0.89,44,exact_spending,4,187,187,False,,,20260921
0.89,45,exact_spending,0,184,184,False,,,20260921
0.89,46,exact_spending,5,189,189,False,,,20260921
0.89,47,exact_spending,2,186,186,False,,,20260921
0.89,48,exact_spending,6,185,185,False,,,20260921
0.89,49,exact_spending,3,181,181,False,,,20260921
0.89,50,exact_spending,0,180,180,False,,,20260921
0.89,51,exact_spending,1,182,182,False,,,20260921
0.89,52,exact_spending,2,188,188,False,,,20260921
0.89,53,exact_spending,1,187,187,False,,,20260921
0.89,54,exact_spending,6,185,185,False,,,20260921
0.89,55,exact_spending,5,185,185,False,,,20260921
0.89,56,exact_spending,2,183,183,False,,,20260921
0.89,57,exact_spending,5,185,185,False,,,20260921
0.89,58,exact_spending,1,186,186,False,,,20260921
0.89,59,exact_spending,7,188,188,False,,,20260921
0.89,60,exact_spending,3,191,191,False,,,20260921
0.89,61,exact_spending,5,188,188,False,,,20260921
0.89,62,exact_spending,2,179,179,False,,,20260921
0.89,63,exact_spending,6,185,185,False,,,20260921
0.89,64,exact_spending,0,184,184,False,,,20260921
0.89,65,exact_spending,6,187,187,False,,,20260921
0.89,66,exact_spending,4,185,185,False,,,20260921
0.89,67,exact_spending,2,185,185,False,,,20260921
0.89,68,exact_spending,4,186,186,False,,,20260921
0.89,69,exact_spending,6,181,181,False,,,20260921
0.89,70,exact_spending,0,181,181,False,,,20260921
0.89,71,exact_spending,6,187,187,False,,,20260921
0.89,72,exact_spending,4,187,187,False,,,20260921
0.89,73,exact_spending,3,188,188,False,,,20260921
0.89,74,exact_spending,3,180,180,False,,,20260921
0.89,75,exact_spending,3,186,186,False,,,20260921
0.89,76,exact_spending,4,191,191,False,,,20260921
0.89,77,exact_spending,3,185,185,False,,,20260921
0.89,78,exact_spending,1,185,185,False,,,20260921
0.89,79,exact_spending,1,188,188,False,,,20260921
0.89,80,exact_spending,4,182,182,False,,,20260921
0.89,81,exact_spending,0,181,181,False,,,20260921
0.89,82,exact_spending,5,184,184,False,,,20260921
0.89,83,exact_spending,1,181,181,False,,,20260921
0.89,84,exact_spending,7,182,182,False,,,20260921
0.89,85,exact_spending,1,183,183,False,,,20260921
0.89,86,exact_spending,3,184,184,False,,,20260921
0.89,87,exact_spending,4,185,185,False,,,20260921
0.89,88,exact_spending,1,185,185,False,,,20260921
0.89,89,exact_spending,2,189,189,False,,,20260921
0.89,90,exact_spending,6,182,182,False,,,20260921
0.89,91,exact_spending,3,187,187,False,,,20260921
0.89,92,exact_spending,3,185,185,False,,,20260921
0.89,93,exact_spending,6,186,186,False,,,20260921
0.89,94,exact_spending,6,183,183,False,,,20260921
0.89,95,exact_spending,6,186,186,False,,,20260921
0.89,96,exact_spending,5,186,186,False,,,20260921
0.89,97,exact_spending,1,184,184,False,,,20260921
0.89,98,exact_spending,0,182,182,False,,,20260921
0.89,99,exact_spending,2,178,178,False,,,20260921
0.89,100,exact_spending,0,182,182,False,,,20260921
0.89,101,exact_spending,4,183,183,False,,,20260921
0.89,102,exact_spending,1,185,185,False,,,20260921
0.89,103,exact_spending,7,187,187,False,,,20260921
0.89,104,exact_spending,5,180,180,False,,,20260921
0.89,105,exact_spending,0,181,181,False,,,20260921
0.89,106,exact_spending,4,184,184,False,,,20260921
0.89,107,exact_spending,7,185,185,False,,,20260921
0.89,108,exact_spending,4,184,184,False,,,20260921
0.89,109,exact_spending,2,182,182,False,,,20260921
0.89,110,exact_spending,2,183,183,False,,,20260921
0.89,111,exact_spending,6,187,187,False,,,20260921
0.89,112,exact_spending,0,183,183,False,,,20260921
0.89,113,exact_spending,6,181,181,False,,,20260921
0.89,114,exact_spending,4,185,185,False,,,20260921
0.89,115,exact_spending,2,182,182,False,,,20260921
0.89,116,exact_spending,7,182,182,False,,,20260921
0.89,117,exact_spending,2,189,189,False,,,20260921
0.89,118,exact_spending,2,184,184,False,,,20260921
0.89,119,exact_spending,1,181,181,False,,,20260921
0.89,120,exact_spending,6,186,186,False,,,20260921
0.89,121,exact_spending,2,182,182,False,,,20260921
0.89,122,exact_spending,5,185,185,False,,,20260921
0.89,123,exact_spending,3,182,182,False,,,20260921
0.89,124,exact_spending,7,182,182,False,,,20260921
0.89,125,exact_spending,7,182,182,False,,,20260921
0.89,126,exact_spending,7,185,185,False,,,20260921
0.89,127,exact_spending,2,184,184,False,,,20260921
0.89,128,exact_spending,5,186,186,False,,,20260921
0.89,129,exact_spending,3,185,185,False,,,20260921
0.89,130,exact_spending,2,181,181,False,,,20260921
0.89,131,exact_spending,4,181,181,False,,,20260921
0.89,132,exact_spending,2,180,180,False,,,20260921
0.89,133,exact_spending,0,180,180,False,,,20260921
0.89,134,exact_spending,5,184,184,False,,,20260921
0.89,135,exact_spending,3,181,181,False,,,20260921
0.89,136,exact_spending,4,188,188,False,,,20260921
0.89,137,exact_spending,7,185,185,False,,,20260921
0.89,138,exact_spending,5,181,181,False,,,20260921
0.89,139,exact_spending,0,183,183,False,,,20260921
0.89,140,exact_spending,5,184,184,False,,,20260921
0.89,141,exact_spending,1,179,179,False,,,20260921
0.89,142,exact_spending,0,183,183,False,,,20260921
0.89,143,exact_spending,5,184,184,False,,,20260921
0.89,144,exact_spending,7,183,183,False,,,20260921
0.89,145,exact_spending,6,184,184,False,,,20260921
0.89,146,exact_spending,0,183,183,False,,,20260921
0.89,147,exact_spending,2,185,185,False,,,20260921
0.89,148,exact_spending,1,183,183,False,,,20260921
0.89,149,exact_spending,3,181,181,False,,,20260921
0.89,150,exact_spending,4,182,182,False,,,20260921
0.89,151,exact_spending,0,185,185,False,,,20260921
0.89,152,exact_spending,5,187,187,False,,,20260921
0.89,153,exact_spending,0,183,183,False,,,20260921
0.89,154,exact_spending,5,184,184,False,,,20260921
0.89,155,exact_spending,6,184,184,False,,,20260921
0.89,156,exact_spending,1,191,191,False,,,20260921
0.89,157,exact_spending,5,183,183,False,,,20260921
0.89,158,exact_spending,2,184,184,False,,,20260921
0.89,159,exact_spending,0,183,183,False,,,20260921
0.89,160,exact_spending,7,188,188,False,,,20260921
0.89,161,exact_spending,3,187,187,False,,,20260921
0.89,162,exact_spending,3,182,182,False,,,20260921
0.89,163,exact_spending,6,189,189,False,,,20260921
0.89,164,exact_spending,5,182,182,False,,,20260921
0.89,165,exact_spending,5,186,186,False,,,20260921
0.89,166,exact_spending,0,186,186,False,,,20260921
0.89,167,exact_spending,6,185,185,False,,,20260921
0.89,168,exact_spending,3,184,184,False,,,20260921
0.89,169,exact_spending,7,188,188,False,,,20260921
0.89,170,exact_spending,6,184,184,False,,,20260921
0.89,171,exact_spending,2,185,185,False,,,20260921
0.89,172,exact_spending,0,186,186,False,,,20260921
0.89,173,exact_spending,0,183,183,False,,,20260921
0.89,174,exact_spending,4,184,184,False,,,20260921
0.89,175,exact_spending,1,184,184,False,,,20260921
0.89,176,exact_spending,7,183,183,False,,,20260921
0.89,177,exact_spending,5,187,187,False,,,20260921
0.89,178,exact_spending,0,184,184,False,,,20260921
0.89,179,exact_spending,1,184,184,False,,,20260921
0.89,180,exact_spending,1,184,184,False,,,20260921
0.89,181,exact_spending,0,185,185,False,,,20260921
0.89,182,exact_spending,4,182,182,False,,,20260921
0.89,183,exact_spending,2,187,187,False,,,20260921
0.89,184,exact_spending,0,181,181,False,,,20260921
0.89,185,exact_spending,6,182,182,False,,,20260921
0.89,186,exact_spending,3,186,186,False,,,20260921
0.89,187,exact_spending,2,187,187,False,,,20260921
0.89,188,exact_spending,1,188,188,False,,,20260921
0.89,189,exact_spending,4,182,182,False,,,20260921
0.89,190,exact_spending,1,180,180,False,,,20260921
0.89,191,exact_spending,7,184,184,False,,,20260921
0.89,192,exact_spending,7,188,188,False,,,20260921
0.89,193,exact_spending,6,188,188,False,,,20260921
0.89,194,exact_spending,2,184,184,False,,,20260921
0.89,195,exact_spending,0,185,185,False,,,20260921
0.89,196,exact_spending,5,186,186,False,,,20260921
0.89,197,exact_spending,0,183,183,False,,,20260921
0.89,198,exact_spending,4,185,185,False,,,20260921
0.89,199,exact_spending,4,188,188,False,,,20260921
0.89,200,exact_spending,7,186,186,False,,,20260921
0.89,201,exact_spending,4,190,190,False,,,20260921
0.89,202,exact_spending,6,183,183,False,,,20260921
0.89,203,exact_spending,2,185,185,False,,,20260921
0.89,204,exact_spending,1,186,186,False,,,20260921
0.89,205,exact_spending,3,179,179,False,,,20260921
0.89,206,exact_spending,2,180,180,False,,,20260921
0.89,207,exact_spending,1,184,184,False,,,20260921
0.89,208,exact_spending,6,186,186,False,,,20260921
0.89,209,exact_spending,2,183,183,False,,,20260921
0.89,210,exact_spending,3,183,183,False,,,20260921
0.89,211,exact_spending,0,181,181,False,,,20260921
0.89,212,exact_spending,6,185,185,False,,,20260921
0.89,213,exact_spending,6,183,183,False,,,20260921
0.89,214,exact_spending,3,184,184,False,,,20260921
0.89,215,exact_spending,7,181,181,False,,,20260921
0.89,216,exact_spending,0,184,184,False,,,20260921
0.89,217,exact_spending,3,183,183,False,,,20260921
0.89,218,exact_spending,1,181,181,False,,,20260921
0.89,219,exact_spending,4,184,184,False,,,20260921
0.89,220,exact_spending,6,188,188,False,,,20260921
0.89,221,exact_spending,6,181,181,False,,,20260921
0.89,222,exact_spending,2,182,182,False,,,20260921
0.89,223,exact_spending,4,187,187,False,,,20260921
0.89,224,exact_spending,3,181,181,False,,,20260921
0.89,225,exact_spending,2,182,182,False,,,20260921
0.89,226,exact_spending,3,185,185,False,,,20260921
0.89,227,exact_spending,0,185,185,False,,,20260921
0.89,228,exact_spending,1,187,187,False,,,20260921
0.89,229,exact_spending,4,185,185,False,,,20260921
0.89,230,exact_spending,6,189,189,False,,,20260921
0.89,231,exact_spending,4,185,185,False,,,20260921
0.89,232,exact_spending,5,189,189,False,,,20260921
0.89,233,exact_spending,0,183,183,False,,,20260921
0.89,234,exact_spending,7,185,185,False,,,20260921
0.89,235,exact_spending,5,183,183,False,,,20260921
0.89,236,exact_spending,3,184,184,False,,,20260921
0.89,237,exact_spending,2,188,188,False,,,20260921
0.89,238,exact_spending,3,184,184,False,,,20260921
0.89,239,exact_spending,0,186,186,False,,,20260921
0.89,240,exact_spending,1,184,184,False,,,20260921
0.89,241,exact_spending,2,182,182,False,,,20260921
0.89,242,exact_spending,4,182,182,False,,,20260921
0.89,243,exact_spending,3,185,185,False,,,20260921
0.89,244,exact_spending,6,187,187,False,,,20260921
0.89,245,exact_spending,5,188,188,False,,,20260921
0.89,246,exact_spending,5,186,186,False,,,20260921
0.89,247,exact_spending,1,189,189,False,,,20260921
0.89,248,exact_spending,2,185,185,False,,,20260921
0.89,249,exact_spending,6,186,186,False,,,20260921
0.89,250,exact_spending,2,181,181,False,,,20260921
0.89,251,exact_spending,2,187,187,False,,,20260921
0.89,252,exact_spending,2,180,180,False,,,20260921
0.89,253,exact_spending,1,179,179,False,,,20260921
0.89,254,exact_spending,4,184,184,False,,,20260921
0.89,255,exact_spending,3,186,186,False,,,20260921
0.89,256,exact_spending,2,185,185,False,,,20260921
0.89,257,exact_spending,2,184,184,False,,,20260921
0.89,258,exact_spending,4,185,185,False,,,20260921
0.89,259,exact_spending,7,181,181,False,,,20260921
0.89,260,exact_spending,1,184,184,False,,,20260921
0.89,261,exact_spending,5,185,185,False,,,20260921
0.89,262,exact_spending,7,184,184,False,,,20260921
0.89,263,exact_spending,1,183,183,False,,,20260921
0.89,264,exact_spending,2,179,179,False,,,20260921
0.89,265,exact_spending,3,186,186,False,,,20260921
0.89,266,exact_spending,1,186,186,False,,,20260921
0.89,267,exact_spending,2,183,183,False,,,20260921
0.89,268,exact_spending,1,183,183,False,,,20260921
0.89,269,exact_spending,0,186,186,False,,,20260921
0.89,270,exact_spending,6,182,182,False,,,20260921
0.89,271,exact_spending,2,185,185,False,,,20260921
0.89,272,exact_spending,2,186,186,False,,,20260921
0.89,273,exact_spending,2,190,190,False,,,20260921
0.89,274,exact_spending,4,186,186,False,,,20260921
0.89,275,exact_spending,0,183,183,False,,,20260921
0.89,276,exact_spending,0,185,185,False,,,20260921
0.89,277,exact_spending,5,185,185,False,,,20260921
0.89,278,exact_spending,7,188,188,False,,,20260921
0.89,279,exact_spending,5,185,185,False,,,20260921
0.89,280,exact_spending,4,184,184,False,,,20260921
0.89,281,exact_spending,0,182,182,False,,,20260921
0.89,282,exact_spending,2,185,185,False,,,20260921
0.89,283,exact_spending,2,184,184,False,,,20260921
0.89,284,exact_spending,7,185,185,False,,,20260921
0.89,285,exact_spending,5,183,183,False,,,20260921
0.89,286,exact_spending,4,182,182,False,,,20260921
0.89,287,exact_spending,1,183,183,False,,,20260921
0.89,288,exact_spending,7,183,183,False,,,20260921
0.89,289,exact_spending,3,186,186,False,,,20260921
0.89,290,exact_spending,4,183,183,False,,,20260921
0.89,291,exact_spending,4,182,182,False,,,20260921
0.89,292,exact_spending,6,180,180,False,,,20260921
0.89,293,exact_spending,2,183,183,False,,,20260921
0.89,294,exact_spending,0,184,184,False,,,20260921
0.89,295,exact_spending,3,182,182,False,,,20260921
0.89,296,exact_spending,4,183,183,False,,,20260921
0.89,297,exact_spending,6,184,184,False,,,20260921
0.89,298,exact_spending,5,189,189,False,,,20260921
0.89,299,exact_spending,5,186,186,False,,,20260921
0.89,300,exact_spending,1,182,182,False,,,20260921
0.89,301,exact_spending,0,185,185,False,,,20260921
0.89,302,exact_spending,1,185,185,False,,,20260921
0.89,303,exact_spending,0,185,185,False,,,20260921
0.89,304,exact_spending,2,188,188,False,,,20260921
0.89,305,exact_spending,2,186,186,False,,,20260921
0.89,306,exact_spending,5,185,185,False,,,20260921
0.89,307,exact_spending,1,187,187,False,,,20260921
0.89,308,exact_spending,1,186,186,False,,,20260921
0.89,309,exact_spending,2,186,186,False,,,20260921
0.89,310,exact_spending,3,181,181,False,,,20260921
0.89,311,exact_spending,0,183,183,False,,,20260921
0.89,312,exact_spending,5,183,183,False,,,20260921
0.89,313,exact_spending,4,188,188,False,,,20260921
0.89,314,exact_spending,0,181,181,False,,,20260921
0.89,315,exact_spending,2,186,186,False,,,20260921
0.89,316,exact_spending,5,186,186,False,,,20260921
0.89,317,exact_spending,2,183,183,False,,,20260921
0.89,318,exact_spending,3,184,184,False,,,20260921
0.89,319,exact_spending,7,186,186,False,,,20260921
0.89,320,exact_spending,2,186,186,False,,,20260921
0.89,321,exact_spending,1,185,185,False,,,20260921
0.89,322,exact_spending,5,184,184,False,,,20260921
0.89,323,exact_spending,0,184,184,False,,,20260921
0.89,324,exact_spending,2,182,182,False,,,20260921
0.89,325,exact_spending,3,186,186,False,,,20260921
0.89,326,exact_spending,4,184,184,False,,,20260921
0.89,327,exact_spending,3,188,188,False,,,20260921
0.89,328,exact_spending,3,185,185,False,,,20260921
0.89,329,exact_spending,4,187,187,False,,,20260921
0.89,330,exact_spending,6,185,185,False,,,20260921
0.89,331,exact_spending,2,184,184,False,,,20260921
0.89,332,exact_spending,3,187,187,False,,,20260921
0.89,333,exact_spending,3,185,185,False,,,20260921
0.89,334,exact_spending,6,183,183,False,,,20260921
0.89,335,exact_spending,4,184,184,False,,,20260921
0.89,336,exact_spending,0,189,189,False,,,20260921
0.89,337,exact_spending,4,187,187,False,,,20260921
0.89,338,exact_spending,6,185,185,False,,,20260921
0.89,339,exact_spending,2,183,183,False,,,20260921
0.89,340,exact_spending,3,187,187,False,,,20260921
0.89,341,exact_spending,6,184,184,False,,,20260921
0.89,342,exact_spending,7,187,187,False,,,20260921
0.89,343,exact_spending,4,186,186,False,,,20260921
0.89,344,exact_spending,3,188,188,False,,,20260921
0.89,345,exact_spending,4,187,187,False,,,20260921
0.89,346,exact_spending,3,183,183,False,,,20260921
0.89,347,exact_spending,6,182,182,False,,,20260921
0.89,348,exact_spending,3,181,181,False,,,20260921
0.89,349,exact_spending,6,186,186,False,,,20260921
0.89,350,exact_spending,7,183,183,False,,,20260921
0.89,351,exact_spending,0,183,183,False,,,20260921
0.89,352,exact_spending,3,185,185,False,,,20260921
0.89,353,exact_spending,5,184,184,False,,,20260921
0.89,354,exact_spending,4,182,182,False,,,20260921
0.89,355,exact_spending,1,185,185,False,,,20260921
0.89,356,exact_spending,2,183,183,False,,,20260921
0.89,357,exact_spending,5,184,184,False,,,20260921
0.89,358,exact_spending,3,184,184,False,,,20260921
0.89,359,exact_spending,0,184,184,False,,,20260921
0.89,360,exact_spending,4,182,182,False,,,20260921
0.89,361,exact_spending,0,186,186,False,,,20260921
0.89,362,exact_spending,5,181,181,False,,,20260921
0.89,363,exact_spending,0,186,186,False,,,20260921
0.89,364,exact_spending,1,188,188,False,,,20260921
0.89,365,exact_spending,2,188,188,False,,,20260921
0.89,366,exact_spending,0,186,186,False,,,20260921
0.89,367,exact_spending,4,186,186,False,,,20260921
0.89,368,exact_spending,1,182,182,False,,,20260921
0.89,369,exact_spending,7,183,183,False,,,20260921
0.89,370,exact_spending,4,182,182,False,,,20260921
0.89,371,exact_spending,4,185,185,False,,,20260921
0.89,372,exact_spending,3,186,186,False,,,20260921
0.89,373,exact_spending,0,181,181,False,,,20260921
0.89,374,exact_spending,5,184,184,False,,,20260921
0.89,375,exact_spending,2,183,183,False,,,20260921
0.89,376,exact_spending,4,186,186,False,,,20260921
0.89,377,exact_spending,0,185,185,False,,,20260921
0.89,378,exact_spending,0,181,181,False,,,20260921
0.89,379,exact_spending,0,187,187,False,,,20260921
0.89,380,exact_spending,7,188,188,False,,,20260921
0.89,381,exact_spending,6,184,184,False,,,20260921
0.89,382,exact_spending,6,184,184,False,,,20260921
0.89,383,exact_spending,3,184,184,False,,,20260921
0.89,384,exact_spending,3,187,187,False,,,20260921
0.89,385,exact_spending,3,184,184,False,,,20260921
0.89,386,exact_spending,3,187,187,False,,,20260921
0.89,387,exact_spending,0,188,188,False,,,20260921
0.89,388,exact_spending,5,182,182,False,,,20260921
0.89,389,exact_spending,4,182,182,False,,,20260921
0.89,390,exact_spending,1,187,187,False,,,20260921
0.89,391,exact_spending,0,186,186,False,,,20260921
0.89,392,exact_spending,6,182,182,False,,,20260921
0.89,393,exact_spending,7,185,185,False,,,20260921
0.89,394,exact_spending,2,182,182,False,,,20260921
0.89,395,exact_spending,2,183,183,False,,,20260921
0.89,396,exact_spending,0,186,186,False,,,20260921
0.89,397,exact_spending,3,180,180,False,,,20260921
0.89,398,exact_spending,5,189,189,False,,,20260921
0.89,399,exact_spending,4,180,180,False,,,20260921
0.89,400,exact_spending,5,183,183,False,,,20260921
0.89,401,exact_spending,5,185,185,False,,,20260921
0.89,402,exact_spending,0,183,183,False,,,20260921
0.89,403,exact_spending,7,181,181,False,,,20260921
0.89,404,exact_spending,1,181,181,False,,,20260921
0.89,405,exact_spending,7,181,181,False,,,20260921
0.89,406,exact_spending,0,186,186,False,,,20260921
0.89,407,exact_spending,7,184,184,False,,,20260921
0.89,408,exact_spending,1,188,188,False,,,20260921
0.89,409,exact_spending,5,182,182,False,,,20260921
0.89,410,exact_spending,0,181,181,False,,,20260921
0.89,411,exact_spending,3,188,188,False,,,20260921
0.89,412,exact_spending,0,184,184,False,,,20260921
0.89,413,exact_spending,3,184,184,False,,,20260921
0.89,414,exact_spending,2,185,185,False,,,20260921
0.89,415,exact_spending,1,181,181,False,,,20260921
0.89,416,exact_spending,7,186,186,False,,,20260921
0.89,417,exact_spending,1,185,185,False,,,20260921
0.89,418,exact_spending,6,181,181,False,,,20260921
0.89,419,exact_spending,5,185,185,False,,,20260921
0.89,420,exact_spending,2,184,184,False,,,20260921
0.89,421,exact_spending,1,182,182,False,,,20260921
0.89,422,exact_spending,7,187,187,False,,,20260921
0.89,423,exact_spending,3,182,182,False,,,20260921
0.89,424,exact_spending,1,183,183,False,,,20260921
0.89,425,exact_spending,4,183,183,False,,,20260921
0.89,426,exact_spending,7,186,186,False,,,20260921
0.89,427,exact_spending,7,183,183,False,,,20260921
0.89,428,exact_spending,3,184,184,False,,,20260921
0.89,429,exact_spending,3,183,183,False,,,20260921
0.89,430,exact_spending,0,186,186,False,,,20260921
0.89,431,exact_spending,7,182,182,False,,,20260921
0.89,432,exact_spending,5,182,182,False,,,20260921
0.89,433,exact_spending,6,179,179,False,,,20260921
0.89,434,exact_spending,1,183,183,False,,,20260921
0.89,435,exact_spending,6,183,183,False,,,20260921
0.89,436,exact_spending,4,189,189,False,,,20260921
0.89,437,exact_spending,3,185,185,False,,,20260921
0.89,438,exact_spending,1,185,185,False,,,20260921
0.89,439,exact_spending,5,184,184,False,,,20260921
0.89,440,exact_spending,1,191,191,False,,,20260921
0.89,441,exact_spending,7,183,183,False,,,20260921
0.89,442,exact_spending,4,183,183,False,,,20260921
0.89,443,exact_spending,3,182,182,False,,,20260921
0.89,444,exact_spending,4,184,184,False,,,20260921
0.89,445,exact_spending,2,184,184,False,,,20260921
0.89,446,exact_spending,7,184,184,False,,,20260921
0.89,447,exact_spending,3,185,185,False,,,20260921
0.89,448,exact_spending,2,184,184,False,,,20260921
0.89,449,exact_spending,6,187,187,False,,,20260921
0.89,450,exact_spending,1,182,182,False,,,20260921
0.89,451,exact_spending,2,184,184,False,,,20260921
0.89,452,exact_spending,4,182,182,False,,,20260921
0.89,453,exact_spending,6,181,181,False,,,20260921
0.89,454,exact_spending,5,179,179,False,,,20260921
0.89,455,exact_spending,0,190,190,False,,,20260921
0.89,456,exact_spending,5,190,190,False,,,20260921
0.89,457,exact_spending,0,181,181,False,,,20260921
0.89,458,exact_spending,0,182,182,False,,,20260921
0.89,459,exact_spending,4,185,185,False,,,20260921
0.89,460,exact_spending,2,186,186,False,,,20260921
0.89,461,exact_spending,2,187,187,False,,,20260921
0.89,462,exact_spending,2,180,180,False,,,20260921
0.89,463,exact_spending,4,186,186,False,,,20260921
0.89,464,exact_spending,6,186,186,False,,,20260921
0.89,465,exact_spending,0,188,188,False,,,20260921
0.89,466,exact_spending,2,179,179,False,,,20260921
0.89,467,exact_spending,4,183,183,False,,,20260921
0.89,468,exact_spending,4,183,183,False,,,20260921
0.89,469,exact_spending,5,180,180,False,,,20260921
0.89,470,exact_spending,1,187,187,False,,,20260921
0.89,471,exact_spending,6,186,186,False,,,20260921
0.89,472,exact_spending,5,189,189,False,,,20260921
0.89,473,exact_spending,7,185,185,False,,,20260921
0.89,474,exact_spending,6,188,188,False,,,20260921
0.89,475,exact_spending,2,187,187,False,,,20260921
0.89,476,exact_spending,0,185,185,False,,,20260921
0.89,477,exact_spending,6,185,185,False,,,20260921
0.89,478,exact_spending,2,182,182,False,,,20260921
0.89,479,exact_spending,5,184,184,False,,,20260921
0.89,480,exact_spending,2,180,180,False,,,20260921
0.89,481,exact_spending,1,185,185,False,,,20260921
0.89,482,exact_spending,4,182,182,False,,,20260921
0.89,483,exact_spending,6,185,185,False,,,20260921
0.89,484,exact_spending,7,180,180,False,,,20260921
0.89,485,exact_spending,2,183,183,False,,,20260921
0.89,486,exact_spending,4,184,184,False,,,20260921
0.89,487,exact_spending,1,183,183,False,,,20260921
0.89,488,exact_spending,5,182,182,False,,,20260921
0.89,489,exact_spending,0,185,185,False,,,20260921
0.89,490,exact_spending,0,185,185,False,,,20260921
0.89,491,exact_spending,7,184,184,False,,,20260921
0.89,492,exact_spending,6,183,183,False,,,20260921
0.89,493,exact_spending,7,187,187,False,,,20260921
0.89,494,exact_spending,5,182,182,False,,,20260921
0.89,495,exact_spending,1,182,182,False,,,20260921
0.89,496,exact_spending,3,188,188,False,,,20260921
0.89,497,exact_spending,1,188,188,False,,,20260921
0.89,498,exact_spending,5,182,182,False,,,20260921
0.89,499,exact_spending,1,184,184,False,,,20260921
0.89,500,exact_spending,4,182,182,False,,,20260921
0.89,501,exact_spending,7,187,187,False,,,20260921
0.89,502,exact_spending,2,186,186,False,,,20260921
0.89,503,exact_spending,0,189,189,False,,,20260921
0.89,504,exact_spending,4,183,183,False,,,20260921
0.89,505,exact_spending,7,184,184,False,,,20260921
0.89,506,exact_spending,2,186,186,False,,,20260921
0.89,507,exact_spending,3,190,190,False,,,20260921
0.89,508,exact_spending,6,187,187,False,,,20260921
0.89,509,exact_spending,5,183,183,False,,,20260921
0.89,510,exact_spending,7,184,184,False,,,20260921
0.89,511,exact_spending,1,183,183,False,,,20260921
0.89,512,exact_spending,0,183,183,False,,,20260921
0.89,513,exact_spending,0,180,180,False,,,20260921
0.89,514,exact_spending,5,185,185,False,,,20260921
0.89,515,exact_spending,6,183,183,False,,,20260921
0.89,516,exact_spending,3,185,185,False,,,20260921
0.89,517,exact_spending,1,181,181,False,,,20260921
0.89,518,exact_spending,7,183,183,False,,,20260921
0.89,519,exact_spending,5,184,184,False,,,20260921
0.89,520,exact_spending,0,181,181,False,,,20260921
0.89,521,exact_spending,3,187,187,False,,,20260921
0.89,522,exact_spending,7,180,180,False,,,20260921
0.89,523,exact_spending,7,183,183,False,,,20260921
0.89,524,exact_spending,5,186,186,False,,,20260921
0.89,525,exact_spending,4,183,183,False,,,20260921
0.89,526,exact_spending,4,180,180,False,,,20260921
0.89,527,exact_spending,6,186,186,False,,,20260921
0.89,528,exact_spending,3,184,184,False,,,20260921
0.89,529,exact_spending,0,181,181,False,,,20260921
0.89,530,exact_spending,4,186,186,False,,,20260921
0.89,531,exact_spending,0,186,186,False,,,20260921
0.89,532,exact_spending,4,181,181,False,,,20260921
0.89,533,exact_spending,1,185,185,False,,,20260921
0.89,534,exact_spending,5,184,184,False,,,20260921
0.89,535,exact_spending,1,185,185,False,,,20260921
0.89,536,exact_spending,4,183,183,False,,,20260921
0.89,537,exact_spending,3,184,184,False,,,20260921
0.89,538,exact_spending,6,184,184,False,,,20260921
0.89,539,exact_spending,7,182,182,False,,,20260921
0.89,540,exact_spending,3,183,183,False,,,20260921
0.89,541,exact_spending,1,187,187,False,,,20260921
0.89,542,exact_spending,6,187,187,False,,,20260921
0.89,543,exact_spending,5,179,179,False,,,20260921
0.89,544,exact_spending,2,184,184,False,,,20260921
0.89,545,exact_spending,7,185,185,False,,,20260921
0.89,546,exact_spending,4,182,182,False,,,20260921
0.89,547,exact_spending,4,182,182,False,,,20260921
0.89,548,exact_spending,4,183,183,False,,,20260921
0.89,549,exact_spending,5,182,182,False,,,20260921
0.89,550,exact_spending,1,188,188,False,,,20260921
0.89,551,exact_spending,5,184,184,False,,,20260921
0.89,552,exact_spending,7,188,188,False,,,20260921
0.89,553,exact_spending,7,190,190,False,,,20260921
0.89,554,exact_spending,2,185,185,False,,,20260921
0.89,555,exact_spending,4,180,180,False,,,20260921
0.89,556,exact_spending,6,185,185,False,,,20260921
0.89,557,exact_spending,7,183,183,False,,,20260921
0.89,558,exact_spending,7,183,183,False,,,20260921
0.89,559,exact_spending,0,182,182,False,,,20260921
0.89,560,exact_spending,1,188,188,False,,,20260921
0.89,561,exact_spending,1,187,187,False,,,20260921
0.89,562,exact_spending,7,184,184,False,,,20260921
0.89,563,exact_spending,1,185,185,False,,,20260921
0.89,564,exact_spending,1,188,188,False,,,20260921
0.89,565,exact_spending,2,186,186,False,,,20260921
0.89,566,exact_spending,1,183,183,False,,,20260921
0.89,567,exact_spending,3,181,181,False,,,20260921
0.89,568,exact_spending,1,185,185,False,,,20260921
0.89,569,exact_spending,4,187,187,False,,,20260921
0.89,570,exact_spending,4,185,185,False,,,20260921
0.89,571,exact_spending,4,186,186,False,,,20260921
0.89,572,exact_spending,7,186,186,False,,,20260921
0.89,573,exact_spending,0,183,183,False,,,20260921
0.89,574,exact_spending,7,184,184,False,,,20260921
0.89,575,exact_spending,2,185,185,False,,,20260921
0.89,576,exact_spending,6,186,186,False,,,20260921
0.89,577,exact_spending,3,182,182,False,,,20260921
0.89,578,exact_spending,2,184,184,False,,,20260921
0.89,579,exact_spending,4,184,184,False,,,20260921
0.89,580,exact_spending,7,184,184,False,,,20260921
0.89,581,exact_spending,4,185,185,False,,,20260921
0.89,582,exact_spending,2,182,182,False,,,20260921
0.89,583,exact_spending,3,181,181,False,,,20260921
0.89,584,exact_spending,3,185,185,False,,,20260921
0.89,585,exact_spending,5,182,182,False,,,20260921
0.89,586,exact_spending,1,188,188,False,,,20260921
0.89,587,exact_spending,5,184,184,False,,,20260921
0.89,588,exact_spending,1,185,185,False,,,20260921
0.89,589,exact_spending,4,184,184,False,,,20260921
0.89,590,exact_spending,2,181,181,False,,,20260921
0.89,591,exact_spending,0,180,180,False,,,20260921
0.89,592,exact_spending,4,183,183,False,,,20260921
0.89,593,exact_spending,4,184,184,False,,,20260921
0.89,594,exact_spending,4,186,186,False,,,20260921
0.89,595,exact_spending,0,185,185,False,,,20260921
0.89,596,exact_spending,5,182,182,False,,,20260921
0.89,597,exact_spending,7,184,184,False,,,20260921
0.89,598,exact_spending,2,183,183,False,,,20260921
0.89,599,exact_spending,1,185,185,False,,,20260921
0.89,600,exact_spending,1,184,184,False,,,20260921
0.89,601,exact_spending,1,186,186,False,,,20260921
0.89,602,exact_spending,2,182,182,False,,,20260921
0.89,603,exact_spending,4,183,183,False,,,20260921
0.89,604,exact_spending,2,188,188,False,,,20260921
0.89,605,exact_spending,3,187,187,False,,,20260921
0.89,606,exact_spending,4,185,185,False,,,20260921
0.89,607,exact_spending,4,186,186,False,,,20260921
0.89,608,exact_spending,3,190,190,False,,,20260921
0.89,609,exact_spending,0,187,187,False,,,20260921
0.89,610,exact_spending,2,183,183,False,,,20260921
0.89,611,exact_spending,7,183,183,False,,,20260921
0.89,612,exact_spending,1,182,182,False,,,20260921
0.89,613,exact_spending,3,184,184,False,,,20260921
0.89,614,exact_spending,5,187,187,False,,,20260921
0.89,615,exact_spending,6,181,181,False,,,20260921
0.89,616,exact_spending,2,183,183,False,,,20260921
0.89,617,exact_spending,4,186,186,False,,,20260921
0.89,618,exact_spending,1,185,185,False,,,20260921
0.89,619,exact_spending,7,181,181,False,,,20260921
0.89,620,exact_spending,0,181,181,False,,,20260921
0.89,621,exact_spending,4,186,186,False,,,20260921
0.89,622,exact_spending,0,178,178,False,,,20260921
0.89,623,exact_spending,5,181,181,False,,,20260921
0.89,624,exact_spending,6,188,188,False,,,20260921
0.89,625,exact_spending,1,184,184,False,,,20260921
0.89,626,exact_spending,2,185,185,False,,,20260921
0.89,627,exact_spending,4,186,186,False,,,20260921
0.89,628,exact_spending,1,183,183,False,,,20260921
0.89,629,exact_spending,4,179,179,False,,,20260921
0.89,630,exact_spending,7,190,190,False,,,20260921
0.89,631,exact_spending,1,191,191,False,,,20260921
0.89,632,exact_spending,4,184,184,False,,,20260921
0.89,633,exact_spending,4,180,180,False,,,20260921
0.89,634,exact_spending,5,182,182,False,,,20260921
0.89,635,exact_spending,4,182,182,False,,,20260921
0.89,636,exact_spending,0,181,181,False,,,20260921
0.89,637,exact_spending,6,183,183,False,,,20260921
0.89,638,exact_spending,0,182,182,False,,,20260921
0.89,639,exact_spending,0,184,184,False,,,20260921
0.89,640,exact_spending,0,185,185,False,,,20260921
0.89,641,exact_spending,7,187,187,False,,,20260921
0.89,642,exact_spending,4,185,185,False,,,20260921
0.89,643,exact_spending,1,184,184,False,,,20260921
0.89,644,exact_spending,2,183,183,False,,,20260921
0.89,645,exact_spending,3,182,182,False,,,20260921
0.89,646,exact_spending,2,186,186,False,,,20260921
0.89,647,exact_spending,4,189,189,False,,,20260921
0.89,648,exact_spending,0,186,186,False,,,20260921
0.89,649,exact_spending,1,181,181,False,,,20260921
0.89,650,exact_spending,1,186,186,False,,,20260921
0.89,651,exact_spending,1,182,182,False,,,20260921
0.89,652,exact_spending,0,184,184,False,,,20260921
0.89,653,exact_spending,5,189,189,False,,,20260921
0.89,654,exact_spending,3,185,185,False,,,20260921
0.89,655,exact_spending,7,186,186,False,,,20260921
0.89,656,exact_spending,0,182,182,False,,,20260921
0.89,657,exact_spending,7,184,184,False,,,20260921
0.89,658,exact_spending,4,184,184,False,,,20260921
0.89,659,exact_spending,1,182,182,False,,,20260921
0.89,660,exact_spending,0,179,179,False,,,20260921
0.89,661,exact_spending,3,188,188,False,,,20260921
0.89,662,exact_spending,3,183,183,False,,,20260921
0.89,663,exact_spending,1,186,186,False,,,20260921
0.89,664,exact_spending,0,187,187,False,,,20260921
0.89,665,exact_spending,3,187,187,False,,,20260921
0.89,666,exact_spending,5,183,183,False,,,20260921
0.89,667,exact_spending,4,187,187,False,,,20260921
0.89,668,exact_spending,3,181,181,False,,,20260921
0.89,669,exact_spending,1,185,185,False,,,20260921
0.89,670,exact_spending,3,181,181,False,,,20260921
0.89,671,exact_spending,6,189,189,False,,,20260921
0.89,672,exact_spending,5,184,184,False,,,20260921
0.89,673,exact_spending,0,184,184,False,,,20260921
0.89,674,exact_spending,4,182,182,False,,,20260921
0.89,675,exact_spending,4,188,188,False,,,20260921
0.89,676,exact_spending,6,184,184,False,,,20260921
0.89,677,exact_spending,0,186,186,False,,,20260921
0.89,678,exact_spending,1,186,186,False,,,20260921
0.89,679,exact_spending,7,181,181,False,,,20260921
0.89,680,exact_spending,2,183,183,False,,,20260921
0.89,681,exact_spending,7,186,186,False,,,20260921
0.89,682,exact_spending,7,189,189,False,,,20260921
0.89,683,exact_spending,4,186,186,False,,,20260921
0.89,684,exact_spending,5,183,183,False,,,20260921
0.89,685,exact_spending,1,184,184,False,,,20260921
0.89,686,exact_spending,7,184,184,False,,,20260921
0.89,687,exact_spending,6,182,182,False,,,20260921
0.89,688,exact_spending,5,181,181,False,,,20260921
0.89,689,exact_spending,7,187,187,False,,,20260921
0.89,690,exact_spending,2,184,184,False,,,20260921
0.89,691,exact_spending,3,185,185,False,,,20260921
0.89,692,exact_spending,1,181,181,False,,,20260921
0.89,693,exact_spending,3,184,184,False,,,20260921
0.89,694,exact_spending,7,186,186,False,,,20260921
0.89,695,exact_spending,5,181,181,False,,,20260921
0.89,696,exact_spending,1,184,184,False,,,20260921
0.89,697,exact_spending,2,181,181,False,,,20260921
0.89,698,exact_spending,0,182,182,False,,,20260921
0.89,699,exact_spending,4,186,186,False,,,20260921
0.89,700,exact_spending,5,182,182,False,,,20260921
0.89,701,exact_spending,1,188,188,False,,,20260921
0.89,702,exact_spending,0,180,180,False,,,20260921
0.89,703,exact_spending,0,183,183,False,,,20260921
0.89,704,exact_spending,7,187,187,False,,,20260921
0.89,705,exact_spending,7,188,188,False,,,20260921
0.89,706,exact_spending,5,179,179,False,,,20260921
0.89,707,exact_spending,4,184,184,False,,,20260921
0.89,708,exact_spending,1,185,185,False,,,20260921
0.89,709,exact_spending,3,185,185,False,,,20260921
0.89,710,exact_spending,7,184,184,False,,,20260921
0.89,711,exact_spending,6,180,180,False,,,20260921
0.89,712,exact_spending,0,185,185,False,,,20260921
0.89,713,exact_spending,5,187,187,False,,,20260921
0.89,714,exact_spending,1,183,183,False,,,20260921
0.89,715,exact_spending,2,181,181,False,,,20260921
0.89,716,exact_spending,2,184,184,False,,,20260921
0.89,717,exact_spending,3,185,185,False,,,20260921
0.89,718,exact_spending,3,185,185,False,,,20260921
0.89,719,exact_spending,0,181,181,False,,,20260921
0.89,720,exact_spending,5,182,182,False,,,20260921
0.89,721,exact_spending,1,185,185,False,,,20260921
0.89,722,exact_spending,4,179,179,False,,,20260921
0.89,723,exact_spending,0,181,181,False,,,20260921
0.89,724,exact_spending,2,181,181,False,,,20260921
0.89,725,exact_spending,4,186,186,False,,,20260921
0.89,726,exact_spending,3,188,188,False,,,20260921
0.89,727,exact_spending,7,182,182,False,,,20260921
0.89,728,exact_spending,4,188,188,False,,,20260921
0.89,729,exact_spending,0,183,183,False,,,20260921
0.89,730,exact_spending,5,184,184,False,,,20260921
0.89,731,exact_spending,6,184,184,False,,,20260921
0.89,732,exact_spending,4,183,183,False,,,20260921
0.89,733,exact_spending,0,182,182,False,,,20260921
0.89,734,exact_spending,3,188,188,False,,,20260921
0.89,735,exact_spending,1,181,181,False,,,20260921
0.89,736,exact_spending,0,181,181,False,,,20260921
0.89,737,exact_spending,7,186,186,False,,,20260921
0.89,738,exact_spending,5,182,182,False,,,20260921
0.89,739,exact_spending,0,187,187,False,,,20260921
0.89,740,exact_spending,5,185,185,False,,,20260921
0.89,741,exact_spending,5,185,185,False,,,20260921
0.89,742,exact_spending,0,184,184,False,,,20260921
0.89,743,exact_spending,7,187,187,False,,,20260921
0.89,744,exact_spending,0,185,185,False,,,20260921
0.89,745,exact_spending,1,180,180,False,,,20260921
0.89,746,exact_spending,5,185,185,False,,,20260921
0.89,747,exact_spending,0,183,183,False,,,20260921
0.89,748,exact_spending,3,187,187,False,,,20260921
0.89,749,exact_spending,0,187,187,False,,,20260921
0.89,750,exact_spending,1,181,181,False,,,20260921
0.89,751,exact_spending,7,184,184,False,,,20260921
0.89,752,exact_spending,0,181,181,False,,,20260921
0.89,753,exact_spending,1,185,185,False,,,20260921
0.89,754,exact_spending,6,185,185,False,,,20260921
0.89,755,exact_spending,1,185,185,False,,,20260921
0.89,756,exact_spending,3,186,186,False,,,20260921
0.89,757,exact_spending,1,183,183,False,,,20260921
0.89,758,exact_spending,6,185,185,False,,,20260921
0.89,759,exact_spending,6,188,188,False,,,20260921
0.89,760,exact_spending,5,185,185,False,,,20260921
0.89,761,exact_spending,4,186,186,False,,,20260921
0.89,762,exact_spending,4,187,187,False,,,20260921
0.89,763,exact_spending,6,185,185,False,,,20260921
0.89,764,exact_spending,0,184,184,False,,,20260921
0.89,765,exact_spending,3,185,185,False,,,20260921
0.89,766,exact_spending,1,182,182,False,,,20260921
0.89,767,exact_spending,2,182,182,False,,,20260921
0.89,768,exact_spending,4,183,183,False,,,20260921
0.89,769,exact_spending,7,184,184,False,,,20260921
0.89,770,exact_spending,1,184,184,False,,,20260921
0.89,771,exact_spending,3,189,189,False,,,20260921
0.89,772,exact_spending,0,185,185,False,,,20260921
0.89,773,exact_spending,4,183,183,False,,,20260921
0.89,774,exact_spending,4,187,187,False,,,20260921
0.89,775,exact_spending,3,184,184,False,,,20260921
0.89,776,exact_spending,7,193,193,False,,,20260921
0.89,777,exact_spending,0,187,187,False,,,20260921
0.89,778,exact_spending,4,186,186,False,,,20260921
0.89,779,exact_spending,6,190,190,False,,,20260921
0.89,780,exact_spending,2,184,184,False,,,20260921
0.89,781,exact_spending,4,187,187,False,,,20260921
0.89,782,exact_spending,2,183,183,False,,,20260921
0.89,783,exact_spending,2,188,188,False,,,20260921
0.89,784,exact_spending,6,186,186,False,,,20260921
0.89,785,exact_spending,0,185,185,False,,,20260921
0.89,786,exact_spending,4,181,181,False,,,20260921
0.89,787,exact_spending,0,183,183,False,,,20260921
0.89,788,exact_spending,2,184,184,False,,,20260921
0.89,789,exact_spending,0,182,182,False,,,20260921
0.89,790,exact_spending,0,184,184,False,,,20260921
0.89,791,exact_spending,1,183,183,False,,,20260921
0.89,792,exact_spending,3,184,184,False,,,20260921
0.89,793,exact_spending,0,179,179,False,,,20260921
0.89,794,exact_spending,6,182,182,False,,,20260921
0.89,795,exact_spending,2,183,183,False,,,20260921
0.89,796,exact_spending,1,187,187,False,,,20260921
0.89,797,exact_spending,1,183,183,False,,,20260921
0.89,798,exact_spending,7,182,182,False,,,20260921
0.89,799,exact_spending,2,186,186,False,,,20260921
0.89,800,exact_spending,2,188,188,False,,,20260921
0.89,801,exact_spending,2,180,180,False,,,20260921
0.89,802,exact_spending,5,182,182,False,,,20260921
0.89,803,exact_spending,1,181,181,False,,,20260921
0.89,804,exact_spending,1,185,185,False,,,20260921
0.89,805,exact_spending,2,182,182,False,,,20260921
0.89,806,exact_spending,4,181,181,False,,,20260921
0.89,807,exact_spending,3,182,182,False,,,20260921
0.89,808,exact_spending,4,183,183,False,,,20260921
0.89,809,exact_spending,0,183,183,False,,,20260921
0.89,810,exact_spending,0,186,186,False,,,20260921
0.89,811,exact_spending,3,186,186,False,,,20260921
0.89,812,exact_spending,0,190,190,False,,,20260921
0.89,813,exact_spending,4,187,187,False,,,20260921
0.89,814,exact_spending,7,186,186,False,,,20260921
0.89,815,exact_spending,6,181,181,False,,,20260921
0.89,816,exact_spending,6,184,184,False,,,20260921
0.89,817,exact_spending,5,187,187,False,,,20260921
0.89,818,exact_spending,2,185,185,False,,,20260921
0.89,819,exact_spending,3,187,187,False,,,20260921
0.89,820,exact_spending,1,184,184,False,,,20260921
0.89,821,exact_spending,1,185,185,False,,,20260921
0.89,822,exact_spending,6,184,184,False,,,20260921
0.89,823,exact_spending,4,182,182,False,,,20260921
0.89,824,exact_spending,0,182,182,False,,,20260921
0.89,825,exact_spending,5,184,184,False,,,20260921
0.89,826,exact_spending,5,185,185,False,,,20260921
0.89,827,exact_spending,6,187,187,False,,,20260921
0.89,828,exact_spending,6,188,188,False,,,20260921
0.89,829,exact_spending,1,183,183,False,,,20260921
0.89,830,exact_spending,1,185,185,False,,,20260921
0.89,831,exact_spending,0,181,181,False,,,20260921
0.89,832,exact_spending,5,184,184,False,,,20260921
0.89,833,exact_spending,5,188,188,False,,,20260921
0.89,834,exact_spending,1,189,189,False,,,20260921
0.89,835,exact_spending,4,185,185,False,,,20260921
0.89,836,exact_spending,3,184,184,False,,,20260921
0.89,837,exact_spending,2,183,183,False,,,20260921
0.89,838,exact_spending,2,186,186,False,,,20260921
0.89,839,exact_spending,5,186,186,False,,,20260921
0.89,840,exact_spending,0,181,181,False,,,20260921
0.89,841,exact_spending,0,185,185,False,,,20260921
0.89,842,exact_spending,0,184,184,False,,,20260921
0.89,843,exact_spending,3,186,186,False,,,20260921
0.89,844,exact_spending,1,181,181,False,,,20260921
0.89,845,exact_spending,6,185,185,False,,,20260921
0.89,846,exact_spending,2,183,183,False,,,20260921
0.89,847,exact_spending,6,181,181,False,,,20260921
0.89,848,exact_spending,5,183,183,False,,,20260921
0.89,849,exact_spending,0,179,179,False,,,20260921
0.89,850,exact_spending,6,182,182,False,,,20260921
0.89,851,exact_spending,7,182,182,False,,,20260921
0.89,852,exact_spending,1,181,181,False,,,20260921
0.89,853,exact_spending,0,187,187,False,,,20260921
0.89,854,exact_spending,6,186,186,False,,,20260921
0.89,855,exact_spending,2,182,182,False,,,20260921
0.89,856,exact_spending,3,184,184,False,,,20260921
0.89,857,exact_spending,6,180,180,False,,,20260921
0.89,858,exact_spending,6,183,183,False,,,20260921
0.89,859,exact_spending,4,183,183,False,,,20260921
0.89,860,exact_spending,1,187,187,False,,,20260921
0.89,861,exact_spending,3,185,185,False,,,20260921
0.89,862,exact_spending,2,188,188,False,,,20260921
0.89,863,exact_spending,3,182,182,False,,,20260921
0.89,864,exact_spending,6,182,182,False,,,20260921
0.89,865,exact_spending,1,186,186,False,,,20260921
0.89,866,exact_spending,6,186,186,False,,,20260921
0.89,867,exact_spending,3,181,181,False,,,20260921
0.89,868,exact_spending,2,188,188,False,,,20260921
0.89,869,exact_spending,4,183,183,False,,,20260921
0.89,870,exact_spending,4,185,185,False,,,20260921
0.89,871,exact_spending,3,179,179,False,,,20260921
0.89,872,exact_spending,0,180,180,False,,,20260921
0.89,873,exact_spending,3,183,183,False,,,20260921
0.89,874,exact_spending,5,187,187,False,,,20260921
0.89,875,exact_spending,1,183,183,False,,,20260921
0.89,876,exact_spending,3,188,188,False,,,20260921
0.89,877,exact_spending,2,179,179,False,,,20260921
0.89,878,exact_spending,0,182,182,False,,,20260921
0.89,879,exact_spending,5,186,186,False,,,20260921
0.89,880,exact_spending,2,185,185,False,,,20260921
0.89,881,exact_spending,2,188,188,False,,,20260921
0.89,882,exact_spending,5,180,180,False,,,20260921
0.89,883,exact_spending,5,180,180,False,,,20260921
0.89,884,exact_spending,2,185,185,False,,,20260921
0.89,885,exact_spending,1,181,181,False,,,20260921
0.89,886,exact_spending,6,187,187,False,,,20260921
0.89,887,exact_spending,2,183,183,False,,,20260921
0.89,888,exact_spending,2,180,180,False,,,20260921
0.89,889,exact_spending,0,187,187,False,,,20260921
0.89,890,exact_spending,4,188,188,False,,,20260921
0.89,891,exact_spending,6,181,181,False,,,20260921
0.89,892,exact_spending,7,181,181,False,,,20260921
0.89,893,exact_spending,1,183,183,False,,,20260921
0.89,894,exact_spending,3,185,185,False,,,20260921
0.89,895,exact_spending,6,185,185,False,,,20260921
0.89,896,exact_spending,6,184,184,False,,,20260921
0.89,897,exact_spending,7,184,184,False,,,20260921
0.89,898,exact_spending,1,182,182,False,,,20260921
0.89,899,exact_spending,7,184,184,False,,,20260921
0.89,900,exact_spending,3,185,185,False,,,20260921
0.89,901,exact_spending,3,183,183,False,,,20260921
0.89,902,exact_spending,0,182,182,False,,,20260921
0.89,903,exact_spending,7,184,184,False,,,20260921
0.89,904,exact_spending,7,183,183,False,,,20260921
0.89,905,exact_spending,1,185,185,False,,,20260921
0.89,906,exact_spending,3,183,183,False,,,20260921
0.89,907,exact_spending,1,190,190,False,,,20260921
0.89,908,exact_spending,4,182,182,False,,,20260921
0.89,909,exact_spending,1,187,187,False,,,20260921
0.89,910,exact_spending,2,187,187,False,,,20260921
0.89,911,exact_spending,0,186,186,False,,,20260921
0.89,912,exact_spending,5,185,185,False,,,20260921
0.89,913,exact_spending,2,180,180,False,,,20260921
0.89,914,exact_spending,6,186,186,False,,,20260921
0.89,915,exact_spending,2,188,188,False,,,20260921
0.89,916,exact_spending,5,191,191,False,,,20260921
0.89,917,exact_spending,0,187,187,False,,,20260921
0.89,918,exact_spending,3,182,182,False,,,20260921
0.89,919,exact_spending,2,181,181,False,,,20260921
0.89,920,exact_spending,7,181,181,False,,,20260921
0.89,921,exact_spending,2,181,181,False,,,20260921
0.89,922,exact_spending,1,182,182,False,,,20260921
0.89,923,exact_spending,2,185,185,False,,,20260921
0.89,924,exact_spending,4,180,180,False,,,20260921
0.89,925,exact_spending,5,186,186,False,,,20260921
0.89,926,exact_spending,0,181,181,False,,,20260921
0.89,927,exact_spending,6,184,184,False,,,20260921
0.89,928,exact_spending,3,184,184,False,,,20260921
0.89,929,exact_spending,1,179,179,False,,,20260921
0.89,930,exact_spending,5,183,183,False,,,20260921
0.89,931,exact_spending,4,183,183,False,,,20260921
0.89,932,exact_spending,6,181,181,False,,,20260921
0.89,933,exact_spending,1,184,184,False,,,20260921
0.89,934,exact_spending,3,183,183,False,,,20260921
0.89,935,exact_spending,2,185,185,False,,,20260921
0.89,936,exact_spending,5,183,183,False,,,20260921
0.89,937,exact_spending,5,180,180,False,,,20260921
0.89,938,exact_spending,3,188,188,False,,,20260921
0.89,939,exact_spending,6,185,185,False,,,20260921
0.89,940,exact_spending,2,183,183,False,,,20260921
0.89,941,exact_spending,3,188,188,False,,,20260921
0.89,942,exact_spending,6,185,185,False,,,20260921
0.89,943,exact_spending,7,186,186,False,,,20260921
0.89,944,exact_spending,2,184,184,False,,,20260921
0.89,945,exact_spending,1,185,185,False,,,20260921
0.89,946,exact_spending,3,184,184,False,,,20260921
0.89,947,exact_spending,1,185,185,False,,,20260921
0.89,948,exact_spending,2,186,186,False,,,20260921
0.89,949,exact_spending,0,184,184,False,,,20260921
0.89,950,exact_spending,2,183,183,False,,,20260921
0.89,951,exact_spending,0,184,184,False,,,20260921
0.89,952,exact_spending,1,181,181,False,,,20260921
0.89,953,exact_spending,3,178,178,False,,,20260921
0.89,954,exact_spending,0,191,191,False,,,20260921
0.89,955,exact_spending,1,181,181,False,,,20260921
0.89,956,exact_spending,7,183,183,False,,,20260921
0.89,957,exact_spending,1,181,181,False,,,20260921
0.89,958,exact_spending,3,185,185,False,,,20260921
0.89,959,exact_spending,1,183,183,False,,,20260921
0.89,960,exact_spending,1,188,188,False,,,20260921
0.89,961,exact_spending,4,186,186,False,,,20260921
0.89,962,exact_spending,0,186,186,False,,,20260921
0.89,963,exact_spending,1,185,185,False,,,20260921
0.89,964,exact_spending,6,180,180,False,,,20260921
0.89,965,exact_spending,2,188,188,False,,,20260921
0.89,966,exact_spending,7,184,184,False,,,20260921
0.89,967,exact_spending,4,182,182,False,,,20260921
0.89,968,exact_spending,6,185,185,False,,,20260921
0.89,969,exact_spending,2,182,182,False,,,20260921
0.89,970,exact_spending,4,181,181,False,,,20260921
0.89,971,exact_spending,2,185,185,False,,,20260921
0.89,972,exact_spending,6,183,183,False,,,20260921
0.89,973,exact_spending,2,184,184,False,,,20260921
0.89,974,exact_spending,3,185,185,False,,,20260921
0.89,975,exact_spending,4,184,184,False,,,20260921
0.89,976,exact_spending,6,187,187,False,,,20260921
0.89,977,exact_spending,0,184,184,False,,,20260921
0.89,978,exact_spending,7,186,186,False,,,20260921
0.89,979,exact_spending,1,184,184,False,,,20260921
0.89,980,exact_spending,2,186,186,False,,,20260921
0.89,981,exact_spending,2,184,184,False,,,20260921
0.89,982,exact_spending,7,186,186,False,,,20260921
0.89,983,exact_spending,0,185,185,False,,,20260921
0.89,984,exact_spending,2,185,185,False,,,20260921
0.89,985,exact_spending,4,181,181,False,,,20260921
0.89,986,exact_spending,7,185,185,False,,,20260921
0.89,987,exact_spending,2,187,187,False,,,20260921
0.89,988,exact_spending,6,182,182,False,,,20260921
0.89,989,exact_spending,2,181,181,False,,,20260921
0.89,990,exact_spending,2,183,183,False,,,20260921
0.89,991,exact_spending,4,185,185,False,,,20260921
0.89,992,exact_spending,5,188,188,False,,,20260921
0.89,993,exact_spending,2,186,186,False,,,20260921
0.89,994,exact_spending,4,188,188,False,,,20260921
0.89,995,exact_spending,4,182,182,False,,,20260921
0.89,996,exact_spending,5,183,183,False,,,20260921
0.89,997,exact_spending,7,186,186,False,,,20260921
0.89,998,exact_spending,1,187,187,False,,,20260921
0.89,999,exact_spending,4,182,182,False,,,20260921
0.89,0,paper_hoeffding,4,186,186,False,,,20260921
0.89,1,paper_hoeffding,2,183,183,False,,,20260921
0.89,2,paper_hoeffding,3,188,188,False,,,20260921
0.89,3,paper_hoeffding,4,184,184,False,,,20260921
0.89,4,paper_hoeffding,4,185,185,False,,,20260921
0.89,5,paper_hoeffding,7,184,184,False,,,20260921
0.89,6,paper_hoeffding,2,184,184,False,,,20260921
0.89,7,paper_hoeffding,0,183,183,False,,,20260921
0.89,8,paper_hoeffding,4,187,187,False,,,20260921
0.89,9,paper_hoeffding,1,185,185,False,,,20260921
0.89,10,paper_hoeffding,1,185,185,False,,,20260921
0.89,11,paper_hoeffding,2,185,185,False,,,20260921
0.89,12,paper_hoeffding,2,184,184,False,,,20260921
0.89,13,paper_hoeffding,2,182,182,False,,,20260921
0.89,14,paper_hoeffding,7,187,187,False,,,20260921
0.89,15,paper_hoeffding,3,183,183,False,,,20260921
0.89,16,paper_hoeffding,1,188,188,False,,,20260921
0.89,17,paper_hoeffding,0,187,187,False,,,20260921
0.89,18,paper_hoeffding,0,182,182,False,,,20260921
0.89,19,paper_hoeffding,2,183,183,False,,,20260921
0.89,20,paper_hoeffding,0,182,182,False,,,20260921
0.89,21,paper_hoeffding,1,183,183,False,,,20260921
0.89,22,paper_hoeffding,5,182,182,False,,,20260921
0.89,23,paper_hoeffding,3,183,183,False,,,20260921
0.89,24,paper_hoeffding,4,182,182,False,,,20260921
0.89,25,paper_hoeffding,5,184,184,False,,,20260921
0.89,26,paper_hoeffding,3,185,185,False,,,20260921
0.89,27,paper_hoeffding,5,184,184,False,,,20260921
0.89,28,paper_hoeffding,0,185,185,False,,,20260921
0.89,29,paper_hoeffding,1,185,185,False,,,20260921
0.89,30,paper_hoeffding,6,187,187,False,,,20260921
0.89,31,paper_hoeffding,0,181,181,False,,,20260921
0.89,32,paper_hoeffding,1,183,183,False,,,20260921
0.89,33,paper_hoeffding,4,184,184,False,,,20260921
0.89,34,paper_hoeffding,5,183,183,False,,,20260921
0.89,35,paper_hoeffding,3,186,186,False,,,20260921
0.89,36,paper_hoeffding,1,183,183,False,,,20260921
0.89,37,paper_hoeffding,2,181,181,False,,,20260921
0.89,38,paper_hoeffding,3,183,183,False,,,20260921
0.89,39,paper_hoeffding,0,184,184,False,,,20260921
0.89,40,paper_hoeffding,0,184,184,False,,,20260921
0.89,41,paper_hoeffding,0,183,183,False,,,20260921
0.89,42,paper_hoeffding,2,184,184,False,,,20260921
0.89,43,paper_hoeffding,7,184,184,False,,,20260921
0.89,44,paper_hoeffding,4,187,187,False,,,20260921
0.89,45,paper_hoeffding,0,184,184,False,,,20260921
0.89,46,paper_hoeffding,5,189,189,False,,,20260921
0.89,47,paper_hoeffding,2,186,186,False,,,20260921
0.89,48,paper_hoeffding,6,185,185,False,,,20260921
0.89,49,paper_hoeffding,3,181,181,False,,,20260921
0.89,50,paper_hoeffding,0,180,180,False,,,20260921
0.89,51,paper_hoeffding,1,182,182,False,,,20260921
0.89,52,paper_hoeffding,2,188,188,False,,,20260921
0.89,53,paper_hoeffding,1,187,187,False,,,20260921
0.89,54,paper_hoeffding,6,185,185,False,,,20260921
0.89,55,paper_hoeffding,5,185,185,False,,,20260921
0.89,56,paper_hoeffding,2,183,183,False,,,20260921
0.89,57,paper_hoeffding,5,185,185,False,,,20260921
0.89,58,paper_hoeffding,1,186,186,False,,,20260921
0.89,59,paper_hoeffding,7,188,188,False,,,20260921
0.89,60,paper_hoeffding,3,191,191,False,,,20260921
0.89,61,paper_hoeffding,5,188,188,False,,,20260921
0.89,62,paper_hoeffding,2,179,179,False,,,20260921
0.89,63,paper_hoeffding,6,185,185,False,,,20260921
0.89,64,paper_hoeffding,0,184,184,False,,,20260921
0.89,65,paper_hoeffding,6,187,187,False,,,20260921
0.89,66,paper_hoeffding,4,185,185,False,,,20260921
0.89,67,paper_hoeffding,2,185,185,False,,,20260921
0.89,68,paper_hoeffding,4,186,186,False,,,20260921
0.89,69,paper_hoeffding,6,181,181,False,,,20260921
0.89,70,paper_hoeffding,0,181,181,False,,,20260921
0.89,71,paper_hoeffding,6,187,187,False,,,20260921
0.89,72,paper_hoeffding,4,187,187,False,,,20260921
0.89,73,paper_hoeffding,3,188,188,False,,,20260921
0.89,74,paper_hoeffding,3,180,180,False,,,20260921
0.89,75,paper_hoeffding,3,186,186,False,,,20260921
0.89,76,paper_hoeffding,4,191,191,False,,,20260921
0.89,77,paper_hoeffding,3,185,185,False,,,20260921
0.89,78,paper_hoeffding,1,185,185,False,,,20260921
0.89,79,paper_hoeffding,1,188,188,False,,,20260921
0.89,80,paper_hoeffding,4,182,182,False,,,20260921
0.89,81,paper_hoeffding,0,181,181,False,,,20260921
0.89,82,paper_hoeffding,5,184,184,False,,,20260921
0.89,83,paper_hoeffding,1,181,181,False,,,20260921
0.89,84,paper_hoeffding,7,182,182,False,,,20260921
0.89,85,paper_hoeffding,1,183,183,False,,,20260921
0.89,86,paper_hoeffding,3,184,184,False,,,20260921
0.89,87,paper_hoeffding,4,185,185,False,,,20260921
0.89,88,paper_hoeffding,1,185,185,False,,,20260921
0.89,89,paper_hoeffding,2,189,189,False,,,20260921
0.89,90,paper_hoeffding,6,182,182,False,,,20260921
0.89,91,paper_hoeffding,3,187,187,False,,,20260921
0.89,92,paper_hoeffding,3,185,185,False,,,20260921
0.89,93,paper_hoeffding,6,186,186,False,,,20260921
0.89,94,paper_hoeffding,6,183,183,False,,,20260921
0.89,95,paper_hoeffding,6,186,186,False,,,20260921
0.89,96,paper_hoeffding,5,186,186,False,,,20260921
0.89,97,paper_hoeffding,1,184,184,False,,,20260921
0.89,98,paper_hoeffding,0,182,182,False,,,20260921
0.89,99,paper_hoeffding,2,178,178,False,,,20260921
0.89,100,paper_hoeffding,0,182,182,False,,,20260921
0.89,101,paper_hoeffding,4,183,183,False,,,20260921
0.89,102,paper_hoeffding,1,185,185,False,,,20260921
0.89,103,paper_hoeffding,7,187,187,False,,,20260921
0.89,104,paper_hoeffding,5,180,180,False,,,20260921
0.89,105,paper_hoeffding,0,181,181,False,,,20260921
0.89,106,paper_hoeffding,4,184,184,False,,,20260921
0.89,107,paper_hoeffding,7,185,185,False,,,20260921
0.89,108,paper_hoeffding,4,184,184,False,,,20260921
0.89,109,paper_hoeffding,2,182,182,False,,,20260921
0.89,110,paper_hoeffding,2,183,183,False,,,20260921
0.89,111,paper_hoeffding,6,187,187,False,,,20260921
0.89,112,paper_hoeffding,0,183,183,False,,,20260921
0.89,113,paper_hoeffding,6,181,181,False,,,20260921
0.89,114,paper_hoeffding,4,185,185,False,,,20260921
0.89,115,paper_hoeffding,2,182,182,False,,,20260921
0.89,116,paper_hoeffding,7,182,182,False,,,20260921
0.89,117,paper_hoeffding,2,189,189,False,,,20260921
0.89,118,paper_hoeffding,2,184,184,False,,,20260921
0.89,119,paper_hoeffding,1,181,181,False,,,20260921
0.89,120,paper_hoeffding,6,186,186,False,,,20260921
0.89,121,paper_hoeffding,2,182,182,False,,,20260921
0.89,122,paper_hoeffding,5,185,185,False,,,20260921
0.89,123,paper_hoeffding,3,182,182,False,,,20260921
0.89,124,paper_hoeffding,7,182,182,False,,,20260921
0.89,125,paper_hoeffding,7,182,182,False,,,20260921
0.89,126,paper_hoeffding,7,185,185,False,,,20260921
0.89,127,paper_hoeffding,2,184,184,False,,,20260921
0.89,128,paper_hoeffding,5,186,186,False,,,20260921
0.89,129,paper_hoeffding,3,185,185,False,,,20260921
0.89,130,paper_hoeffding,2,181,181,False,,,20260921
0.89,131,paper_hoeffding,4,181,181,False,,,20260921
0.89,132,paper_hoeffding,2,180,180,False,,,20260921
0.89,133,paper_hoeffding,0,180,180,False,,,20260921
0.89,134,paper_hoeffding,5,184,184,False,,,20260921
0.89,135,paper_hoeffding,3,181,181,False,,,20260921
0.89,136,paper_hoeffding,4,188,188,False,,,20260921
0.89,137,paper_hoeffding,7,185,185,False,,,20260921
0.89,138,paper_hoeffding,5,181,181,False,,,20260921
0.89,139,paper_hoeffding,0,183,183,False,,,20260921
0.89,140,paper_hoeffding,5,184,184,False,,,20260921
0.89,141,paper_hoeffding,1,179,179,False,,,20260921
0.89,142,paper_hoeffding,0,183,183,False,,,20260921
0.89,143,paper_hoeffding,5,184,184,False,,,20260921
0.89,144,paper_hoeffding,7,183,183,False,,,20260921
0.89,145,paper_hoeffding,6,184,184,False,,,20260921
0.89,146,paper_hoeffding,0,183,183,False,,,20260921
0.89,147,paper_hoeffding,2,185,185,False,,,20260921
0.89,148,paper_hoeffding,1,183,183,False,,,20260921
0.89,149,paper_hoeffding,3,181,181,False,,,20260921
0.89,150,paper_hoeffding,4,182,182,False,,,20260921
0.89,151,paper_hoeffding,0,185,185,False,,,20260921
0.89,152,paper_hoeffding,5,187,187,False,,,20260921
0.89,153,paper_hoeffding,0,183,183,False,,,20260921
0.89,154,paper_hoeffding,5,184,184,False,,,20260921
0.89,155,paper_hoeffding,6,184,184,False,,,20260921
0.89,156,paper_hoeffding,1,191,191,False,,,20260921
0.89,157,paper_hoeffding,5,183,183,False,,,20260921
0.89,158,paper_hoeffding,2,184,184,False,,,20260921
0.89,159,paper_hoeffding,0,183,183,False,,,20260921
0.89,160,paper_hoeffding,7,188,188,False,,,20260921
0.89,161,paper_hoeffding,3,187,187,False,,,20260921
0.89,162,paper_hoeffding,3,182,182,False,,,20260921
0.89,163,paper_hoeffding,6,189,189,False,,,20260921
0.89,164,paper_hoeffding,5,182,182,False,,,20260921
0.89,165,paper_hoeffding,5,186,186,False,,,20260921
0.89,166,paper_hoeffding,0,186,186,False,,,20260921
0.89,167,paper_hoeffding,6,185,185,False,,,20260921
0.89,168,paper_hoeffding,3,184,184,False,,,20260921
0.89,169,paper_hoeffding,7,188,188,False,,,20260921
0.89,170,paper_hoeffding,6,184,184,False,,,20260921
0.89,171,paper_hoeffding,2,185,185,False,,,20260921
0.89,172,paper_hoeffding,0,186,186,False,,,20260921
0.89,173,paper_hoeffding,0,183,183,False,,,20260921
0.89,174,paper_hoeffding,4,184,184,False,,,20260921
0.89,175,paper_hoeffding,1,184,184,False,,,20260921
0.89,176,paper_hoeffding,7,183,183,False,,,20260921
0.89,177,paper_hoeffding,5,187,187,False,,,20260921
0.89,178,paper_hoeffding,0,184,184,False,,,20260921
0.89,179,paper_hoeffding,1,184,184,False,,,20260921
0.89,180,paper_hoeffding,1,184,184,False,,,20260921
0.89,181,paper_hoeffding,0,185,185,False,,,20260921
0.89,182,paper_hoeffding,4,182,182,False,,,20260921
0.89,183,paper_hoeffding,2,187,187,False,,,20260921
0.89,184,paper_hoeffding,0,181,181,False,,,20260921
0.89,185,paper_hoeffding,6,182,182,False,,,20260921
0.89,186,paper_hoeffding,3,186,186,False,,,20260921
0.89,187,paper_hoeffding,2,187,187,False,,,20260921
0.89,188,paper_hoeffding,1,188,188,False,,,20260921
0.89,189,paper_hoeffding,4,182,182,False,,,20260921
0.89,190,paper_hoeffding,1,180,180,False,,,20260921
0.89,191,paper_hoeffding,7,184,184,False,,,20260921
0.89,192,paper_hoeffding,7,188,188,False,,,20260921
0.89,193,paper_hoeffding,6,188,188,False,,,20260921
0.89,194,paper_hoeffding,2,184,184,False,,,20260921
0.89,195,paper_hoeffding,0,185,185,False,,,20260921
0.89,196,paper_hoeffding,5,186,186,False,,,20260921
0.89,197,paper_hoeffding,0,183,183,False,,,20260921
0.89,198,paper_hoeffding,4,185,185,False,,,20260921
0.89,199,paper_hoeffding,4,188,188,False,,,20260921
0.89,200,paper_hoeffding,7,186,186,False,,,20260921
0.89,201,paper_hoeffding,4,190,190,False,,,20260921
0.89,202,paper_hoeffding,6,183,183,False,,,20260921
0.89,203,paper_hoeffding,2,185,185,False,,,20260921
0.89,204,paper_hoeffding,1,186,186,False,,,20260921
0.89,205,paper_hoeffding,3,179,179,False,,,20260921
0.89,206,paper_hoeffding,2,180,180,False,,,20260921
0.89,207,paper_hoeffding,1,184,184,False,,,20260921
0.89,208,paper_hoeffding,6,186,186,False,,,20260921
0.89,209,paper_hoeffding,2,183,183,False,,,20260921
0.89,210,paper_hoeffding,3,183,183,False,,,20260921
0.89,211,paper_hoeffding,0,181,181,False,,,20260921
0.89,212,paper_hoeffding,6,185,185,False,,,20260921
0.89,213,paper_hoeffding,6,183,183,False,,,20260921
0.89,214,paper_hoeffding,3,184,184,False,,,20260921
0.89,215,paper_hoeffding,7,181,181,False,,,20260921
0.89,216,paper_hoeffding,0,184,184,False,,,20260921
0.89,217,paper_hoeffding,3,183,183,False,,,20260921
0.89,218,paper_hoeffding,1,181,181,False,,,20260921
0.89,219,paper_hoeffding,4,184,184,False,,,20260921
0.89,220,paper_hoeffding,6,188,188,False,,,20260921
0.89,221,paper_hoeffding,6,181,181,False,,,20260921
0.89,222,paper_hoeffding,2,182,182,False,,,20260921
0.89,223,paper_hoeffding,4,187,187,False,,,20260921
0.89,224,paper_hoeffding,3,181,181,False,,,20260921
0.89,225,paper_hoeffding,2,182,182,False,,,20260921
0.89,226,paper_hoeffding,3,185,185,False,,,20260921
0.89,227,paper_hoeffding,0,185,185,False,,,20260921
0.89,228,paper_hoeffding,1,187,187,False,,,20260921
0.89,229,paper_hoeffding,4,185,185,False,,,20260921
0.89,230,paper_hoeffding,6,189,189,False,,,20260921
0.89,231,paper_hoeffding,4,185,185,False,,,20260921
0.89,232,paper_hoeffding,5,189,189,False,,,20260921
0.89,233,paper_hoeffding,0,183,183,False,,,20260921
0.89,234,paper_hoeffding,7,185,185,False,,,20260921
0.89,235,paper_hoeffding,5,183,183,False,,,20260921
0.89,236,paper_hoeffding,3,184,184,False,,,20260921
0.89,237,paper_hoeffding,2,188,188,False,,,20260921
0.89,238,paper_hoeffding,3,184,184,False,,,20260921
0.89,239,paper_hoeffding,0,186,186,False,,,20260921
0.89,240,paper_hoeffding,1,184,184,False,,,20260921
0.89,241,paper_hoeffding,2,182,182,False,,,20260921
0.89,242,paper_hoeffding,4,182,182,False,,,20260921
0.89,243,paper_hoeffding,3,185,185,False,,,20260921
0.89,244,paper_hoeffding,6,187,187,False,,,20260921
0.89,245,paper_hoeffding,5,188,188,False,,,20260921
0.89,246,paper_hoeffding,5,186,186,False,,,20260921
0.89,247,paper_hoeffding,1,189,189,False,,,20260921
0.89,248,paper_hoeffding,2,185,185,False,,,20260921
0.89,249,paper_hoeffding,6,186,186,False,,,20260921
0.89,250,paper_hoeffding,2,181,181,False,,,20260921
0.89,251,paper_hoeffding,2,187,187,False,,,20260921
0.89,252,paper_hoeffding,2,180,180,False,,,20260921
0.89,253,paper_hoeffding,1,179,179,False,,,20260921
0.89,254,paper_hoeffding,4,184,184,False,,,20260921
0.89,255,paper_hoeffding,3,186,186,False,,,20260921
0.89,256,paper_hoeffding,2,185,185,False,,,20260921
0.89,257,paper_hoeffding,2,184,184,False,,,20260921
0.89,258,paper_hoeffding,4,185,185,False,,,20260921
0.89,259,paper_hoeffding,7,181,181,False,,,20260921
0.89,260,paper_hoeffding,1,184,184,False,,,20260921
0.89,261,paper_hoeffding,5,185,185,False,,,20260921
0.89,262,paper_hoeffding,7,184,184,False,,,20260921
0.89,263,paper_hoeffding,1,183,183,False,,,20260921
0.89,264,paper_hoeffding,2,179,179,False,,,20260921
0.89,265,paper_hoeffding,3,186,186,False,,,20260921
0.89,266,paper_hoeffding,1,186,186,False,,,20260921
0.89,267,paper_hoeffding,2,183,183,False,,,20260921
0.89,268,paper_hoeffding,1,183,183,False,,,20260921
0.89,269,paper_hoeffding,0,186,186,False,,,20260921
0.89,270,paper_hoeffding,6,182,182,False,,,20260921
0.89,271,paper_hoeffding,2,185,185,False,,,20260921
0.89,272,paper_hoeffding,2,186,186,False,,,20260921
0.89,273,paper_hoeffding,2,190,190,False,,,20260921
0.89,274,paper_hoeffding,4,186,186,False,,,20260921
0.89,275,paper_hoeffding,0,183,183,False,,,20260921
0.89,276,paper_hoeffding,0,185,185,False,,,20260921
0.89,277,paper_hoeffding,5,185,185,False,,,20260921
0.89,278,paper_hoeffding,7,188,188,False,,,20260921
0.89,279,paper_hoeffding,5,185,185,False,,,20260921
0.89,280,paper_hoeffding,4,184,184,False,,,20260921
0.89,281,paper_hoeffding,0,182,182,False,,,20260921
0.89,282,paper_hoeffding,2,185,185,False,,,20260921
0.89,283,paper_hoeffding,2,184,184,False,,,20260921
0.89,284,paper_hoeffding,7,185,185,False,,,20260921
0.89,285,paper_hoeffding,5,183,183,False,,,20260921
0.89,286,paper_hoeffding,4,182,182,False,,,20260921
0.89,287,paper_hoeffding,1,183,183,False,,,20260921
0.89,288,paper_hoeffding,7,183,183,False,,,20260921
0.89,289,paper_hoeffding,3,186,186,False,,,20260921
0.89,290,paper_hoeffding,4,183,183,False,,,20260921
0.89,291,paper_hoeffding,4,182,182,False,,,20260921
0.89,292,paper_hoeffding,6,180,180,False,,,20260921
0.89,293,paper_hoeffding,2,183,183,False,,,20260921
0.89,294,paper_hoeffding,0,184,184,False,,,20260921
0.89,295,paper_hoeffding,3,182,182,False,,,20260921
0.89,296,paper_hoeffding,4,183,183,False,,,20260921
0.89,297,paper_hoeffding,6,184,184,False,,,20260921
0.89,298,paper_hoeffding,5,189,189,False,,,20260921
0.89,299,paper_hoeffding,5,186,186,False,,,20260921
0.89,300,paper_hoeffding,1,182,182,False,,,20260921
0.89,301,paper_hoeffding,0,185,185,False,,,20260921
0.89,302,paper_hoeffding,1,185,185,False,,,20260921
0.89,303,paper_hoeffding,0,185,185,False,,,20260921
0.89,304,paper_hoeffding,2,188,188,False,,,20260921
0.89,305,paper_hoeffding,2,186,186,False,,,20260921
0.89,306,paper_hoeffding,5,185,185,False,,,20260921
0.89,307,paper_hoeffding,1,187,187,False,,,20260921
0.89,308,paper_hoeffding,1,186,186,False,,,20260921
0.89,309,paper_hoeffding,2,186,186,False,,,20260921
0.89,310,paper_hoeffding,3,181,181,False,,,20260921
0.89,311,paper_hoeffding,0,183,183,False,,,20260921
0.89,312,paper_hoeffding,5,183,183,False,,,20260921
0.89,313,paper_hoeffding,4,188,188,False,,,20260921
0.89,314,paper_hoeffding,0,181,181,False,,,20260921
0.89,315,paper_hoeffding,2,186,186,False,,,20260921
0.89,316,paper_hoeffding,5,186,186,False,,,20260921
0.89,317,paper_hoeffding,2,183,183,False,,,20260921
0.89,318,paper_hoeffding,3,184,184,False,,,20260921
0.89,319,paper_hoeffding,7,186,186,False,,,20260921
0.89,320,paper_hoeffding,2,186,186,False,,,20260921
0.89,321,paper_hoeffding,1,185,185,False,,,20260921
0.89,322,paper_hoeffding,5,184,184,False,,,20260921
0.89,323,paper_hoeffding,0,184,184,False,,,20260921
0.89,324,paper_hoeffding,2,182,182,False,,,20260921
0.89,325,paper_hoeffding,3,186,186,False,,,20260921
0.89,326,paper_hoeffding,4,184,184,False,,,20260921
0.89,327,paper_hoeffding,3,188,188,False,,,20260921
0.89,328,paper_hoeffding,3,185,185,False,,,20260921
0.89,329,paper_hoeffding,4,187,187,False,,,20260921
0.89,330,paper_hoeffding,6,185,185,False,,,20260921
0.89,331,paper_hoeffding,2,184,184,False,,,20260921
0.89,332,paper_hoeffding,3,187,187,False,,,20260921
0.89,333,paper_hoeffding,3,185,185,False,,,20260921
0.89,334,paper_hoeffding,6,183,183,False,,,20260921
0.89,335,paper_hoeffding,4,184,184,False,,,20260921
0.89,336,paper_hoeffding,0,189,189,False,,,20260921
0.89,337,paper_hoeffding,4,187,187,False,,,20260921
0.89,338,paper_hoeffding,6,185,185,False,,,20260921
0.89,339,paper_hoeffding,2,183,183,False,,,20260921
0.89,340,paper_hoeffding,3,187,187,False,,,20260921
0.89,341,paper_hoeffding,6,184,184,False,,,20260921
0.89,342,paper_hoeffding,7,187,187,False,,,20260921
0.89,343,paper_hoeffding,4,186,186,False,,,20260921
0.89,344,paper_hoeffding,3,188,188,False,,,20260921
0.89,345,paper_hoeffding,4,187,187,False,,,20260921
0.89,346,paper_hoeffding,3,183,183,False,,,20260921
0.89,347,paper_hoeffding,6,182,182,False,,,20260921
0.89,348,paper_hoeffding,3,181,181,False,,,20260921
0.89,349,paper_hoeffding,6,186,186,False,,,20260921
0.89,350,paper_hoeffding,7,183,183,False,,,20260921
0.89,351,paper_hoeffding,0,183,183,False,,,20260921
0.89,352,paper_hoeffding,3,185,185,False,,,20260921
0.89,353,paper_hoeffding,5,184,184,False,,,20260921
0.89,354,paper_hoeffding,4,182,182,False,,,20260921
0.89,355,paper_hoeffding,1,185,185,False,,,20260921
0.89,356,paper_hoeffding,2,183,183,False,,,20260921
0.89,357,paper_hoeffding,5,184,184,False,,,20260921
0.89,358,paper_hoeffding,3,184,184,False,,,20260921
0.89,359,paper_hoeffding,0,184,184,False,,,20260921
0.89,360,paper_hoeffding,4,182,182,False,,,20260921
0.89,361,paper_hoeffding,0,186,186,False,,,20260921
0.89,362,paper_hoeffding,5,181,181,False,,,20260921
0.89,363,paper_hoeffding,0,186,186,False,,,20260921
0.89,364,paper_hoeffding,1,188,188,False,,,20260921
0.89,365,paper_hoeffding,2,188,188,False,,,20260921
0.89,366,paper_hoeffding,0,186,186,False,,,20260921
0.89,367,paper_hoeffding,4,186,186,False,,,20260921
0.89,368,paper_hoeffding,1,182,182,False,,,20260921
0.89,369,paper_hoeffding,7,183,183,False,,,20260921
0.89,370,paper_hoeffding,4,182,182,False,,,20260921
0.89,371,paper_hoeffding,4,185,185,False,,,20260921
0.89,372,paper_hoeffding,3,186,186,False,,,20260921
0.89,373,paper_hoeffding,0,181,181,False,,,20260921
0.89,374,paper_hoeffding,5,184,184,False,,,20260921
0.89,375,paper_hoeffding,2,183,183,False,,,20260921
0.89,376,paper_hoeffding,4,186,186,False,,,20260921
0.89,377,paper_hoeffding,0,185,185,False,,,20260921
0.89,378,paper_hoeffding,0,181,181,False,,,20260921
0.89,379,paper_hoeffding,0,187,187,False,,,20260921
0.89,380,paper_hoeffding,7,188,188,False,,,20260921
0.89,381,paper_hoeffding,6,184,184,False,,,20260921
0.89,382,paper_hoeffding,6,184,184,False,,,20260921
0.89,383,paper_hoeffding,3,184,184,False,,,20260921
0.89,384,paper_hoeffding,3,187,187,False,,,20260921
0.89,385,paper_hoeffding,3,184,184,False,,,20260921
0.89,386,paper_hoeffding,3,187,187,False,,,20260921
0.89,387,paper_hoeffding,0,188,188,False,,,20260921
0.89,388,paper_hoeffding,5,182,182,False,,,20260921
0.89,389,paper_hoeffding,4,182,182,False,,,20260921
0.89,390,paper_hoeffding,1,187,187,False,,,20260921
0.89,391,paper_hoeffding,0,186,186,False,,,20260921
0.89,392,paper_hoeffding,6,182,182,False,,,20260921
0.89,393,paper_hoeffding,7,185,185,False,,,20260921
0.89,394,paper_hoeffding,2,182,182,False,,,20260921
0.89,395,paper_hoeffding,2,183,183,False,,,20260921
0.89,396,paper_hoeffding,0,186,186,False,,,20260921
0.89,397,paper_hoeffding,3,180,180,False,,,20260921
0.89,398,paper_hoeffding,5,189,189,False,,,20260921
0.89,399,paper_hoeffding,4,180,180,False,,,20260921
0.89,400,paper_hoeffding,5,183,183,False,,,20260921
0.89,401,paper_hoeffding,5,185,185,False,,,20260921
0.89,402,paper_hoeffding,0,183,183,False,,,20260921
0.89,403,paper_hoeffding,7,181,181,False,,,20260921
0.89,404,paper_hoeffding,1,181,181,False,,,20260921
0.89,405,paper_hoeffding,7,181,181,False,,,20260921
0.89,406,paper_hoeffding,0,186,186,False,,,20260921
0.89,407,paper_hoeffding,7,184,184,False,,,20260921
0.89,408,paper_hoeffding,1,188,188,False,,,20260921
0.89,409,paper_hoeffding,5,182,182,False,,,20260921
0.89,410,paper_hoeffding,0,181,181,False,,,20260921
0.89,411,paper_hoeffding,3,188,188,False,,,20260921
0.89,412,paper_hoeffding,0,184,184,False,,,20260921
0.89,413,paper_hoeffding,3,184,184,False,,,20260921
0.89,414,paper_hoeffding,2,185,185,False,,,20260921
0.89,415,paper_hoeffding,1,181,181,False,,,20260921
0.89,416,paper_hoeffding,7,186,186,False,,,20260921
0.89,417,paper_hoeffding,1,185,185,False,,,20260921
0.89,418,paper_hoeffding,6,181,181,False,,,20260921
0.89,419,paper_hoeffding,5,185,185,False,,,20260921
0.89,420,paper_hoeffding,2,184,184,False,,,20260921
0.89,421,paper_hoeffding,1,182,182,False,,,20260921
0.89,422,paper_hoeffding,7,187,187,False,,,20260921
0.89,423,paper_hoeffding,3,182,182,False,,,20260921
0.89,424,paper_hoeffding,1,183,183,False,,,20260921
0.89,425,paper_hoeffding,4,183,183,False,,,20260921
0.89,426,paper_hoeffding,7,186,186,False,,,20260921
0.89,427,paper_hoeffding,7,183,183,False,,,20260921
0.89,428,paper_hoeffding,3,184,184,False,,,20260921
0.89,429,paper_hoeffding,3,183,183,False,,,20260921
0.89,430,paper_hoeffding,0,186,186,False,,,20260921
0.89,431,paper_hoeffding,7,182,182,False,,,20260921
0.89,432,paper_hoeffding,5,182,182,False,,,20260921
0.89,433,paper_hoeffding,6,179,179,False,,,20260921
0.89,434,paper_hoeffding,1,183,183,False,,,20260921
0.89,435,paper_hoeffding,6,183,183,False,,,20260921
0.89,436,paper_hoeffding,4,189,189,False,,,20260921
0.89,437,paper_hoeffding,3,185,185,False,,,20260921
0.89,438,paper_hoeffding,1,185,185,False,,,20260921
0.89,439,paper_hoeffding,5,184,184,False,,,20260921
0.89,440,paper_hoeffding,1,191,191,False,,,20260921
0.89,441,paper_hoeffding,7,183,183,False,,,20260921
0.89,442,paper_hoeffding,4,183,183,False,,,20260921
0.89,443,paper_hoeffding,3,182,182,False,,,20260921
0.89,444,paper_hoeffding,4,184,184,False,,,20260921
0.89,445,paper_hoeffding,2,184,184,False,,,20260921
0.89,446,paper_hoeffding,7,184,184,False,,,20260921
0.89,447,paper_hoeffding,3,185,185,False,,,20260921
0.89,448,paper_hoeffding,2,184,184,False,,,20260921
0.89,449,paper_hoeffding,6,187,187,False,,,20260921
0.89,450,paper_hoeffding,1,182,182,False,,,20260921
0.89,451,paper_hoeffding,2,184,184,False,,,20260921
0.89,452,paper_hoeffding,4,182,182,False,,,20260921
0.89,453,paper_hoeffding,6,181,181,False,,,20260921
0.89,454,paper_hoeffding,5,179,179,False,,,20260921
0.89,455,paper_hoeffding,0,190,190,False,,,20260921
0.89,456,paper_hoeffding,5,190,190,False,,,20260921
0.89,457,paper_hoeffding,0,181,181,False,,,20260921
0.89,458,paper_hoeffding,0,182,182,False,,,20260921
0.89,459,paper_hoeffding,4,185,185,False,,,20260921
0.89,460,paper_hoeffding,2,186,186,False,,,20260921
0.89,461,paper_hoeffding,2,187,187,False,,,20260921
0.89,462,paper_hoeffding,2,180,180,False,,,20260921
0.89,463,paper_hoeffding,4,186,186,False,,,20260921
0.89,464,paper_hoeffding,6,186,186,False,,,20260921
0.89,465,paper_hoeffding,0,188,188,False,,,20260921
0.89,466,paper_hoeffding,2,179,179,False,,,20260921
0.89,467,paper_hoeffding,4,183,183,False,,,20260921
0.89,468,paper_hoeffding,4,183,183,False,,,20260921
0.89,469,paper_hoeffding,5,180,180,False,,,20260921
0.89,470,paper_hoeffding,1,187,187,False,,,20260921
0.89,471,paper_hoeffding,6,186,186,False,,,20260921
0.89,472,paper_hoeffding,5,189,189,False,,,20260921
0.89,473,paper_hoeffding,7,185,185,False,,,20260921
0.89,474,paper_hoeffding,6,188,188,False,,,20260921
0.89,475,paper_hoeffding,2,187,187,False,,,20260921
0.89,476,paper_hoeffding,0,185,185,False,,,20260921
0.89,477,paper_hoeffding,6,185,185,False,,,20260921
0.89,478,paper_hoeffding,2,182,182,False,,,20260921
0.89,479,paper_hoeffding,5,184,184,False,,,20260921
0.89,480,paper_hoeffding,2,180,180,False,,,20260921
0.89,481,paper_hoeffding,1,185,185,False,,,20260921
0.89,482,paper_hoeffding,4,182,182,False,,,20260921
0.89,483,paper_hoeffding,6,185,185,False,,,20260921
0.89,484,paper_hoeffding,7,180,180,False,,,20260921
0.89,485,paper_hoeffding,2,183,183,False,,,20260921
0.89,486,paper_hoeffding,4,184,184,False,,,20260921
0.89,487,paper_hoeffding,1,183,183,False,,,20260921
0.89,488,paper_hoeffding,5,182,182,False,,,20260921
0.89,489,paper_hoeffding,0,185,185,False,,,20260921
0.89,490,paper_hoeffding,0,185,185,False,,,20260921
0.89,491,paper_hoeffding,7,184,184,False,,,20260921
0.89,492,paper_hoeffding,6,183,183,False,,,20260921
0.89,493,paper_hoeffding,7,187,187,False,,,20260921
0.89,494,paper_hoeffding,5,182,182,False,,,20260921
0.89,495,paper_hoeffding,1,182,182,False,,,20260921
0.89,496,paper_hoeffding,3,188,188,False,,,20260921
0.89,497,paper_hoeffding,1,188,188,False,,,20260921
0.89,498,paper_hoeffding,5,182,182,False,,,20260921
0.89,499,paper_hoeffding,1,184,184,False,,,20260921
0.89,500,paper_hoeffding,4,182,182,False,,,20260921
0.89,501,paper_hoeffding,7,187,187,False,,,20260921
0.89,502,paper_hoeffding,2,186,186,False,,,20260921
0.89,503,paper_hoeffding,0,189,189,False,,,20260921
0.89,504,paper_hoeffding,4,183,183,False,,,20260921
0.89,505,paper_hoeffding,7,184,184,False,,,20260921
0.89,506,paper_hoeffding,2,186,186,False,,,20260921
0.89,507,paper_hoeffding,3,190,190,False,,,20260921
0.89,508,paper_hoeffding,6,187,187,False,,,20260921
0.89,509,paper_hoeffding,5,183,183,False,,,20260921
0.89,510,paper_hoeffding,7,184,184,False,,,20260921
0.89,511,paper_hoeffding,1,183,183,False,,,20260921
0.89,512,paper_hoeffding,0,183,183,False,,,20260921
0.89,513,paper_hoeffding,0,180,180,False,,,20260921
0.89,514,paper_hoeffding,5,185,185,False,,,20260921
0.89,515,paper_hoeffding,6,183,183,False,,,20260921
0.89,516,paper_hoeffding,3,185,185,False,,,20260921
0.89,517,paper_hoeffding,1,181,181,False,,,20260921
0.89,518,paper_hoeffding,7,183,183,False,,,20260921
0.89,519,paper_hoeffding,5,184,184,False,,,20260921
0.89,520,paper_hoeffding,0,181,181,False,,,20260921
0.89,521,paper_hoeffding,3,187,187,False,,,20260921
0.89,522,paper_hoeffding,7,180,180,False,,,20260921
0.89,523,paper_hoeffding,7,183,183,False,,,20260921
0.89,524,paper_hoeffding,5,186,186,False,,,20260921
0.89,525,paper_hoeffding,4,183,183,False,,,20260921
0.89,526,paper_hoeffding,4,180,180,False,,,20260921
0.89,527,paper_hoeffding,6,186,186,False,,,20260921
0.89,528,paper_hoeffding,3,184,184,False,,,20260921
0.89,529,paper_hoeffding,0,181,181,False,,,20260921
0.89,530,paper_hoeffding,4,186,186,False,,,20260921
0.89,531,paper_hoeffding,0,186,186,False,,,20260921
0.89,532,paper_hoeffding,4,181,181,False,,,20260921
0.89,533,paper_hoeffding,1,185,185,False,,,20260921
0.89,534,paper_hoeffding,5,184,184,False,,,20260921
0.89,535,paper_hoeffding,1,185,185,False,,,20260921
0.89,536,paper_hoeffding,4,183,183,False,,,20260921
0.89,537,paper_hoeffding,3,184,184,False,,,20260921
0.89,538,paper_hoeffding,6,184,184,False,,,20260921
0.89,539,paper_hoeffding,7,182,182,False,,,20260921
0.89,540,paper_hoeffding,3,183,183,False,,,20260921
0.89,541,paper_hoeffding,1,187,187,False,,,20260921
0.89,542,paper_hoeffding,6,187,187,False,,,20260921
0.89,543,paper_hoeffding,5,179,179,False,,,20260921
0.89,544,paper_hoeffding,2,184,184,False,,,20260921
0.89,545,paper_hoeffding,7,185,185,False,,,20260921
0.89,546,paper_hoeffding,4,182,182,False,,,20260921
0.89,547,paper_hoeffding,4,182,182,False,,,20260921
0.89,548,paper_hoeffding,4,183,183,False,,,20260921
0.89,549,paper_hoeffding,5,182,182,False,,,20260921
0.89,550,paper_hoeffding,1,188,188,False,,,20260921
0.89,551,paper_hoeffding,5,184,184,False,,,20260921
0.89,552,paper_hoeffding,7,188,188,False,,,20260921
0.89,553,paper_hoeffding,7,190,190,False,,,20260921
0.89,554,paper_hoeffding,2,185,185,False,,,20260921
0.89,555,paper_hoeffding,4,180,180,False,,,20260921
0.89,556,paper_hoeffding,6,185,185,False,,,20260921
0.89,557,paper_hoeffding,7,183,183,False,,,20260921
0.89,558,paper_hoeffding,7,183,183,False,,,20260921
0.89,559,paper_hoeffding,0,182,182,False,,,20260921
0.89,560,paper_hoeffding,1,188,188,False,,,20260921
0.89,561,paper_hoeffding,1,187,187,False,,,20260921
0.89,562,paper_hoeffding,7,184,184,False,,,20260921
0.89,563,paper_hoeffding,1,185,185,False,,,20260921
0.89,564,paper_hoeffding,1,188,188,False,,,20260921
0.89,565,paper_hoeffding,2,186,186,False,,,20260921
0.89,566,paper_hoeffding,1,183,183,False,,,20260921
0.89,567,paper_hoeffding,3,181,181,False,,,20260921
0.89,568,paper_hoeffding,1,185,185,False,,,20260921
0.89,569,paper_hoeffding,4,187,187,False,,,20260921
0.89,570,paper_hoeffding,4,185,185,False,,,20260921
0.89,571,paper_hoeffding,4,186,186,False,,,20260921
0.89,572,paper_hoeffding,7,186,186,False,,,20260921
0.89,573,paper_hoeffding,0,183,183,False,,,20260921
0.89,574,paper_hoeffding,7,184,184,False,,,20260921
0.89,575,paper_hoeffding,2,185,185,False,,,20260921
0.89,576,paper_hoeffding,6,186,186,False,,,20260921
0.89,577,paper_hoeffding,3,182,182,False,,,20260921
0.89,578,paper_hoeffding,2,184,184,False,,,20260921
0.89,579,paper_hoeffding,4,184,184,False,,,20260921
0.89,580,paper_hoeffding,7,184,184,False,,,20260921
0.89,581,paper_hoeffding,4,185,185,False,,,20260921
0.89,582,paper_hoeffding,2,182,182,False,,,20260921
0.89,583,paper_hoeffding,3,181,181,False,,,20260921
0.89,584,paper_hoeffding,3,185,185,False,,,20260921
0.89,585,paper_hoeffding,5,182,182,False,,,20260921
0.89,586,paper_hoeffding,1,188,188,False,,,20260921
0.89,587,paper_hoeffding,5,184,184,False,,,20260921
0.89,588,paper_hoeffding,1,185,185,False,,,20260921
0.89,589,paper_hoeffding,4,184,184,False,,,20260921
0.89,590,paper_hoeffding,2,181,181,False,,,20260921
0.89,591,paper_hoeffding,0,180,180,False,,,20260921
0.89,592,paper_hoeffding,4,183,183,False,,,20260921
0.89,593,paper_hoeffding,4,184,184,False,,,20260921
0.89,594,paper_hoeffding,4,186,186,False,,,20260921
0.89,595,paper_hoeffding,0,185,185,False,,,20260921
0.89,596,paper_hoeffding,5,182,182,False,,,20260921
0.89,597,paper_hoeffding,7,184,184,False,,,20260921
0.89,598,paper_hoeffding,2,183,183,False,,,20260921
0.89,599,paper_hoeffding,1,185,185,False,,,20260921
0.89,600,paper_hoeffding,1,184,184,False,,,20260921
0.89,601,paper_hoeffding,1,186,186,False,,,20260921
0.89,602,paper_hoeffding,2,182,182,False,,,20260921
0.89,603,paper_hoeffding,4,183,183,False,,,20260921
0.89,604,paper_hoeffding,2,188,188,False,,,20260921
0.89,605,paper_hoeffding,3,187,187,False,,,20260921
0.89,606,paper_hoeffding,4,185,185,False,,,20260921
0.89,607,paper_hoeffding,4,186,186,False,,,20260921
0.89,608,paper_hoeffding,3,190,190,False,,,20260921
0.89,609,paper_hoeffding,0,187,187,False,,,20260921
0.89,610,paper_hoeffding,2,183,183,False,,,20260921
0.89,611,paper_hoeffding,7,183,183,False,,,20260921
0.89,612,paper_hoeffding,1,182,182,False,,,20260921
0.89,613,paper_hoeffding,3,184,184,False,,,20260921
0.89,614,paper_hoeffding,5,187,187,False,,,20260921
0.89,615,paper_hoeffding,6,181,181,False,,,20260921
0.89,616,paper_hoeffding,2,183,183,False,,,20260921
0.89,617,paper_hoeffding,4,186,186,False,,,20260921
0.89,618,paper_hoeffding,1,185,185,False,,,20260921
0.89,619,paper_hoeffding,7,181,181,False,,,20260921
0.89,620,paper_hoeffding,0,181,181,False,,,20260921
0.89,621,paper_hoeffding,4,186,186,False,,,20260921
0.89,622,paper_hoeffding,0,178,178,False,,,20260921
0.89,623,paper_hoeffding,5,181,181,False,,,20260921
0.89,624,paper_hoeffding,6,188,188,False,,,20260921
0.89,625,paper_hoeffding,1,184,184,False,,,20260921
0.89,626,paper_hoeffding,2,185,185,False,,,20260921
0.89,627,paper_hoeffding,4,186,186,False,,,20260921
0.89,628,paper_hoeffding,1,183,183,False,,,20260921
0.89,629,paper_hoeffding,4,179,179,False,,,20260921
0.89,630,paper_hoeffding,7,190,190,False,,,20260921
0.89,631,paper_hoeffding,1,191,191,False,,,20260921
0.89,632,paper_hoeffding,4,184,184,False,,,20260921
0.89,633,paper_hoeffding,4,180,180,False,,,20260921
0.89,634,paper_hoeffding,5,182,182,False,,,20260921
0.89,635,paper_hoeffding,4,182,182,False,,,20260921
0.89,636,paper_hoeffding,0,181,181,False,,,20260921
0.89,637,paper_hoeffding,6,183,183,False,,,20260921
0.89,638,paper_hoeffding,0,182,182,False,,,20260921
0.89,639,paper_hoeffding,0,184,184,False,,,20260921
0.89,640,paper_hoeffding,0,185,185,False,,,20260921
0.89,641,paper_hoeffding,7,187,187,False,,,20260921
0.89,642,paper_hoeffding,4,185,185,False,,,20260921
0.89,643,paper_hoeffding,1,184,184,False,,,20260921
0.89,644,paper_hoeffding,2,183,183,False,,,20260921
0.89,645,paper_hoeffding,3,182,182,False,,,20260921
0.89,646,paper_hoeffding,2,186,186,False,,,20260921
0.89,647,paper_hoeffding,4,189,189,False,,,20260921
0.89,648,paper_hoeffding,0,186,186,False,,,20260921
0.89,649,paper_hoeffding,1,181,181,False,,,20260921
0.89,650,paper_hoeffding,1,186,186,False,,,20260921
0.89,651,paper_hoeffding,1,182,182,False,,,20260921
0.89,652,paper_hoeffding,0,184,184,False,,,20260921
0.89,653,paper_hoeffding,5,189,189,False,,,20260921
0.89,654,paper_hoeffding,3,185,185,False,,,20260921
0.89,655,paper_hoeffding,7,186,186,False,,,20260921
0.89,656,paper_hoeffding,0,182,182,False,,,20260921
0.89,657,paper_hoeffding,7,184,184,False,,,20260921
0.89,658,paper_hoeffding,4,184,184,False,,,20260921
0.89,659,paper_hoeffding,1,182,182,False,,,20260921
0.89,660,paper_hoeffding,0,179,179,False,,,20260921
0.89,661,paper_hoeffding,3,188,188,False,,,20260921
0.89,662,paper_hoeffding,3,183,183,False,,,20260921
0.89,663,paper_hoeffding,1,186,186,False,,,20260921
0.89,664,paper_hoeffding,0,187,187,False,,,20260921
0.89,665,paper_hoeffding,3,187,187,False,,,20260921
0.89,666,paper_hoeffding,5,183,183,False,,,20260921
0.89,667,paper_hoeffding,4,187,187,False,,,20260921
0.89,668,paper_hoeffding,3,181,181,False,,,20260921
0.89,669,paper_hoeffding,1,185,185,False,,,20260921
0.89,670,paper_hoeffding,3,181,181,False,,,20260921
0.89,671,paper_hoeffding,6,189,189,False,,,20260921
0.89,672,paper_hoeffding,5,184,184,False,,,20260921
0.89,673,paper_hoeffding,0,184,184,False,,,20260921
0.89,674,paper_hoeffding,4,182,182,False,,,20260921
0.89,675,paper_hoeffding,4,188,188,False,,,20260921
0.89,676,paper_hoeffding,6,184,184,False,,,20260921
0.89,677,paper_hoeffding,0,186,186,False,,,20260921
0.89,678,paper_hoeffding,1,186,186,False,,,20260921
0.89,679,paper_hoeffding,7,181,181,False,,,20260921
0.89,680,paper_hoeffding,2,183,183,False,,,20260921
0.89,681,paper_hoeffding,7,186,186,False,,,20260921
0.89,682,paper_hoeffding,7,189,189,False,,,20260921
0.89,683,paper_hoeffding,4,186,186,False,,,20260921
0.89,684,paper_hoeffding,5,183,183,False,,,20260921
0.89,685,paper_hoeffding,1,184,184,False,,,20260921
0.89,686,paper_hoeffding,7,184,184,False,,,20260921
0.89,687,paper_hoeffding,6,182,182,False,,,20260921
0.89,688,paper_hoeffding,5,181,181,False,,,20260921
0.89,689,paper_hoeffding,7,187,187,False,,,20260921
0.89,690,paper_hoeffding,2,184,184,False,,,20260921
0.89,691,paper_hoeffding,3,185,185,False,,,20260921
0.89,692,paper_hoeffding,1,181,181,False,,,20260921
0.89,693,paper_hoeffding,3,184,184,False,,,20260921
0.89,694,paper_hoeffding,7,186,186,False,,,20260921
0.89,695,paper_hoeffding,5,181,181,False,,,20260921
0.89,696,paper_hoeffding,1,184,184,False,,,20260921
0.89,697,paper_hoeffding,2,181,181,False,,,20260921
0.89,698,paper_hoeffding,0,182,182,False,,,20260921
0.89,699,paper_hoeffding,4,186,186,False,,,20260921
0.89,700,paper_hoeffding,5,182,182,False,,,20260921
0.89,701,paper_hoeffding,1,188,188,False,,,20260921
0.89,702,paper_hoeffding,0,180,180,False,,,20260921
0.89,703,paper_hoeffding,0,183,183,False,,,20260921
0.89,704,paper_hoeffding,7,187,187,False,,,20260921
0.89,705,paper_hoeffding,7,188,188,False,,,20260921
0.89,706,paper_hoeffding,5,179,179,False,,,20260921
0.89,707,paper_hoeffding,4,184,184,False,,,20260921
0.89,708,paper_hoeffding,1,185,185,False,,,20260921
0.89,709,paper_hoeffding,3,185,185,False,,,20260921
0.89,710,paper_hoeffding,7,184,184,False,,,20260921
0.89,711,paper_hoeffding,6,180,180,False,,,20260921
0.89,712,paper_hoeffding,0,185,185,False,,,20260921
0.89,713,paper_hoeffding,5,187,187,False,,,20260921
0.89,714,paper_hoeffding,1,183,183,False,,,20260921
0.89,715,paper_hoeffding,2,181,181,False,,,20260921
0.89,716,paper_hoeffding,2,184,184,False,,,20260921
0.89,717,paper_hoeffding,3,185,185,False,,,20260921
0.89,718,paper_hoeffding,3,185,185,False,,,20260921
0.89,719,paper_hoeffding,0,181,181,False,,,20260921
0.89,720,paper_hoeffding,5,182,182,False,,,20260921
0.89,721,paper_hoeffding,1,185,185,False,,,20260921
0.89,722,paper_hoeffding,4,179,179,False,,,20260921
0.89,723,paper_hoeffding,0,181,181,False,,,20260921
0.89,724,paper_hoeffding,2,181,181,False,,,20260921
0.89,725,paper_hoeffding,4,186,186,False,,,20260921
0.89,726,paper_hoeffding,3,188,188,False,,,20260921
0.89,727,paper_hoeffding,7,182,182,False,,,20260921
0.89,728,paper_hoeffding,4,188,188,False,,,20260921
0.89,729,paper_hoeffding,0,183,183,False,,,20260921
0.89,730,paper_hoeffding,5,184,184,False,,,20260921
0.89,731,paper_hoeffding,6,184,184,False,,,20260921
0.89,732,paper_hoeffding,4,183,183,False,,,20260921
0.89,733,paper_hoeffding,0,182,182,False,,,20260921
0.89,734,paper_hoeffding,3,188,188,False,,,20260921
0.89,735,paper_hoeffding,1,181,181,False,,,20260921
0.89,736,paper_hoeffding,0,181,181,False,,,20260921
0.89,737,paper_hoeffding,7,186,186,False,,,20260921
0.89,738,paper_hoeffding,5,182,182,False,,,20260921
0.89,739,paper_hoeffding,0,187,187,False,,,20260921
0.89,740,paper_hoeffding,5,185,185,False,,,20260921
0.89,741,paper_hoeffding,5,185,185,False,,,20260921
0.89,742,paper_hoeffding,0,184,184,False,,,20260921
0.89,743,paper_hoeffding,7,187,187,False,,,20260921
0.89,744,paper_hoeffding,0,185,185,False,,,20260921
0.89,745,paper_hoeffding,1,180,180,False,,,20260921
0.89,746,paper_hoeffding,5,185,185,False,,,20260921
0.89,747,paper_hoeffding,0,183,183,False,,,20260921
0.89,748,paper_hoeffding,3,187,187,False,,,20260921
0.89,749,paper_hoeffding,0,187,187,False,,,20260921
0.89,750,paper_hoeffding,1,181,181,False,,,20260921
0.89,751,paper_hoeffding,7,184,184,False,,,20260921
0.89,752,paper_hoeffding,0,181,181,False,,,20260921
0.89,753,paper_hoeffding,1,185,185,False,,,20260921
0.89,754,paper_hoeffding,6,185,185,False,,,20260921
0.89,755,paper_hoeffding,1,185,185,False,,,20260921
0.89,756,paper_hoeffding,3,186,186,False,,,20260921
0.89,757,paper_hoeffding,1,183,183,False,,,20260921
0.89,758,paper_hoeffding,6,185,185,False,,,20260921
0.89,759,paper_hoeffding,6,188,188,False,,,20260921
0.89,760,paper_hoeffding,5,185,185,False,,,20260921
0.89,761,paper_hoeffding,4,186,186,False,,,20260921
0.89,762,paper_hoeffding,4,187,187,False,,,20260921
0.89,763,paper_hoeffding,6,185,185,False,,,20260921
0.89,764,paper_hoeffding,0,184,184,False,,,20260921
0.89,765,paper_hoeffding,3,185,185,False,,,20260921
0.89,766,paper_hoeffding,1,182,182,False,,,20260921
0.89,767,paper_hoeffding,2,182,182,False,,,20260921
0.89,768,paper_hoeffding,4,183,183,False,,,20260921
0.89,769,paper_hoeffding,7,184,184,False,,,20260921
0.89,770,paper_hoeffding,1,184,184,False,,,20260921
0.89,771,paper_hoeffding,3,189,189,False,,,20260921
0.89,772,paper_hoeffding,0,185,185,False,,,20260921
0.89,773,paper_hoeffding,4,183,183,False,,,20260921
0.89,774,paper_hoeffding,4,187,187,False,,,20260921
0.89,775,paper_hoeffding,3,184,184,False,,,20260921
0.89,776,paper_hoeffding,7,193,193,False,,,20260921
0.89,777,paper_hoeffding,0,187,187,False,,,20260921
0.89,778,paper_hoeffding,4,186,186,False,,,20260921
0.89,779,paper_hoeffding,6,190,190,False,,,20260921
0.89,780,paper_hoeffding,2,184,184,False,,,20260921
0.89,781,paper_hoeffding,4,187,187,False,,,20260921
0.89,782,paper_hoeffding,2,183,183,False,,,20260921
0.89,783,paper_hoeffding,2,188,188,False,,,20260921
0.89,784,paper_hoeffding,6,186,186,False,,,20260921
0.89,785,paper_hoeffding,0,185,185,False,,,20260921
0.89,786,paper_hoeffding,4,181,181,False,,,20260921
0.89,787,paper_hoeffding,0,183,183,False,,,20260921
0.89,788,paper_hoeffding,2,184,184,False,,,20260921
0.89,789,paper_hoeffding,0,182,182,False,,,20260921
0.89,790,paper_hoeffding,0,184,184,False,,,20260921
0.89,791,paper_hoeffding,1,183,183,False,,,20260921
0.89,792,paper_hoeffding,3,184,184,False,,,20260921
0.89,793,paper_hoeffding,0,179,179,False,,,20260921
0.89,794,paper_hoeffding,6,182,182,False,,,20260921
0.89,795,paper_hoeffding,2,183,183,False,,,20260921
0.89,796,paper_hoeffding,1,187,187,False,,,20260921
0.89,797,paper_hoeffding,1,183,183,False,,,20260921
0.89,798,paper_hoeffding,7,182,182,False,,,20260921
0.89,799,paper_hoeffding,2,186,186,False,,,20260921
0.89,800,paper_hoeffding,2,188,188,False,,,20260921
0.89,801,paper_hoeffding,2,180,180,False,,,20260921
0.89,802,paper_hoeffding,5,182,182,False,,,20260921
0.89,803,paper_hoeffding,1,181,181,False,,,20260921
0.89,804,paper_hoeffding,1,185,185,False,,,20260921
0.89,805,paper_hoeffding,2,182,182,False,,,20260921
0.89,806,paper_hoeffding,4,181,181,False,,,20260921
0.89,807,paper_hoeffding,3,182,182,False,,,20260921
0.89,808,paper_hoeffding,4,183,183,False,,,20260921
0.89,809,paper_hoeffding,0,183,183,False,,,20260921
0.89,810,paper_hoeffding,0,186,186,False,,,20260921
0.89,811,paper_hoeffding,3,186,186,False,,,20260921
0.89,812,paper_hoeffding,0,190,190,False,,,20260921
0.89,813,paper_hoeffding,4,187,187,False,,,20260921
0.89,814,paper_hoeffding,7,186,186,False,,,20260921
0.89,815,paper_hoeffding,6,181,181,False,,,20260921
0.89,816,paper_hoeffding,6,184,184,False,,,20260921
0.89,817,paper_hoeffding,5,187,187,False,,,20260921
0.89,818,paper_hoeffding,2,185,185,False,,,20260921
0.89,819,paper_hoeffding,3,187,187,False,,,20260921
0.89,820,paper_hoeffding,1,184,184,False,,,20260921
0.89,821,paper_hoeffding,1,185,185,False,,,20260921
0.89,822,paper_hoeffding,6,184,184,False,,,20260921
0.89,823,paper_hoeffding,4,182,182,False,,,20260921
0.89,824,paper_hoeffding,0,182,182,False,,,20260921
0.89,825,paper_hoeffding,5,184,184,False,,,20260921
0.89,826,paper_hoeffding,5,185,185,False,,,20260921
0.89,827,paper_hoeffding,6,187,187,False,,,20260921
0.89,828,paper_hoeffding,6,188,188,False,,,20260921
0.89,829,paper_hoeffding,1,183,183,False,,,20260921
0.89,830,paper_hoeffding,1,185,185,False,,,20260921
0.89,831,paper_hoeffding,0,181,181,False,,,20260921
0.89,832,paper_hoeffding,5,184,184,False,,,20260921
0.89,833,paper_hoeffding,5,188,188,False,,,20260921
0.89,834,paper_hoeffding,1,189,189,False,,,20260921
0.89,835,paper_hoeffding,4,185,185,False,,,20260921
0.89,836,paper_hoeffding,3,184,184,False,,,20260921
0.89,837,paper_hoeffding,2,183,183,False,,,20260921
0.89,838,paper_hoeffding,2,186,186,False,,,20260921
0.89,839,paper_hoeffding,5,186,186,False,,,20260921
0.89,840,paper_hoeffding,0,181,181,False,,,20260921
0.89,841,paper_hoeffding,0,185,185,False,,,20260921
0.89,842,paper_hoeffding,0,184,184,False,,,20260921
0.89,843,paper_hoeffding,3,186,186,False,,,20260921
0.89,844,paper_hoeffding,1,181,181,False,,,20260921
0.89,845,paper_hoeffding,6,185,185,False,,,20260921
0.89,846,paper_hoeffding,2,183,183,False,,,20260921
0.89,847,paper_hoeffding,6,181,181,False,,,20260921
0.89,848,paper_hoeffding,5,183,183,False,,,20260921
0.89,849,paper_hoeffding,0,179,179,False,,,20260921
0.89,850,paper_hoeffding,6,182,182,False,,,20260921
0.89,851,paper_hoeffding,7,182,182,False,,,20260921
0.89,852,paper_hoeffding,1,181,181,False,,,20260921
0.89,853,paper_hoeffding,0,187,187,False,,,20260921
0.89,854,paper_hoeffding,6,186,186,False,,,20260921
0.89,855,paper_hoeffding,2,182,182,False,,,20260921
0.89,856,paper_hoeffding,3,184,184,False,,,20260921
0.89,857,paper_hoeffding,6,180,180,False,,,20260921
0.89,858,paper_hoeffding,6,183,183,False,,,20260921
0.89,859,paper_hoeffding,4,183,183,False,,,20260921
0.89,860,paper_hoeffding,1,187,187,False,,,20260921
0.89,861,paper_hoeffding,3,185,185,False,,,20260921
0.89,862,paper_hoeffding,2,188,188,False,,,20260921
0.89,863,paper_hoeffding,3,182,182,False,,,20260921
0.89,864,paper_hoeffding,6,182,182,False,,,20260921
0.89,865,paper_hoeffding,1,186,186,False,,,20260921
0.89,866,paper_hoeffding,6,186,186,False,,,20260921
0.89,867,paper_hoeffding,3,181,181,False,,,20260921
0.89,868,paper_hoeffding,2,188,188,False,,,20260921
0.89,869,paper_hoeffding,4,183,183,False,,,20260921
0.89,870,paper_hoeffding,4,185,185,False,,,20260921
0.89,871,paper_hoeffding,3,179,179,False,,,20260921
0.89,872,paper_hoeffding,0,180,180,False,,,20260921
0.89,873,paper_hoeffding,3,183,183,False,,,20260921
0.89,874,paper_hoeffding,5,187,187,False,,,20260921
0.89,875,paper_hoeffding,1,183,183,False,,,20260921
0.89,876,paper_hoeffding,3,188,188,False,,,20260921
0.89,877,paper_hoeffding,2,179,179,False,,,20260921
0.89,878,paper_hoeffding,0,182,182,False,,,20260921
0.89,879,paper_hoeffding,5,186,186,False,,,20260921
0.89,880,paper_hoeffding,2,185,185,False,,,20260921
0.89,881,paper_hoeffding,2,188,188,False,,,20260921
0.89,882,paper_hoeffding,5,180,180,False,,,20260921
0.89,883,paper_hoeffding,5,180,180,False,,,20260921
0.89,884,paper_hoeffding,2,185,185,False,,,20260921
0.89,885,paper_hoeffding,1,181,181,False,,,20260921
0.89,886,paper_hoeffding,6,187,187,False,,,20260921
0.89,887,paper_hoeffding,2,183,183,False,,,20260921
0.89,888,paper_hoeffding,2,180,180,False,,,20260921
0.89,889,paper_hoeffding,0,187,187,False,,,20260921
0.89,890,paper_hoeffding,4,188,188,False,,,20260921
0.89,891,paper_hoeffding,6,181,181,False,,,20260921
0.89,892,paper_hoeffding,7,181,181,False,,,20260921
0.89,893,paper_hoeffding,1,183,183,False,,,20260921
0.89,894,paper_hoeffding,3,185,185,False,,,20260921
0.89,895,paper_hoeffding,6,185,185,False,,,20260921
0.89,896,paper_hoeffding,6,184,184,False,,,20260921
0.89,897,paper_hoeffding,7,184,184,False,,,20260921
0.89,898,paper_hoeffding,1,182,182,False,,,20260921
0.89,899,paper_hoeffding,7,184,184,False,,,20260921
0.89,900,paper_hoeffding,3,185,185,False,,,20260921
0.89,901,paper_hoeffding,3,183,183,False,,,20260921
0.89,902,paper_hoeffding,0,182,182,False,,,20260921
0.89,903,paper_hoeffding,7,184,184,False,,,20260921
0.89,904,paper_hoeffding,7,183,183,False,,,20260921
0.89,905,paper_hoeffding,1,185,185,False,,,20260921
0.89,906,paper_hoeffding,3,183,183,False,,,20260921
0.89,907,paper_hoeffding,1,190,190,False,,,20260921
0.89,908,paper_hoeffding,4,182,182,False,,,20260921
0.89,909,paper_hoeffding,1,187,187,False,,,20260921
0.89,910,paper_hoeffding,2,187,187,False,,,20260921
0.89,911,paper_hoeffding,0,186,186,False,,,20260921
0.89,912,paper_hoeffding,5,185,185,False,,,20260921
0.89,913,paper_hoeffding,2,180,180,False,,,20260921
0.89,914,paper_hoeffding,6,186,186,False,,,20260921
0.89,915,paper_hoeffding,2,188,188,False,,,20260921
0.89,916,paper_hoeffding,5,191,191,False,,,20260921
0.89,917,paper_hoeffding,0,187,187,False,,,20260921
0.89,918,paper_hoeffding,3,182,182,False,,,20260921
0.89,919,paper_hoeffding,2,181,181,False,,,20260921
0.89,920,paper_hoeffding,7,181,181,False,,,20260921
0.89,921,paper_hoeffding,2,181,181,False,,,20260921
0.89,922,paper_hoeffding,1,182,182,False,,,20260921
0.89,923,paper_hoeffding,2,185,185,False,,,20260921
0.89,924,paper_hoeffding,4,180,180,False,,,20260921
0.89,925,paper_hoeffding,5,186,186,False,,,20260921
0.89,926,paper_hoeffding,0,181,181,False,,,20260921
0.89,927,paper_hoeffding,6,184,184,False,,,20260921
0.89,928,paper_hoeffding,3,184,184,False,,,20260921
0.89,929,paper_hoeffding,1,179,179,False,,,20260921
0.89,930,paper_hoeffding,5,183,183,False,,,20260921
0.89,931,paper_hoeffding,4,183,183,False,,,20260921
0.89,932,paper_hoeffding,6,181,181,False,,,20260921
0.89,933,paper_hoeffding,1,184,184,False,,,20260921
0.89,934,paper_hoeffding,3,183,183,False,,,20260921
0.89,935,paper_hoeffding,2,185,185,False,,,20260921
0.89,936,paper_hoeffding,5,183,183,False,,,20260921
0.89,937,paper_hoeffding,5,180,180,False,,,20260921
0.89,938,paper_hoeffding,3,188,188,False,,,20260921
0.89,939,paper_hoeffding,6,185,185,False,,,20260921
0.89,940,paper_hoeffding,2,183,183,False,,,20260921
0.89,941,paper_hoeffding,3,188,188,False,,,20260921
0.89,942,paper_hoeffding,6,185,185,False,,,20260921
0.89,943,paper_hoeffding,7,186,186,False,,,20260921
0.89,944,paper_hoeffding,2,184,184,False,,,20260921
0.89,945,paper_hoeffding,1,185,185,False,,,20260921
0.89,946,paper_hoeffding,3,184,184,False,,,20260921
0.89,947,paper_hoeffding,1,185,185,False,,,20260921
0.89,948,paper_hoeffding,2,186,186,False,,,20260921
0.89,949,paper_hoeffding,0,184,184,False,,,20260921
0.89,950,paper_hoeffding,2,183,183,False,,,20260921
0.89,951,paper_hoeffding,0,184,184,False,,,20260921
0.89,952,paper_hoeffding,1,181,181,False,,,20260921
0.89,953,paper_hoeffding,3,178,178,False,,,20260921
0.89,954,paper_hoeffding,0,191,191,False,,,20260921
0.89,955,paper_hoeffding,1,181,181,False,,,20260921
0.89,956,paper_hoeffding,7,183,183,False,,,20260921
0.89,957,paper_hoeffding,1,181,181,False,,,20260921
0.89,958,paper_hoeffding,3,185,185,False,,,20260921
0.89,959,paper_hoeffding,1,183,183,False,,,20260921
0.89,960,paper_hoeffding,1,188,188,False,,,20260921
0.89,961,paper_hoeffding,4,186,186,False,,,20260921
0.89,962,paper_hoeffding,0,186,186,False,,,20260921
0.89,963,paper_hoeffding,1,185,185,False,,,20260921
0.89,964,paper_hoeffding,6,180,180,False,,,20260921
0.89,965,paper_hoeffding,2,188,188,False,,,20260921
0.89,966,paper_hoeffding,7,184,184,False,,,20260921
0.89,967,paper_hoeffding,4,182,182,False,,,20260921
0.89,968,paper_hoeffding,6,185,185,False,,,20260921
0.89,969,paper_hoeffding,2,182,182,False,,,20260921
0.89,970,paper_hoeffding,4,181,181,False,,,20260921
0.89,971,paper_hoeffding,2,185,185,False,,,20260921
0.89,972,paper_hoeffding,6,183,183,False,,,20260921
0.89,973,paper_hoeffding,2,184,184,False,,,20260921
0.89,974,paper_hoeffding,3,185,185,False,,,20260921
0.89,975,paper_hoeffding,4,184,184,False,,,20260921
0.89,976,paper_hoeffding,6,187,187,False,,,20260921
0.89,977,paper_hoeffding,0,184,184,False,,,20260921
0.89,978,paper_hoeffding,7,186,186,False,,,20260921
0.89,979,paper_hoeffding,1,184,184,False,,,20260921
0.89,980,paper_hoeffding,2,186,186,False,,,20260921
0.89,981,paper_hoeffding,2,184,184,False,,,20260921
0.89,982,paper_hoeffding,7,186,186,False,,,20260921
0.89,983,paper_hoeffding,0,185,185,False,,,20260921
0.89,984,paper_hoeffding,2,185,185,False,,,20260921
0.89,985,paper_hoeffding,4,181,181,False,,,20260921
0.89,986,paper_hoeffding,7,185,185,False,,,20260921
0.89,987,paper_hoeffding,2,187,187,False,,,20260921
0.89,988,paper_hoeffding,6,182,182,False,,,20260921
0.89,989,paper_hoeffding,2,181,181,False,,,20260921
0.89,990,paper_hoeffding,2,183,183,False,,,20260921
0.89,991,paper_hoeffding,4,185,185,False,,,20260921
0.89,992,paper_hoeffding,5,188,188,False,,,20260921
0.89,993,paper_hoeffding,2,186,186,False,,,20260921
0.89,994,paper_hoeffding,4,188,188,False,,,20260921
0.89,995,paper_hoeffding,4,182,182,False,,,20260921
0.89,996,paper_hoeffding,5,183,183,False,,,20260921
0.89,997,paper_hoeffding,7,186,186,False,,,20260921
0.89,998,paper_hoeffding,1,187,187,False,,,20260921
0.89,999,paper_hoeffding,4,182,182,False,,,20260921
0.899,0,direct,2,185,185,True,0,603,21260921
0.899,1,direct,4,181,181,True,0,603,21260921
0.899,2,direct,2,185,185,True,0,603,21260921
0.899,3,direct,0,183,183,True,0,603,21260921
0.899,4,direct,4,188,188,True,0,603,21260921
0.899,5,direct,5,186,186,True,0,603,21260921
0.899,6,direct,0,185,185,True,0,603,21260921
0.899,7,direct,6,187,187,True,0,603,21260921
0.899,8,direct,2,187,187,True,0,603,21260921
0.899,9,direct,7,188,188,True,0,603,21260921
0.899,10,direct,2,186,186,True,0,603,21260921
0.899,11,direct,4,188,188,True,0,603,21260921
0.899,12,direct,3,187,187,True,0,603,21260921
0.899,13,direct,0,187,187,True,0,603,21260921
0.899,14,direct,2,183,183,True,0,603,21260921
0.899,15,direct,3,185,185,True,0,603,21260921
0.899,16,direct,4,186,186,True,0,603,21260921
0.899,17,direct,7,184,184,True,0,603,21260921
0.899,18,direct,1,185,185,True,0,603,21260921
0.899,19,direct,7,187,187,True,0,603,21260921
0.899,20,direct,3,186,186,True,0,603,21260921
0.899,21,direct,3,182,182,True,0,603,21260921
0.899,22,direct,2,191,191,True,0,603,21260921
0.899,23,direct,6,191,191,True,0,603,21260921
0.899,24,direct,2,184,184,True,0,603,21260921
0.899,25,direct,6,185,185,True,0,603,21260921
0.899,26,direct,3,186,186,True,0,603,21260921
0.899,27,direct,6,184,184,True,0,603,21260921
0.899,28,direct,0,185,185,True,0,603,21260921
0.899,29,direct,5,188,188,True,0,603,21260921
0.899,30,direct,1,188,188,True,0,603,21260921
0.899,31,direct,7,184,184,True,0,603,21260921
0.899,32,direct,4,183,183,True,0,603,21260921
0.899,33,direct,6,183,183,True,0,603,21260921
0.899,34,direct,1,193,193,True,0,603,21260921
0.899,35,direct,6,186,186,True,0,603,21260921
0.899,36,direct,0,185,185,True,0,603,21260921
0.899,37,direct,7,186,186,True,0,603,21260921
0.899,38,direct,1,185,185,True,0,603,21260921
0.899,39,direct,1,182,182,True,0,603,21260921
0.899,40,direct,7,189,189,True,0,603,21260921
0.899,41,direct,3,190,190,True,0,603,21260921
0.899,42,direct,4,183,183,True,0,603,21260921
0.899,43,direct,3,188,188,True,0,603,21260921
0.899,44,direct,0,189,189,True,0,603,21260921
0.899,45,direct,4,182,182,True,0,603,21260921
0.899,46,direct,2,188,188,True,0,603,21260921
0.899,47,direct,4,183,183,True,0,603,21260921
0.899,48,direct,6,184,184,True,0,603,21260921
0.899,49,direct,0,184,184,True,0,603,21260921
0.899,50,direct,2,189,189,True,0,603,21260921
0.899,51,direct,4,186,186,True,0,603,21260921
0.899,52,direct,6,185,185,True,0,603,21260921
0.899,53,direct,1,187,187,True,0,603,21260921
0.899,54,direct,7,185,185,True,0,603,21260921
0.899,55,direct,5,186,186,True,0,603,21260921
0.899,56,direct,4,185,185,True,0,603,21260921
0.899,57,direct,0,187,187,True,0,603,21260921
0.899,58,direct,3,187,187,True,0,603,21260921
0.899,59,direct,0,184,184,True,0,603,21260921
0.899,60,direct,2,187,187,True,0,603,21260921
0.899,61,direct,0,186,186,True,0,603,21260921
0.899,62,direct,7,187,187,True,0,603,21260921
0.899,63,direct,6,188,188,True,0,603,21260921
0.899,64,direct,0,187,187,True,0,603,21260921
0.899,65,direct,7,184,184,True,0,603,21260921
0.899,66,direct,4,188,188,True,0,603,21260921
0.899,67,direct,5,184,184,True,0,603,21260921
0.899,68,direct,5,186,186,True,0,603,21260921
0.899,69,direct,2,187,187,True,0,603,21260921
0.899,70,direct,0,184,184,True,0,603,21260921
0.899,71,direct,7,185,185,True,0,603,21260921
0.899,72,direct,3,182,182,True,0,603,21260921
0.899,73,direct,0,183,183,True,0,603,21260921
0.899,74,direct,3,190,190,True,0,603,21260921
0.899,75,direct,0,186,186,True,0,603,21260921
0.899,76,direct,0,190,190,True,0,603,21260921
0.899,77,direct,4,185,185,True,0,603,21260921
0.899,78,direct,2,182,182,True,0,603,21260921
0.899,79,direct,1,186,186,True,0,603,21260921
0.899,80,direct,2,184,184,True,0,603,21260921
0.899,81,direct,2,187,187,True,0,603,21260921
0.899,82,direct,1,185,185,True,0,603,21260921
0.899,83,direct,0,190,190,True,0,603,21260921
0.899,84,direct,0,184,184,True,0,603,21260921
0.899,85,direct,7,186,186,True,0,603,21260921
0.899,86,direct,3,187,187,True,0,603,21260921
0.899,87,direct,4,184,184,True,0,603,21260921
0.899,88,direct,3,186,186,True,0,603,21260921
0.899,89,direct,3,187,187,True,0,603,21260921
0.899,90,direct,5,186,186,True,0,603,21260921
0.899,91,direct,7,181,181,True,0,603,21260921
0.899,92,direct,3,183,183,True,0,603,21260921
0.899,93,direct,1,186,186,True,0,603,21260921
0.899,94,direct,7,186,186,True,0,603,21260921
0.899,95,direct,6,186,186,True,0,603,21260921
0.899,96,direct,7,184,184,True,0,603,21260921
0.899,97,direct,2,184,184,True,0,603,21260921
0.899,98,direct,5,186,186,True,0,603,21260921
0.899,99,direct,5,186,186,True,0,603,21260921
0.899,100,direct,0,188,188,True,0,603,21260921
0.899,101,direct,7,189,189,True,0,603,21260921
0.899,102,direct,1,189,189,True,0,603,21260921
0.899,103,direct,7,185,185,True,0,603,21260921
0.899,104,direct,3,187,187,True,0,603,21260921
0.899,105,direct,1,189,189,True,0,603,21260921
0.899,106,direct,3,183,183,True,0,603,21260921
0.899,107,direct,1,185,185,True,0,603,21260921
0.899,108,direct,0,186,186,True,0,603,21260921
0.899,109,direct,2,184,184,True,0,603,21260921
0.899,110,direct,6,185,185,True,0,603,21260921
0.899,111,direct,7,189,189,True,0,603,21260921
0.899,112,direct,3,183,183,True,0,603,21260921
0.899,113,direct,4,185,185,True,0,603,21260921
0.899,114,direct,6,184,184,True,0,603,21260921
0.899,115,direct,0,184,184,True,0,603,21260921
0.899,116,direct,3,184,184,True,0,603,21260921
0.899,117,direct,1,186,186,True,0,603,21260921
0.899,118,direct,1,183,183,True,0,603,21260921
0.899,119,direct,7,189,189,True,0,603,21260921
0.899,120,direct,2,189,189,True,0,603,21260921
0.899,121,direct,3,184,184,True,0,603,21260921
0.899,122,direct,2,189,189,True,0,603,21260921
0.899,123,direct,7,186,186,True,0,603,21260921
0.899,124,direct,6,185,185,True,0,603,21260921
0.899,125,direct,5,184,184,True,0,603,21260921
0.899,126,direct,2,183,183,True,0,603,21260921
0.899,127,direct,1,186,186,True,0,603,21260921
0.899,128,direct,0,185,185,True,0,603,21260921
0.899,129,direct,5,185,185,True,0,603,21260921
0.899,130,direct,6,187,187,True,0,603,21260921
0.899,131,direct,3,184,184,True,0,603,21260921
0.899,132,direct,5,181,181,True,0,603,21260921
0.899,133,direct,0,185,185,True,0,603,21260921
0.899,134,direct,0,184,184,True,0,603,21260921
0.899,135,direct,0,184,184,True,0,603,21260921
0.899,136,direct,1,184,184,True,0,603,21260921
0.899,137,direct,7,188,188,True,0,603,21260921
0.899,138,direct,7,188,188,True,0,603,21260921
0.899,139,direct,5,186,186,True,0,603,21260921
0.899,140,direct,3,181,181,True,0,603,21260921
0.899,141,direct,2,188,188,True,0,603,21260921
0.899,142,direct,2,184,184,True,0,603,21260921
0.899,143,direct,1,183,183,True,0,603,21260921
0.899,144,direct,5,187,187,True,0,603,21260921
0.899,145,direct,4,183,183,True,0,603,21260921
0.899,146,direct,2,188,188,True,0,603,21260921
0.899,147,direct,2,185,185,True,0,603,21260921
0.899,148,direct,5,185,185,True,0,603,21260921
0.899,149,direct,1,182,182,True,0,603,21260921
0.899,150,direct,0,184,184,True,0,603,21260921
0.899,151,direct,0,186,186,True,0,603,21260921
0.899,152,direct,4,183,183,True,0,603,21260921
0.899,153,direct,0,184,184,True,0,603,21260921
0.899,154,direct,0,182,182,True,0,603,21260921
0.899,155,direct,2,185,185,True,0,603,21260921
0.899,156,direct,5,183,183,True,0,603,21260921
0.899,157,direct,1,187,187,True,0,603,21260921
0.899,158,direct,7,187,187,True,0,603,21260921
0.899,159,direct,2,186,186,True,0,603,21260921
0.899,160,direct,1,187,187,True,0,603,21260921
0.899,161,direct,6,184,184,True,0,603,21260921
0.899,162,direct,4,189,189,True,0,603,21260921
0.899,163,direct,7,187,187,True,0,603,21260921
0.899,164,direct,3,184,184,True,0,603,21260921
0.899,165,direct,4,187,187,True,0,603,21260921
0.899,166,direct,5,181,181,True,0,603,21260921
0.899,167,direct,1,184,184,True,0,603,21260921
0.899,168,direct,0,184,184,True,0,603,21260921
0.899,169,direct,3,185,185,True,0,603,21260921
0.899,170,direct,4,185,185,True,0,603,21260921
0.899,171,direct,3,189,189,True,0,603,21260921
0.899,172,direct,2,185,185,True,0,603,21260921
0.899,173,direct,3,185,185,True,0,603,21260921
0.899,174,direct,1,183,183,True,0,603,21260921
0.899,175,direct,7,185,185,True,0,603,21260921
0.899,176,direct,4,185,185,True,0,603,21260921
0.899,177,direct,0,187,187,True,0,603,21260921
0.899,178,direct,5,182,182,True,0,603,21260921
0.899,179,direct,2,185,185,True,0,603,21260921
0.899,180,direct,0,186,186,True,0,603,21260921
0.899,181,direct,1,186,186,True,0,603,21260921
0.899,182,direct,1,183,183,True,0,603,21260921
0.899,183,direct,1,183,183,True,0,603,21260921
0.899,184,direct,0,186,186,True,0,603,21260921
0.899,185,direct,5,185,185,True,0,603,21260921
0.899,186,direct,1,184,184,True,0,603,21260921
0.899,187,direct,2,182,182,True,0,603,21260921
0.899,188,direct,0,189,189,True,0,603,21260921
0.899,189,direct,3,187,187,True,0,603,21260921
0.899,190,direct,1,186,186,True,0,603,21260921
0.899,191,direct,4,185,185,True,0,603,21260921
0.899,192,direct,2,185,185,True,0,603,21260921
0.899,193,direct,5,187,187,True,0,603,21260921
0.899,194,direct,7,185,185,True,0,603,21260921
0.899,195,direct,5,181,181,True,0,603,21260921
0.899,196,direct,7,189,189,True,0,603,21260921
0.899,197,direct,2,187,187,True,0,603,21260921
0.899,198,direct,3,183,183,True,0,603,21260921
0.899,199,direct,0,188,188,True,0,603,21260921
0.899,200,direct,4,186,186,True,0,603,21260921
0.899,201,direct,1,187,187,True,0,603,21260921
0.899,202,direct,4,186,186,True,0,603,21260921
0.899,203,direct,0,187,187,True,0,603,21260921
0.899,204,direct,0,183,183,True,0,603,21260921
0.899,205,direct,1,183,183,True,0,603,21260921
0.899,206,direct,6,187,187,True,0,603,21260921
0.899,207,direct,7,183,183,True,0,603,21260921
0.899,208,direct,4,187,187,True,0,603,21260921
0.899,209,direct,1,185,185,True,0,603,21260921
0.899,210,direct,5,186,186,True,0,603,21260921
0.899,211,direct,2,185,185,True,0,603,21260921
0.899,212,direct,3,186,186,True,0,603,21260921
0.899,213,direct,0,189,189,True,0,603,21260921
0.899,214,direct,7,183,183,True,0,603,21260921
0.899,215,direct,5,187,187,True,0,603,21260921
0.899,216,direct,1,181,181,True,0,603,21260921
0.899,217,direct,3,188,188,True,0,603,21260921
0.899,218,direct,4,185,185,True,0,603,21260921
0.899,219,direct,7,185,185,True,0,603,21260921
0.899,220,direct,4,188,188,True,0,603,21260921
0.899,221,direct,3,186,186,True,0,603,21260921
0.899,222,direct,0,186,186,True,0,603,21260921
0.899,223,direct,5,182,182,True,0,603,21260921
0.899,224,direct,0,187,187,True,0,603,21260921
0.899,225,direct,0,185,185,True,0,603,21260921
0.899,226,direct,6,183,183,True,0,603,21260921
0.899,227,direct,2,184,184,True,0,603,21260921
0.899,228,direct,0,191,191,True,0,603,21260921
0.899,229,direct,0,186,186,True,0,603,21260921
0.899,230,direct,3,186,186,True,0,603,21260921
0.899,231,direct,1,186,186,True,0,603,21260921
0.899,232,direct,0,186,186,True,0,603,21260921
0.899,233,direct,3,182,182,True,0,603,21260921
0.899,234,direct,1,189,189,True,0,603,21260921
0.899,235,direct,5,185,185,True,0,603,21260921
0.899,236,direct,1,182,182,True,0,603,21260921
0.899,237,direct,6,186,186,True,0,603,21260921
0.899,238,direct,3,185,185,True,0,603,21260921
0.899,239,direct,3,184,184,True,0,603,21260921
0.899,240,direct,6,186,186,True,0,603,21260921
0.899,241,direct,4,188,188,True,0,603,21260921
0.899,242,direct,4,190,190,True,0,603,21260921
0.899,243,direct,4,186,186,True,0,603,21260921
0.899,244,direct,0,184,184,True,0,603,21260921
0.899,245,direct,3,188,188,True,0,603,21260921
0.899,246,direct,6,185,185,True,0,603,21260921
0.899,247,direct,4,189,189,True,0,603,21260921
0.899,248,direct,1,184,184,True,0,603,21260921
0.899,249,direct,4,186,186,True,0,603,21260921
0.899,250,direct,4,187,187,True,0,603,21260921
0.899,251,direct,7,189,189,True,0,603,21260921
0.899,252,direct,0,186,186,True,0,603,21260921
0.899,253,direct,4,187,187,True,0,603,21260921
0.899,254,direct,3,183,183,True,0,603,21260921
0.899,255,direct,7,186,186,True,0,603,21260921
0.899,256,direct,2,186,186,True,0,603,21260921
0.899,257,direct,6,186,186,True,0,603,21260921
0.899,258,direct,0,185,185,True,0,603,21260921
0.899,259,direct,2,186,186,True,0,603,21260921
0.899,260,direct,4,190,190,True,0,603,21260921
0.899,261,direct,3,182,182,True,0,603,21260921
0.899,262,direct,2,182,182,True,0,603,21260921
0.899,263,direct,1,185,185,True,0,603,21260921
0.899,264,direct,5,186,186,True,0,603,21260921
0.899,265,direct,4,183,183,True,0,603,21260921
0.899,266,direct,6,187,187,True,0,603,21260921
0.899,267,direct,1,185,185,True,0,603,21260921
0.899,268,direct,6,183,183,True,0,603,21260921
0.899,269,direct,0,186,186,True,0,603,21260921
0.899,270,direct,5,186,186,True,0,603,21260921
0.899,271,direct,1,192,192,True,0,603,21260921
0.899,272,direct,1,186,186,True,0,603,21260921
0.899,273,direct,3,182,182,True,0,603,21260921
0.899,274,direct,7,188,188,True,0,603,21260921
0.899,275,direct,5,185,185,True,0,603,21260921
0.899,276,direct,6,184,184,True,0,603,21260921
0.899,277,direct,4,184,184,True,0,603,21260921
0.899,278,direct,0,186,186,True,0,603,21260921
0.899,279,direct,6,186,186,True,0,603,21260921
0.899,280,direct,0,187,187,True,0,603,21260921
0.899,281,direct,7,189,189,True,0,603,21260921
0.899,282,direct,5,184,184,True,0,603,21260921
0.899,283,direct,2,185,185,True,0,603,21260921
0.899,284,direct,6,186,186,True,0,603,21260921
0.899,285,direct,2,187,187,True,0,603,21260921
0.899,286,direct,7,183,183,True,0,603,21260921
0.899,287,direct,0,186,186,True,0,603,21260921
0.899,288,direct,5,187,187,True,0,603,21260921
0.899,289,direct,2,185,185,True,0,603,21260921
0.899,290,direct,2,186,186,True,0,603,21260921
0.899,291,direct,4,185,185,True,0,603,21260921
0.899,292,direct,3,188,188,True,0,603,21260921
0.899,293,direct,7,186,186,True,0,603,21260921
0.899,294,direct,6,189,189,True,0,603,21260921
0.899,295,direct,6,189,189,True,0,603,21260921
0.899,296,direct,5,191,191,True,0,603,21260921
0.899,297,direct,1,184,184,True,0,603,21260921
0.899,298,direct,3,187,187,True,0,603,21260921
0.899,299,direct,5,185,185,True,0,603,21260921
0.899,300,direct,0,186,186,True,0,603,21260921
0.899,301,direct,6,182,182,True,0,603,21260921
0.899,302,direct,4,183,183,True,0,603,21260921
0.899,303,direct,1,189,189,True,0,603,21260921
0.899,304,direct,1,185,185,True,0,603,21260921
0.899,305,direct,3,186,186,True,0,603,21260921
0.899,306,direct,6,187,187,True,0,603,21260921
0.899,307,direct,1,186,186,True,0,603,21260921
0.899,308,direct,5,184,184,True,0,603,21260921
0.899,309,direct,0,188,188,True,0,603,21260921
0.899,310,direct,2,185,185,True,0,603,21260921
0.899,311,direct,3,187,187,True,0,603,21260921
0.899,312,direct,2,183,183,True,0,603,21260921
0.899,313,direct,6,187,187,True,0,603,21260921
0.899,314,direct,0,184,184,True,0,603,21260921
0.899,315,direct,7,188,188,True,0,603,21260921
0.899,316,direct,5,184,184,True,0,603,21260921
0.899,317,direct,5,180,180,True,0,603,21260921
0.899,318,direct,0,187,187,True,0,603,21260921
0.899,319,direct,1,181,181,True,0,603,21260921
0.899,320,direct,7,186,186,True,0,603,21260921
0.899,321,direct,4,186,186,True,0,603,21260921
0.899,322,direct,5,188,188,True,0,603,21260921
0.899,323,direct,3,186,186,True,0,603,21260921
0.899,324,direct,5,187,187,True,0,603,21260921
0.899,325,direct,3,188,188,True,0,603,21260921
0.899,326,direct,4,185,185,True,0,603,21260921
0.899,327,direct,3,187,187,True,0,603,21260921
0.899,328,direct,5,186,186,True,0,603,21260921
0.899,329,direct,2,186,186,True,0,603,21260921
0.899,330,direct,3,183,183,True,0,603,21260921
0.899,331,direct,4,186,186,True,0,603,21260921
0.899,332,direct,7,190,190,True,0,603,21260921
0.899,333,direct,2,186,186,True,0,603,21260921
0.899,334,direct,2,186,186,True,0,603,21260921
0.899,335,direct,4,185,185,True,0,603,21260921
0.899,336,direct,3,185,185,True,0,603,21260921
0.899,337,direct,7,184,184,True,0,603,21260921
0.899,338,direct,2,184,184,True,0,603,21260921
0.899,339,direct,2,185,185,True,0,603,21260921
0.899,340,direct,5,184,184,True,0,603,21260921
0.899,341,direct,4,187,187,True,0,603,21260921
0.899,342,direct,7,189,189,True,0,603,21260921
0.899,343,direct,6,187,187,True,0,603,21260921
0.899,344,direct,0,186,186,True,0,603,21260921
0.899,345,direct,1,184,184,True,0,603,21260921
0.899,346,direct,4,186,186,True,0,603,21260921
0.899,347,direct,4,186,186,True,0,603,21260921
0.899,348,direct,3,185,185,True,0,603,21260921
0.899,349,direct,0,183,183,True,0,603,21260921
0.899,350,direct,3,187,187,True,0,603,21260921
0.899,351,direct,5,188,188,True,0,603,21260921
0.899,352,direct,3,185,185,True,0,603,21260921
0.899,353,direct,0,187,187,True,0,603,21260921
0.899,354,direct,7,184,184,True,0,603,21260921
0.899,355,direct,4,185,185,True,0,603,21260921
0.899,356,direct,1,184,184,True,0,603,21260921
0.899,357,direct,1,189,189,True,0,603,21260921
0.899,358,direct,0,187,187,True,0,603,21260921
0.899,359,direct,1,184,184,True,0,603,21260921
0.899,360,direct,4,189,189,True,0,603,21260921
0.899,361,direct,0,192,192,True,0,603,21260921
0.899,362,direct,1,186,186,True,0,603,21260921
0.899,363,direct,5,184,184,True,0,603,21260921
0.899,364,direct,4,185,185,True,0,603,21260921
0.899,365,direct,0,183,183,True,0,603,21260921
0.899,366,direct,1,185,185,True,0,603,21260921
0.899,367,direct,0,187,187,True,0,603,21260921
0.899,368,direct,4,183,183,True,0,603,21260921
0.899,369,direct,4,188,188,True,0,603,21260921
0.899,370,direct,2,184,184,True,0,603,21260921
0.899,371,direct,1,186,186,True,0,603,21260921
0.899,372,direct,0,184,184,True,0,603,21260921
0.899,373,direct,5,185,185,True,0,603,21260921
0.899,374,direct,7,187,187,True,0,603,21260921
0.899,375,direct,2,184,184,True,0,603,21260921
0.899,376,direct,6,186,186,True,0,603,21260921
0.899,377,direct,2,188,188,True,0,603,21260921
0.899,378,direct,0,186,186,True,0,603,21260921
0.899,379,direct,0,185,185,True,0,603,21260921
0.899,380,direct,1,186,186,True,0,603,21260921
0.899,381,direct,2,190,190,True,0,603,21260921
0.899,382,direct,0,185,185,True,0,603,21260921
0.899,383,direct,2,186,186,True,0,603,21260921
0.899,384,direct,1,186,186,True,0,603,21260921
0.899,385,direct,0,189,189,True,0,603,21260921
0.899,386,direct,5,184,184,True,0,603,21260921
0.899,387,direct,1,186,186,True,0,603,21260921
0.899,388,direct,2,185,185,True,0,603,21260921
0.899,389,direct,1,184,184,True,0,603,21260921
0.899,390,direct,2,184,184,True,0,603,21260921
0.899,391,direct,0,187,187,True,0,603,21260921
0.899,392,direct,7,183,183,True,0,603,21260921
0.899,393,direct,6,186,186,True,0,603,21260921
0.899,394,direct,3,188,188,True,0,603,21260921
0.899,395,direct,5,183,183,True,0,603,21260921
0.899,396,direct,7,185,185,True,0,603,21260921
0.899,397,direct,7,190,190,True,0,603,21260921
0.899,398,direct,3,185,185,True,0,603,21260921
0.899,399,direct,4,189,189,True,0,603,21260921
0.899,400,direct,7,184,184,True,0,603,21260921
0.899,401,direct,7,187,187,True,0,603,21260921
0.899,402,direct,4,184,184,True,0,603,21260921
0.899,403,direct,7,187,187,True,0,603,21260921
0.899,404,direct,7,187,187,True,0,603,21260921
0.899,405,direct,0,184,184,True,0,603,21260921
0.899,406,direct,3,183,183,True,0,603,21260921
0.899,407,direct,4,185,185,True,0,603,21260921
0.899,408,direct,2,185,185,True,0,603,21260921
0.899,409,direct,7,187,187,True,0,603,21260921
0.899,410,direct,7,183,183,True,0,603,21260921
0.899,411,direct,4,187,187,True,0,603,21260921
0.899,412,direct,2,188,188,True,0,603,21260921
0.899,413,direct,1,184,184,True,0,603,21260921
0.899,414,direct,2,187,187,True,0,603,21260921
0.899,415,direct,7,188,188,True,0,603,21260921
0.899,416,direct,6,187,187,True,0,603,21260921
0.899,417,direct,4,187,187,True,0,603,21260921
0.899,418,direct,1,187,187,True,0,603,21260921
0.899,419,direct,7,186,186,True,0,603,21260921
0.899,420,direct,1,181,181,True,0,603,21260921
0.899,421,direct,6,187,187,True,0,603,21260921
0.899,422,direct,3,186,186,True,0,603,21260921
0.899,423,direct,5,190,190,True,0,603,21260921
0.899,424,direct,0,183,183,True,0,603,21260921
0.899,425,direct,7,187,187,True,0,603,21260921
0.899,426,direct,0,183,183,True,0,603,21260921
0.899,427,direct,2,182,182,True,0,603,21260921
0.899,428,direct,7,186,186,True,0,603,21260921
0.899,429,direct,0,190,190,True,0,603,21260921
0.899,430,direct,4,186,186,True,0,603,21260921
0.899,431,direct,3,187,187,True,0,603,21260921
0.899,432,direct,0,186,186,True,0,603,21260921
0.899,433,direct,4,184,184,True,0,603,21260921
0.899,434,direct,3,184,184,True,0,603,21260921
0.899,435,direct,3,188,188,True,0,603,21260921
0.899,436,direct,2,189,189,True,0,603,21260921
0.899,437,direct,7,185,185,True,0,603,21260921
0.899,438,direct,7,183,183,True,0,603,21260921
0.899,439,direct,1,187,187,True,0,603,21260921
0.899,440,direct,0,187,187,True,0,603,21260921
0.899,441,direct,6,185,185,True,0,603,21260921
0.899,442,direct,5,190,190,True,0,603,21260921
0.899,443,direct,6,188,188,True,0,603,21260921
0.899,444,direct,6,190,190,True,0,603,21260921
0.899,445,direct,6,183,183,True,0,603,21260921
0.899,446,direct,3,183,183,True,0,603,21260921
0.899,447,direct,5,188,188,True,0,603,21260921
0.899,448,direct,7,188,188,True,0,603,21260921
0.899,449,direct,1,180,180,True,0,603,21260921
0.899,450,direct,4,183,183,True,0,603,21260921
0.899,451,direct,3,186,186,True,0,603,21260921
0.899,452,direct,2,183,183,True,0,603,21260921
0.899,453,direct,5,186,186,True,0,603,21260921
0.899,454,direct,0,188,188,True,0,603,21260921
0.899,455,direct,5,185,185,True,0,603,21260921
0.899,456,direct,0,181,181,True,0,603,21260921
0.899,457,direct,5,192,192,True,0,603,21260921
0.899,458,direct,7,192,192,True,0,603,21260921
0.899,459,direct,4,186,186,True,0,603,21260921
0.899,460,direct,4,182,182,True,0,603,21260921
0.899,461,direct,0,187,187,True,0,603,21260921
0.899,462,direct,7,186,186,True,0,603,21260921
0.899,463,direct,3,190,190,True,0,603,21260921
0.899,464,direct,3,183,183,True,0,603,21260921
0.899,465,direct,5,183,183,True,0,603,21260921
0.899,466,direct,4,189,189,True,0,603,21260921
0.899,467,direct,1,187,187,True,0,603,21260921
0.899,468,direct,3,182,182,True,0,603,21260921
0.899,469,direct,2,184,184,True,0,603,21260921
0.899,470,direct,3,185,185,True,0,603,21260921
0.899,471,direct,7,187,187,True,0,603,21260921
0.899,472,direct,0,183,183,True,0,603,21260921
0.899,473,direct,2,182,182,True,0,603,21260921
0.899,474,direct,7,190,190,True,0,603,21260921
0.899,475,direct,2,185,185,True,0,603,21260921
0.899,476,direct,0,186,186,True,0,603,21260921
0.899,477,direct,2,183,183,True,0,603,21260921
0.899,478,direct,0,182,182,True,0,603,21260921
0.899,479,direct,0,183,183,True,0,603,21260921
0.899,480,direct,2,187,187,True,0,603,21260921
0.899,481,direct,3,186,186,True,0,603,21260921
0.899,482,direct,0,186,186,True,0,603,21260921
0.899,483,direct,7,186,186,True,0,603,21260921
0.899,484,direct,6,184,184,True,0,603,21260921
0.899,485,direct,2,189,189,True,0,603,21260921
0.899,486,direct,5,186,186,True,0,603,21260921
0.899,487,direct,1,184,184,True,0,603,21260921
0.899,488,direct,1,186,186,True,0,603,21260921
0.899,489,direct,2,185,185,True,0,603,21260921
0.899,490,direct,0,180,180,True,0,603,21260921
0.899,491,direct,7,191,191,True,0,603,21260921
0.899,492,direct,0,187,187,True,0,603,21260921
0.899,493,direct,5,188,188,True,0,603,21260921
0.899,494,direct,7,186,186,True,0,603,21260921
0.899,495,direct,2,186,186,True,0,603,21260921
0.899,496,direct,7,187,187,True,0,603,21260921
0.899,497,direct,7,189,189,True,0,603,21260921
0.899,498,direct,1,182,182,True,0,603,21260921
0.899,499,direct,2,186,186,True,0,603,21260921
0.899,500,direct,4,185,185,True,0,603,21260921
0.899,501,direct,5,188,188,True,0,603,21260921
0.899,502,direct,5,187,187,True,0,603,21260921
0.899,503,direct,1,185,185,True,0,603,21260921
0.899,504,direct,2,181,181,True,0,603,21260921
0.899,505,direct,6,191,191,True,0,603,21260921
0.899,506,direct,0,182,182,True,0,603,21260921
0.899,507,direct,4,187,187,True,0,603,21260921
0.899,508,direct,6,188,188,True,0,603,21260921
0.899,509,direct,6,190,190,True,0,603,21260921
0.899,510,direct,4,187,187,True,0,603,21260921
0.899,511,direct,4,190,190,True,0,603,21260921
0.899,512,direct,5,183,183,True,0,603,21260921
0.899,513,direct,1,186,186,True,0,603,21260921
0.899,514,direct,1,189,189,True,0,603,21260921
0.899,515,direct,0,186,186,True,0,603,21260921
0.899,516,direct,0,182,182,True,0,603,21260921
0.899,517,direct,1,186,186,True,0,603,21260921
0.899,518,direct,4,186,186,True,0,603,21260921
0.899,519,direct,6,184,184,True,0,603,21260921
0.899,520,direct,3,188,188,True,0,603,21260921
0.899,521,direct,3,186,186,True,0,603,21260921
0.899,522,direct,3,187,187,True,0,603,21260921
0.899,523,direct,0,192,192,True,0,603,21260921
0.899,524,direct,4,182,182,True,0,603,21260921
0.899,525,direct,5,181,181,True,0,603,21260921
0.899,526,direct,3,188,188,True,0,603,21260921
0.899,527,direct,1,187,187,True,0,603,21260921
0.899,528,direct,7,186,186,True,0,603,21260921
0.899,529,direct,3,188,188,True,0,603,21260921
0.899,530,direct,5,186,186,True,0,603,21260921
0.899,531,direct,5,185,185,True,0,603,21260921
0.899,532,direct,1,188,188,True,0,603,21260921
0.899,533,direct,0,188,188,True,0,603,21260921
0.899,534,direct,0,190,190,True,0,603,21260921
0.899,535,direct,1,186,186,True,0,603,21260921
0.899,536,direct,7,188,188,True,0,603,21260921
0.899,537,direct,0,185,185,True,0,603,21260921
0.899,538,direct,7,185,185,True,0,603,21260921
0.899,539,direct,1,184,184,True,0,603,21260921
0.899,540,direct,5,184,184,True,0,603,21260921
0.899,541,direct,3,184,184,True,0,603,21260921
0.899,542,direct,7,188,188,True,0,603,21260921
0.899,543,direct,2,182,182,True,0,603,21260921
0.899,544,direct,1,182,182,True,0,603,21260921
0.899,545,direct,5,185,185,True,0,603,21260921
0.899,546,direct,1,187,187,True,0,603,21260921
0.899,547,direct,1,189,189,True,0,603,21260921
0.899,548,direct,3,185,185,True,0,603,21260921
0.899,549,direct,4,185,185,True,0,603,21260921
0.899,550,direct,7,188,188,True,0,603,21260921
0.899,551,direct,0,187,187,True,0,603,21260921
0.899,552,direct,4,185,185,True,0,603,21260921
0.899,553,direct,2,185,185,True,0,603,21260921
0.899,554,direct,6,186,186,True,0,603,21260921
0.899,555,direct,7,187,187,True,0,603,21260921
0.899,556,direct,4,187,187,True,0,603,21260921
0.899,557,direct,7,186,186,True,0,603,21260921
0.899,558,direct,1,185,185,True,0,603,21260921
0.899,559,direct,1,181,181,True,0,603,21260921
0.899,560,direct,5,187,187,True,0,603,21260921
0.899,561,direct,4,184,184,True,0,603,21260921
0.899,562,direct,2,185,185,True,0,603,21260921
0.899,563,direct,5,183,183,True,0,603,21260921
0.899,564,direct,2,186,186,True,0,603,21260921
0.899,565,direct,1,184,184,True,0,603,21260921
0.899,566,direct,4,185,185,True,0,603,21260921
0.899,567,direct,1,186,186,True,0,603,21260921
0.899,568,direct,2,185,185,True,0,603,21260921
0.899,569,direct,5,185,185,True,0,603,21260921
0.899,570,direct,6,184,184,True,0,603,21260921
0.899,571,direct,3,182,182,True,0,603,21260921
0.899,572,direct,7,185,185,True,0,603,21260921
0.899,573,direct,6,186,186,True,0,603,21260921
0.899,574,direct,5,185,185,True,0,603,21260921
0.899,575,direct,2,188,188,True,0,603,21260921
0.899,576,direct,2,186,186,True,0,603,21260921
0.899,577,direct,4,185,185,True,0,603,21260921
0.899,578,direct,3,185,185,True,0,603,21260921
0.899,579,direct,0,187,187,True,0,603,21260921
0.899,580,direct,6,183,183,True,0,603,21260921
0.899,581,direct,0,185,185,True,0,603,21260921
0.899,582,direct,0,182,182,True,0,603,21260921
0.899,583,direct,7,184,184,True,0,603,21260921
0.899,584,direct,5,186,186,True,0,603,21260921
0.899,585,direct,7,187,187,True,0,603,21260921
0.899,586,direct,0,186,186,True,0,603,21260921
0.899,587,direct,3,184,184,True,0,603,21260921
0.899,588,direct,4,184,184,True,0,603,21260921
0.899,589,direct,0,183,183,True,0,603,21260921
0.899,590,direct,5,185,185,True,0,603,21260921
0.899,591,direct,0,186,186,True,0,603,21260921
0.899,592,direct,5,192,192,True,0,603,21260921
0.899,593,direct,3,188,188,True,0,603,21260921
0.899,594,direct,3,183,183,True,0,603,21260921
0.899,595,direct,1,186,186,True,0,603,21260921
0.899,596,direct,4,187,187,True,0,603,21260921
0.899,597,direct,0,189,189,True,0,603,21260921
0.899,598,direct,2,187,187,True,0,603,21260921
0.899,599,direct,1,188,188,True,0,603,21260921
0.899,600,direct,6,184,184,True,0,603,21260921
0.899,601,direct,4,185,185,True,0,603,21260921
0.899,602,direct,4,186,186,True,0,603,21260921
0.899,603,direct,7,186,186,True,0,603,21260921
0.899,604,direct,2,184,184,True,0,603,21260921
0.899,605,direct,4,184,184,True,0,603,21260921
0.899,606,direct,2,187,187,True,0,603,21260921
0.899,607,direct,5,184,184,True,0,603,21260921
0.899,608,direct,2,185,185,True,0,603,21260921
0.899,609,direct,5,186,186,True,0,603,21260921
0.899,610,direct,7,186,186,True,0,603,21260921
0.899,611,direct,6,186,186,True,0,603,21260921
0.899,612,direct,6,185,185,True,0,603,21260921
0.899,613,direct,3,185,185,True,0,603,21260921
0.899,614,direct,5,185,185,True,0,603,21260921
0.899,615,direct,1,182,182,True,0,603,21260921
0.899,616,direct,2,186,186,True,0,603,21260921
0.899,617,direct,4,186,186,True,0,603,21260921
0.899,618,direct,3,187,187,True,0,603,21260921
0.899,619,direct,6,184,184,True,0,603,21260921
0.899,620,direct,0,186,186,True,0,603,21260921
0.899,621,direct,6,182,182,True,0,603,21260921
0.899,622,direct,3,183,183,True,0,603,21260921
0.899,623,direct,3,189,189,True,0,603,21260921
0.899,624,direct,4,187,187,True,0,603,21260921
0.899,625,direct,2,185,185,True,0,603,21260921
0.899,626,direct,7,185,185,True,0,603,21260921
0.899,627,direct,5,187,187,True,0,603,21260921
0.899,628,direct,4,187,187,True,0,603,21260921
0.899,629,direct,5,185,185,True,0,603,21260921
0.899,630,direct,5,186,186,True,0,603,21260921
0.899,631,direct,4,188,188,True,0,603,21260921
0.899,632,direct,2,184,184,True,0,603,21260921
0.899,633,direct,2,184,184,True,0,603,21260921
0.899,634,direct,2,182,182,True,0,603,21260921
0.899,635,direct,1,186,186,True,0,603,21260921
0.899,636,direct,3,186,186,True,0,603,21260921
0.899,637,direct,4,190,190,True,0,603,21260921
0.899,638,direct,7,185,185,True,0,603,21260921
0.899,639,direct,2,188,188,True,0,603,21260921
0.899,640,direct,7,187,187,True,0,603,21260921
0.899,641,direct,3,188,188,True,0,603,21260921
0.899,642,direct,1,186,186,True,0,603,21260921
0.899,643,direct,2,184,184,True,0,603,21260921
0.899,644,direct,4,183,183,True,0,603,21260921
0.899,645,direct,5,183,183,True,0,603,21260921
0.899,646,direct,2,188,188,True,0,603,21260921
0.899,647,direct,1,186,186,True,0,603,21260921
0.899,648,direct,4,186,186,True,0,603,21260921
0.899,649,direct,3,185,185,True,0,603,21260921
0.899,650,direct,4,188,188,True,0,603,21260921
0.899,651,direct,6,187,187,True,0,603,21260921
0.899,652,direct,2,185,185,True,0,603,21260921
0.899,653,direct,0,184,184,True,0,603,21260921
0.899,654,direct,6,182,182,True,0,603,21260921
0.899,655,direct,3,186,186,True,0,603,21260921
0.899,656,direct,5,182,182,True,0,603,21260921
0.899,657,direct,3,184,184,True,0,603,21260921
0.899,658,direct,3,185,185,True,0,603,21260921
0.899,659,direct,3,186,186,True,0,603,21260921
0.899,660,direct,1,185,185,True,0,603,21260921
0.899,661,direct,3,182,182,True,0,603,21260921
0.899,662,direct,3,185,185,True,0,603,21260921
0.899,663,direct,2,180,180,True,0,603,21260921
0.899,664,direct,3,189,189,True,0,603,21260921
0.899,665,direct,6,183,183,True,0,603,21260921
0.899,666,direct,1,184,184,True,0,603,21260921
0.899,667,direct,6,186,186,True,0,603,21260921
0.899,668,direct,3,185,185,True,0,603,21260921
0.899,669,direct,6,187,187,True,0,603,21260921
0.899,670,direct,2,186,186,True,0,603,21260921
0.899,671,direct,1,186,186,True,0,603,21260921
0.899,672,direct,1,185,185,True,0,603,21260921
0.899,673,direct,3,185,185,True,0,603,21260921
0.899,674,direct,0,183,183,True,0,603,21260921
0.899,675,direct,7,187,187,True,0,603,21260921
0.899,676,direct,1,183,183,True,0,603,21260921
0.899,677,direct,5,184,184,True,0,603,21260921
0.899,678,direct,0,181,181,True,0,603,21260921
0.899,679,direct,0,186,186,True,0,603,21260921
0.899,680,direct,1,187,187,True,0,603,21260921
0.899,681,direct,0,180,180,True,0,603,21260921
0.899,682,direct,1,194,194,True,0,603,21260921
0.899,683,direct,1,187,187,True,0,603,21260921
0.899,684,direct,5,187,187,True,0,603,21260921
0.899,685,direct,0,186,186,True,0,603,21260921
0.899,686,direct,3,185,185,True,0,603,21260921
0.899,687,direct,6,187,187,True,0,603,21260921
0.899,688,direct,7,186,186,True,0,603,21260921
0.899,689,direct,0,187,187,True,0,603,21260921
0.899,690,direct,5,187,187,True,0,603,21260921
0.899,691,direct,1,186,186,True,0,603,21260921
0.899,692,direct,2,183,183,True,0,603,21260921
0.899,693,direct,5,185,185,True,0,603,21260921
0.899,694,direct,1,188,188,True,0,603,21260921
0.899,695,direct,3,187,187,True,0,603,21260921
0.899,696,direct,0,183,183,True,0,603,21260921
0.899,697,direct,4,187,187,True,0,603,21260921
0.899,698,direct,2,180,180,True,0,603,21260921
0.899,699,direct,5,190,190,True,0,603,21260921
0.899,700,direct,5,186,186,True,0,603,21260921
0.899,701,direct,6,187,187,True,0,603,21260921
0.899,702,direct,6,186,186,True,0,603,21260921
0.899,703,direct,1,189,189,True,0,603,21260921
0.899,704,direct,2,187,187,True,0,603,21260921
0.899,705,direct,3,186,186,True,0,603,21260921
0.899,706,direct,5,188,188,True,0,603,21260921
0.899,707,direct,3,193,193,True,0,603,21260921
0.899,708,direct,4,182,182,True,0,603,21260921
0.899,709,direct,0,182,182,True,0,603,21260921
0.899,710,direct,3,185,185,True,0,603,21260921
0.899,711,direct,2,187,187,True,0,603,21260921
0.899,712,direct,3,188,188,True,0,603,21260921
0.899,713,direct,3,189,189,True,0,603,21260921
0.899,714,direct,2,188,188,True,0,603,21260921
0.899,715,direct,0,185,185,True,0,603,21260921
0.899,716,direct,6,187,187,True,0,603,21260921
0.899,717,direct,6,186,186,True,0,603,21260921
0.899,718,direct,0,187,187,True,0,603,21260921
0.899,719,direct,7,189,189,True,0,603,21260921
0.899,720,direct,4,187,187,True,0,603,21260921
0.899,721,direct,3,184,184,True,0,603,21260921
0.899,722,direct,4,187,187,True,0,603,21260921
0.899,723,direct,2,191,191,True,0,603,21260921
0.899,724,direct,1,186,186,True,0,603,21260921
0.899,725,direct,3,185,185,True,0,603,21260921
0.899,726,direct,5,183,183,True,0,603,21260921
0.899,727,direct,1,182,182,True,0,603,21260921
0.899,728,direct,7,184,184,True,0,603,21260921
0.899,729,direct,2,185,185,True,0,603,21260921
0.899,730,direct,5,184,184,True,0,603,21260921
0.899,731,direct,6,187,187,True,0,603,21260921
0.899,732,direct,6,184,184,True,0,603,21260921
0.899,733,direct,3,187,187,True,0,603,21260921
0.899,734,direct,6,187,187,True,0,603,21260921
0.899,735,direct,2,186,186,True,0,603,21260921
0.899,736,direct,0,184,184,True,0,603,21260921
0.899,737,direct,5,189,189,True,0,603,21260921
0.899,738,direct,0,185,185,True,0,603,21260921
0.899,739,direct,6,189,189,True,0,603,21260921
0.899,740,direct,0,190,190,True,0,603,21260921
0.899,741,direct,2,187,187,True,0,603,21260921
0.899,742,direct,7,188,188,True,0,603,21260921
0.899,743,direct,6,188,188,True,0,603,21260921
0.899,744,direct,7,181,181,True,0,603,21260921
0.899,745,direct,2,183,183,True,0,603,21260921
0.899,746,direct,1,186,186,True,0,603,21260921
0.899,747,direct,0,185,185,True,0,603,21260921
0.899,748,direct,0,186,186,True,0,603,21260921
0.899,749,direct,7,187,187,True,0,603,21260921
0.899,750,direct,6,185,185,True,0,603,21260921
0.899,751,direct,6,187,187,True,0,603,21260921
0.899,752,direct,6,186,186,True,0,603,21260921
0.899,753,direct,2,187,187,True,0,603,21260921
0.899,754,direct,3,184,184,True,0,603,21260921
0.899,755,direct,7,189,189,True,0,603,21260921
0.899,756,direct,1,184,184,True,0,603,21260921
0.899,757,direct,7,183,183,True,0,603,21260921
0.899,758,direct,2,189,189,True,0,603,21260921
0.899,759,direct,6,190,190,True,0,603,21260921
0.899,760,direct,4,185,185,True,0,603,21260921
0.899,761,direct,1,184,184,True,0,603,21260921
0.899,762,direct,1,186,186,True,0,603,21260921
0.899,763,direct,3,182,182,True,0,603,21260921
0.899,764,direct,1,186,186,True,0,603,21260921
0.899,765,direct,3,187,187,True,0,603,21260921
0.899,766,direct,1,186,186,True,0,603,21260921
0.899,767,direct,1,191,191,True,0,603,21260921
0.899,768,direct,7,186,186,True,0,603,21260921
0.899,769,direct,6,186,186,True,0,603,21260921
0.899,770,direct,4,181,181,True,0,603,21260921
0.899,771,direct,1,189,189,True,0,603,21260921
0.899,772,direct,2,188,188,True,0,603,21260921
0.899,773,direct,3,187,187,True,0,603,21260921
0.899,774,direct,1,188,188,True,0,603,21260921
0.899,775,direct,3,183,183,True,0,603,21260921
0.899,776,direct,0,183,183,True,0,603,21260921
0.899,777,direct,2,187,187,True,0,603,21260921
0.899,778,direct,4,180,180,True,0,603,21260921
0.899,779,direct,0,182,182,True,0,603,21260921
0.899,780,direct,3,183,183,True,0,603,21260921
0.899,781,direct,5,186,186,True,0,603,21260921
0.899,782,direct,1,185,185,True,0,603,21260921
0.899,783,direct,7,188,188,True,0,603,21260921
0.899,784,direct,6,185,185,True,0,603,21260921
0.899,785,direct,0,187,187,True,0,603,21260921
0.899,786,direct,7,190,190,True,0,603,21260921
0.899,787,direct,3,186,186,True,0,603,21260921
0.899,788,direct,0,183,183,True,0,603,21260921
0.899,789,direct,7,184,184,True,0,603,21260921
0.899,790,direct,5,184,184,True,0,603,21260921
0.899,791,direct,6,188,188,True,0,603,21260921
0.899,792,direct,3,184,184,True,0,603,21260921
0.899,793,direct,2,185,185,True,0,603,21260921
0.899,794,direct,5,185,185,True,0,603,21260921
0.899,795,direct,3,186,186,True,0,603,21260921
0.899,796,direct,2,186,186,True,0,603,21260921
0.899,797,direct,7,188,188,True,0,603,21260921
0.899,798,direct,3,183,183,True,0,603,21260921
0.899,799,direct,7,185,185,True,0,603,21260921
0.899,800,direct,5,186,186,True,0,603,21260921
0.899,801,direct,5,186,186,True,0,603,21260921
0.899,802,direct,4,184,184,True,0,603,21260921
0.899,803,direct,6,182,182,True,0,603,21260921
0.899,804,direct,7,183,183,True,0,603,21260921
0.899,805,direct,0,183,183,True,0,603,21260921
0.899,806,direct,3,187,187,True,0,603,21260921
0.899,807,direct,6,190,190,True,0,603,21260921
0.899,808,direct,0,188,188,True,0,603,21260921
0.899,809,direct,2,186,186,True,0,603,21260921
0.899,810,direct,3,188,188,True,0,603,21260921
0.899,811,direct,5,183,183,True,0,603,21260921
0.899,812,direct,1,189,189,True,0,603,21260921
0.899,813,direct,2,186,186,True,0,603,21260921
0.899,814,direct,7,188,188,True,0,603,21260921
0.899,815,direct,1,189,189,True,0,603,21260921
0.899,816,direct,0,186,186,True,0,603,21260921
0.899,817,direct,3,186,186,True,0,603,21260921
0.899,818,direct,4,187,187,True,0,603,21260921
0.899,819,direct,1,188,188,True,0,603,21260921
0.899,820,direct,7,184,184,True,0,603,21260921
0.899,821,direct,5,184,184,True,0,603,21260921
0.899,822,direct,3,189,189,True,0,603,21260921
0.899,823,direct,1,187,187,True,0,603,21260921
0.899,824,direct,6,186,186,True,0,603,21260921
0.899,825,direct,1,185,185,True,0,603,21260921
0.899,826,direct,0,182,182,True,0,603,21260921
0.899,827,direct,0,190,190,True,0,603,21260921
0.899,828,direct,2,182,182,True,0,603,21260921
0.899,829,direct,6,187,187,True,0,603,21260921
0.899,830,direct,1,186,186,True,0,603,21260921
0.899,831,direct,0,189,189,True,0,603,21260921
0.899,832,direct,0,187,187,True,0,603,21260921
0.899,833,direct,2,185,185,True,0,603,21260921
0.899,834,direct,4,186,186,True,0,603,21260921
0.899,835,direct,0,188,188,True,0,603,21260921
0.899,836,direct,3,186,186,True,0,603,21260921
0.899,837,direct,1,185,185,True,0,603,21260921
0.899,838,direct,6,186,186,True,0,603,21260921
0.899,839,direct,0,189,189,True,0,603,21260921
0.899,840,direct,1,190,190,True,0,603,21260921
0.899,841,direct,5,185,185,True,0,603,21260921
0.899,842,direct,2,188,188,True,0,603,21260921
0.899,843,direct,0,189,189,True,0,603,21260921
0.899,844,direct,7,182,182,True,0,603,21260921
0.899,845,direct,1,185,185,True,0,603,21260921
0.899,846,direct,3,184,184,True,0,603,21260921
0.899,847,direct,2,188,188,True,0,603,21260921
0.899,848,direct,5,188,188,True,0,603,21260921
0.899,849,direct,4,186,186,True,0,603,21260921
0.899,850,direct,0,184,184,True,0,603,21260921
0.899,851,direct,6,189,189,True,0,603,21260921
0.899,852,direct,3,189,189,True,0,603,21260921
0.899,853,direct,7,189,189,True,0,603,21260921
0.899,854,direct,5,189,189,True,0,603,21260921
0.899,855,direct,7,186,186,True,0,603,21260921
0.899,856,direct,1,187,187,True,0,603,21260921
0.899,857,direct,6,186,186,True,0,603,21260921
0.899,858,direct,6,184,184,True,0,603,21260921
0.899,859,direct,0,187,187,True,0,603,21260921
0.899,860,direct,3,188,188,True,0,603,21260921
0.899,861,direct,0,183,183,True,0,603,21260921
0.899,862,direct,7,187,187,True,0,603,21260921
0.899,863,direct,0,185,185,True,0,603,21260921
0.899,864,direct,0,187,187,True,0,603,21260921
0.899,865,direct,3,188,188,True,0,603,21260921
0.899,866,direct,6,185,185,True,0,603,21260921
0.899,867,direct,6,188,188,True,0,603,21260921
0.899,868,direct,2,183,183,True,0,603,21260921
0.899,869,direct,3,186,186,True,0,603,21260921
0.899,870,direct,7,186,186,True,0,603,21260921
0.899,871,direct,4,187,187,True,0,603,21260921
0.899,872,direct,4,187,187,True,0,603,21260921
0.899,873,direct,5,188,188,True,0,603,21260921
0.899,874,direct,2,188,188,True,0,603,21260921
0.899,875,direct,6,188,188,True,0,603,21260921
0.899,876,direct,5,184,184,True,0,603,21260921
0.899,877,direct,1,180,180,True,0,603,21260921
0.899,878,direct,6,186,186,True,0,603,21260921
0.899,879,direct,3,184,184,True,0,603,21260921
0.899,880,direct,7,185,185,True,0,603,21260921
0.899,881,direct,1,183,183,True,0,603,21260921
0.899,882,direct,7,183,183,True,0,603,21260921
0.899,883,direct,6,186,186,True,0,603,21260921
0.899,884,direct,4,184,184,True,0,603,21260921
0.899,885,direct,5,186,186,True,0,603,21260921
0.899,886,direct,4,184,184,True,0,603,21260921
0.899,887,direct,6,187,187,True,0,603,21260921
0.899,888,direct,3,186,186,True,0,603,21260921
0.899,889,direct,4,186,186,True,0,603,21260921
0.899,890,direct,4,189,189,True,0,603,21260921
0.899,891,direct,3,192,192,True,0,603,21260921
0.899,892,direct,6,186,186,True,0,603,21260921
0.899,893,direct,1,187,187,True,0,603,21260921
0.899,894,direct,1,183,183,True,0,603,21260921
0.899,895,direct,4,184,184,True,0,603,21260921
0.899,896,direct,2,187,187,True,0,603,21260921
0.899,897,direct,4,190,190,True,0,603,21260921
0.899,898,direct,3,187,187,True,0,603,21260921
0.899,899,direct,0,184,184,True,0,603,21260921
0.899,900,direct,6,188,188,True,0,603,21260921
0.899,901,direct,0,184,184,True,0,603,21260921
0.899,902,direct,1,187,187,True,0,603,21260921
0.899,903,direct,6,184,184,True,0,603,21260921
0.899,904,direct,2,186,186,True,0,603,21260921
0.899,905,direct,1,188,188,True,0,603,21260921
0.899,906,direct,5,191,191,True,0,603,21260921
0.899,907,direct,6,184,184,True,0,603,21260921
0.899,908,direct,4,188,188,True,0,603,21260921
0.899,909,direct,7,186,186,True,0,603,21260921
0.899,910,direct,0,187,187,True,0,603,21260921
0.899,911,direct,0,188,188,True,0,603,21260921
0.899,912,direct,6,186,186,True,0,603,21260921
0.899,913,direct,5,189,189,True,0,603,21260921
0.899,914,direct,2,183,183,True,0,603,21260921
0.899,915,direct,1,185,185,True,0,603,21260921
0.899,916,direct,3,184,184,True,0,603,21260921
0.899,917,direct,5,183,183,True,0,603,21260921
0.899,918,direct,2,182,182,True,0,603,21260921
0.899,919,direct,6,185,185,True,0,603,21260921
0.899,920,direct,6,189,189,True,0,603,21260921
0.899,921,direct,6,182,182,True,0,603,21260921
0.899,922,direct,7,188,188,True,0,603,21260921
0.899,923,direct,6,183,183,True,0,603,21260921
0.899,924,direct,5,183,183,True,0,603,21260921
0.899,925,direct,5,187,187,True,0,603,21260921
0.899,926,direct,5,182,182,True,0,603,21260921
0.899,927,direct,6,181,181,True,0,603,21260921
0.899,928,direct,6,186,186,True,0,603,21260921
0.899,929,direct,1,183,183,True,0,603,21260921
0.899,930,direct,6,184,184,True,0,603,21260921
0.899,931,direct,2,183,183,True,0,603,21260921
0.899,932,direct,7,186,186,True,0,603,21260921
0.899,933,direct,3,183,183,True,0,603,21260921
0.899,934,direct,5,187,187,True,0,603,21260921
0.899,935,direct,7,183,183,True,0,603,21260921
0.899,936,direct,1,186,186,True,0,603,21260921
0.899,937,direct,3,187,187,True,0,603,21260921
0.899,938,direct,3,184,184,True,0,603,21260921
0.899,939,direct,5,189,189,True,0,603,21260921
0.899,940,direct,1,185,185,True,0,603,21260921
0.899,941,direct,4,182,182,True,0,603,21260921
0.899,942,direct,0,182,182,True,0,603,21260921
0.899,943,direct,2,184,184,True,0,603,21260921
0.899,944,direct,2,183,183,True,0,603,21260921
0.899,945,direct,5,186,186,True,0,603,21260921
0.899,946,direct,5,186,186,True,0,603,21260921
0.899,947,direct,5,183,183,True,0,603,21260921
0.899,948,direct,0,189,189,True,0,603,21260921
0.899,949,direct,0,186,186,True,0,603,21260921
0.899,950,direct,7,185,185,True,0,603,21260921
0.899,951,direct,5,186,186,True,0,603,21260921
0.899,952,direct,7,183,183,True,0,603,21260921
0.899,953,direct,5,188,188,True,0,603,21260921
0.899,954,direct,2,182,182,True,0,603,21260921
0.899,955,direct,2,183,183,True,0,603,21260921
0.899,956,direct,0,185,185,True,0,603,21260921
0.899,957,direct,3,186,186,True,0,603,21260921
0.899,958,direct,0,181,181,True,0,603,21260921
0.899,959,direct,5,183,183,True,0,603,21260921
0.899,960,direct,4,190,190,True,0,603,21260921
0.899,961,direct,2,184,184,True,0,603,21260921
0.899,962,direct,6,186,186,True,0,603,21260921
0.899,963,direct,2,181,181,True,0,603,21260921
0.899,964,direct,1,185,185,True,0,603,21260921
0.899,965,direct,2,185,185,True,0,603,21260921
0.899,966,direct,7,185,185,True,0,603,21260921
0.899,967,direct,3,188,188,True,0,603,21260921
0.899,968,direct,1,187,187,True,0,603,21260921
0.899,969,direct,6,183,183,True,0,603,21260921
0.899,970,direct,5,188,188,True,0,603,21260921
0.899,971,direct,6,189,189,True,0,603,21260921
0.899,972,direct,1,183,183,True,0,603,21260921
0.899,973,direct,3,186,186,True,0,603,21260921
0.899,974,direct,6,186,186,True,0,603,21260921
0.899,975,direct,0,186,186,True,0,603,21260921
0.899,976,direct,3,184,184,True,0,603,21260921
0.899,977,direct,7,185,185,True,0,603,21260921
0.899,978,direct,0,186,186,True,0,603,21260921
0.899,979,direct,3,184,184,True,0,603,21260921
0.899,980,direct,6,187,187,True,0,603,21260921
0.899,981,direct,1,186,186,True,0,603,21260921
0.899,982,direct,5,184,184,True,0,603,21260921
0.899,983,direct,0,185,185,True,0,603,21260921
0.899,984,direct,0,187,187,True,0,603,21260921
0.899,985,direct,7,184,184,True,0,603,21260921
0.899,986,direct,2,187,187,True,0,603,21260921
0.899,987,direct,6,187,187,True,0,603,21260921
0.899,988,direct,6,187,187,True,0,603,21260921
0.899,989,direct,7,188,188,True,0,603,21260921
0.899,990,direct,0,186,186,True,0,603,21260921
0.899,991,direct,1,183,183,True,0,603,21260921
0.899,992,direct,3,188,188,True,0,603,21260921
0.899,993,direct,4,184,184,True,0,603,21260921
0.899,994,direct,0,186,186,True,0,603,21260921
0.899,995,direct,7,182,182,True,0,603,21260921
0.899,996,direct,4,187,187,True,0,603,21260921
0.899,997,direct,0,188,188,True,0,603,21260921
0.899,998,direct,3,188,188,True,0,603,21260921
0.899,999,direct,6,186,186,True,0,603,21260921
0.899,0,fixed_repeated,2,185,185,False,,,21260921
0.899,1,fixed_repeated,4,181,181,False,,,21260921
0.899,2,fixed_repeated,2,185,185,False,,,21260921
0.899,3,fixed_repeated,0,183,183,True,36,710,21260921
0.899,4,fixed_repeated,4,188,188,False,,,21260921
0.899,5,fixed_repeated,5,186,186,False,,,21260921
0.899,6,fixed_repeated,0,185,185,False,,,21260921
0.899,7,fixed_repeated,6,187,187,False,,,21260921
0.899,8,fixed_repeated,2,187,187,False,,,21260921
0.899,9,fixed_repeated,7,188,188,False,,,21260921
0.899,10,fixed_repeated,2,186,186,False,,,21260921
0.899,11,fixed_repeated,4,188,188,False,,,21260921
0.899,12,fixed_repeated,3,187,187,False,,,21260921
0.899,13,fixed_repeated,0,187,187,False,,,21260921
0.899,14,fixed_repeated,2,183,183,True,708,2726,21260921
0.899,15,fixed_repeated,3,185,185,False,,,21260921
0.899,16,fixed_repeated,4,186,186,False,,,21260921
0.899,17,fixed_repeated,7,184,184,False,,,21260921
0.899,18,fixed_repeated,1,185,185,False,,,21260921
0.899,19,fixed_repeated,7,187,187,True,652,2558,21260921
0.899,20,fixed_repeated,3,186,186,False,,,21260921
0.899,21,fixed_repeated,3,182,182,True,1521,5165,21260921
0.899,22,fixed_repeated,2,191,191,False,,,21260921
0.899,23,fixed_repeated,6,191,191,False,,,21260921
0.899,24,fixed_repeated,2,184,184,False,,,21260921
0.899,25,fixed_repeated,6,185,185,False,,,21260921
0.899,26,fixed_repeated,3,186,186,False,,,21260921
0.899,27,fixed_repeated,6,184,184,True,36,710,21260921
0.899,28,fixed_repeated,0,185,185,False,,,21260921
0.899,29,fixed_repeated,5,188,188,True,4945,15437,21260921
0.899,30,fixed_repeated,1,188,188,False,,,21260921
0.899,31,fixed_repeated,7,184,184,True,193,1181,21260921
0.899,32,fixed_repeated,4,183,183,False,,,21260921
0.899,33,fixed_repeated,6,183,183,False,,,21260921
0.899,34,fixed_repeated,1,193,193,False,,,21260921
0.899,35,fixed_repeated,6,186,186,True,255,1367,21260921
0.899,36,fixed_repeated,0,185,185,False,,,21260921
0.899,37,fixed_repeated,7,186,186,True,708,2726,21260921
0.899,38,fixed_repeated,1,185,185,False,,,21260921
0.899,39,fixed_repeated,1,182,182,False,,,21260921
0.899,40,fixed_repeated,7,189,189,False,,,21260921
0.899,41,fixed_repeated,3,190,190,False,,,21260921
0.899,42,fixed_repeated,4,183,183,False,,,21260921
0.899,43,fixed_repeated,3,188,188,False,,,21260921
0.899,44,fixed_repeated,0,189,189,True,775,2927,21260921
0.899,45,fixed_repeated,4,182,182,False,,,21260921
0.899,46,fixed_repeated,2,188,188,False,,,21260921
0.899,47,fixed_repeated,4,183,183,False,,,21260921
0.899,48,fixed_repeated,6,184,184,False,,,21260921
0.899,49,fixed_repeated,0,184,184,False,,,21260921
0.899,50,fixed_repeated,2,189,189,False,,,21260921
0.899,51,fixed_repeated,4,186,186,False,,,21260921
0.899,52,fixed_repeated,6,185,185,False,,,21260921
0.899,53,fixed_repeated,1,187,187,False,,,21260921
0.899,54,fixed_repeated,7,185,185,False,,,21260921
0.899,55,fixed_repeated,5,186,186,False,,,21260921
0.899,56,fixed_repeated,4,185,185,False,,,21260921
0.899,57,fixed_repeated,0,187,187,False,,,21260921
0.899,58,fixed_repeated,3,187,187,False,,,21260921
0.899,59,fixed_repeated,0,184,184,True,100,902,21260921
0.899,60,fixed_repeated,2,187,187,False,,,21260921
0.899,61,fixed_repeated,0,186,186,False,,,21260921
0.899,62,fixed_repeated,7,187,187,False,,,21260921
0.899,63,fixed_repeated,6,188,188,False,,,21260921
0.899,64,fixed_repeated,0,187,187,False,,,21260921
0.899,65,fixed_repeated,7,184,184,False,,,21260921
0.899,66,fixed_repeated,4,188,188,False,,,21260921
0.899,67,fixed_repeated,5,184,184,True,399,1799,21260921
0.899,68,fixed_repeated,5,186,186,False,,,21260921
0.899,69,fixed_repeated,2,187,187,False,,,21260921
0.899,70,fixed_repeated,0,184,184,False,,,21260921
0.899,71,fixed_repeated,7,185,185,False,,,21260921
0.899,72,fixed_repeated,3,182,182,False,,,21260921
0.899,73,fixed_repeated,0,183,183,False,,,21260921
0.899,74,fixed_repeated,3,190,190,False,,,21260921
0.899,75,fixed_repeated,0,186,186,False,,,21260921
0.899,76,fixed_repeated,0,190,190,False,,,21260921
0.899,77,fixed_repeated,4,185,185,False,,,21260921
0.899,78,fixed_repeated,2,182,182,True,180,1142,21260921
0.899,79,fixed_repeated,1,186,186,False,,,21260921
0.899,80,fixed_repeated,2,184,184,True,3626,11480,21260921
0.899,81,fixed_repeated,2,187,187,False,,,21260921
0.899,82,fixed_repeated,1,185,185,False,,,21260921
0.899,83,fixed_repeated,0,190,190,False,,,21260921
0.899,84,fixed_repeated,0,184,184,False,,,21260921
0.899,85,fixed_repeated,7,186,186,True,167,1103,21260921
0.899,86,fixed_repeated,3,187,187,False,,,21260921
0.899,87,fixed_repeated,4,184,184,False,,,21260921
0.899,88,fixed_repeated,3,186,186,False,,,21260921
0.899,89,fixed_repeated,3,187,187,True,193,1181,21260921
0.899,90,fixed_repeated,5,186,186,False,,,21260921
0.899,91,fixed_repeated,7,181,181,False,,,21260921
0.899,92,fixed_repeated,3,183,183,False,,,21260921
0.899,93,fixed_repeated,1,186,186,False,,,21260921
0.899,94,fixed_repeated,7,186,186,False,,,21260921
0.899,95,fixed_repeated,6,186,186,False,,,21260921
0.899,96,fixed_repeated,7,184,184,False,,,21260921
0.899,97,fixed_repeated,2,184,184,False,,,21260921
0.899,98,fixed_repeated,5,186,186,False,,,21260921
0.899,99,fixed_repeated,5,186,186,False,,,21260921
0.899,100,fixed_repeated,0,188,188,True,36,710,21260921
0.899,101,fixed_repeated,7,189,189,False,,,21260921
0.899,102,fixed_repeated,1,189,189,False,,,21260921
0.899,103,fixed_repeated,7,185,185,True,36,710,21260921
0.899,104,fixed_repeated,3,187,187,False,,,21260921
0.899,105,fixed_repeated,1,189,189,False,,,21260921
0.899,106,fixed_repeated,3,183,183,False,,,21260921
0.899,107,fixed_repeated,1,185,185,False,,,21260921
0.899,108,fixed_repeated,0,186,186,False,,,21260921
0.899,109,fixed_repeated,2,184,184,True,243,1331,21260921
0.899,110,fixed_repeated,6,185,185,False,,,21260921
0.899,111,fixed_repeated,7,189,189,True,167,1103,21260921
0.899,112,fixed_repeated,3,183,183,False,,,21260921
0.899,113,fixed_repeated,4,185,185,False,,,21260921
0.899,114,fixed_repeated,6,184,184,False,,,21260921
0.899,115,fixed_repeated,0,184,184,False,,,21260921
0.899,116,fixed_repeated,3,184,184,True,1532,5198,21260921
0.899,117,fixed_repeated,1,186,186,True,898,3296,21260921
0.899,118,fixed_repeated,1,183,183,False,,,21260921
0.899,119,fixed_repeated,7,189,189,True,218,1256,21260921
0.899,120,fixed_repeated,2,189,189,False,,,21260921
0.899,121,fixed_repeated,3,184,184,True,243,1331,21260921
0.899,122,fixed_repeated,2,189,189,False,,,21260921
0.899,123,fixed_repeated,7,186,186,False,,,21260921
0.899,124,fixed_repeated,6,185,185,False,,,21260921
0.899,125,fixed_repeated,5,184,184,False,,,21260921
0.899,126,fixed_repeated,2,183,183,False,,,21260921
0.899,127,fixed_repeated,1,186,186,True,618,2456,21260921
0.899,128,fixed_repeated,0,185,185,False,,,21260921
0.899,129,fixed_repeated,5,185,185,False,,,21260921
0.899,130,fixed_repeated,6,187,187,True,36,710,21260921
0.899,131,fixed_repeated,3,184,184,False,,,21260921
0.899,132,fixed_repeated,5,181,181,False,,,21260921
0.899,133,fixed_repeated,0,185,185,False,,,21260921
0.899,134,fixed_repeated,0,184,184,False,,,21260921
0.899,135,fixed_repeated,0,184,184,False,,,21260921
0.899,136,fixed_repeated,1,184,184,False,,,21260921
0.899,137,fixed_repeated,7,188,188,False,,,21260921
0.899,138,fixed_repeated,7,188,188,False,,,21260921
0.899,139,fixed_repeated,5,186,186,False,,,21260921
0.899,140,fixed_repeated,3,181,181,False,,,21260921
0.899,141,fixed_repeated,2,188,188,False,,,21260921
0.899,142,fixed_repeated,2,184,184,False,,,21260921
0.899,143,fixed_repeated,1,183,183,False,,,21260921
0.899,144,fixed_repeated,5,187,187,False,,,21260921
0.899,145,fixed_repeated,4,183,183,False,,,21260921
0.899,146,fixed_repeated,2,188,188,True,54,764,21260921
0.899,147,fixed_repeated,2,185,185,True,663,2591,21260921
0.899,148,fixed_repeated,5,185,185,True,434,1904,21260921
0.899,149,fixed_repeated,1,182,182,False,,,21260921
0.899,150,fixed_repeated,0,184,184,False,,,21260921
0.899,151,fixed_repeated,0,186,186,False,,,21260921
0.899,152,fixed_repeated,4,183,183,True,2824,9074,21260921
0.899,153,fixed_repeated,0,184,184,False,,,21260921
0.899,154,fixed_repeated,0,182,182,False,,,21260921
0.899,155,fixed_repeated,2,185,185,False,,,21260921
0.899,156,fixed_repeated,5,183,183,False,,,21260921
0.899,157,fixed_repeated,1,187,187,False,,,21260921
0.899,158,fixed_repeated,7,187,187,False,,,21260921
0.899,159,fixed_repeated,2,186,186,True,1052,3758,21260921
0.899,160,fixed_repeated,1,187,187,False,,,21260921
0.899,161,fixed_repeated,6,184,184,False,,,21260921
0.899,162,fixed_repeated,4,189,189,False,,,21260921
0.899,163,fixed_repeated,7,187,187,True,618,2456,21260921
0.899,164,fixed_repeated,3,184,184,False,,,21260921
0.899,165,fixed_repeated,4,187,187,False,,,21260921
0.899,166,fixed_repeated,5,181,181,False,,,21260921
0.899,167,fixed_repeated,1,184,184,False,,,21260921
0.899,168,fixed_repeated,0,184,184,False,,,21260921
0.899,169,fixed_repeated,3,185,185,False,,,21260921
0.899,170,fixed_repeated,4,185,185,False,,,21260921
0.899,171,fixed_repeated,3,189,189,False,,,21260921
0.899,172,fixed_repeated,2,185,185,False,,,21260921
0.899,173,fixed_repeated,3,185,185,True,3783,11951,21260921
0.899,174,fixed_repeated,1,183,183,False,,,21260921
0.899,175,fixed_repeated,7,185,185,False,,,21260921
0.899,176,fixed_repeated,4,185,185,True,70,812,21260921
0.899,177,fixed_repeated,0,187,187,False,,,21260921
0.899,178,fixed_repeated,5,182,182,False,,,21260921
0.899,179,fixed_repeated,2,185,185,True,54,764,21260921
0.899,180,fixed_repeated,0,186,186,False,,,21260921
0.899,181,fixed_repeated,1,186,186,False,,,21260921
0.899,182,fixed_repeated,1,183,183,False,,,21260921
0.899,183,fixed_repeated,1,183,183,False,,,21260921
0.899,184,fixed_repeated,0,186,186,False,,,21260921
0.899,185,fixed_repeated,5,185,185,False,,,21260921
0.899,186,fixed_repeated,1,184,184,False,,,21260921
0.899,187,fixed_repeated,2,182,182,True,4496,14090,21260921
0.899,188,fixed_repeated,0,189,189,True,127,983,21260921
0.899,189,fixed_repeated,3,187,187,False,,,21260921
0.899,190,fixed_repeated,1,186,186,False,,,21260921
0.899,191,fixed_repeated,4,185,185,False,,,21260921
0.899,192,fixed_repeated,2,185,185,True,141,1025,21260921
0.899,193,fixed_repeated,5,187,187,False,,,21260921
0.899,194,fixed_repeated,7,185,185,False,,,21260921
0.899,195,fixed_repeated,5,181,181,False,,,21260921
0.899,196,fixed_repeated,7,189,189,False,,,21260921
0.899,197,fixed_repeated,2,187,187,False,,,21260921
0.899,198,fixed_repeated,3,183,183,True,70,812,21260921
0.899,199,fixed_repeated,0,188,188,False,,,21260921
0.899,200,fixed_repeated,4,186,186,True,3941,12425,21260921
0.899,201,fixed_repeated,1,187,187,False,,,21260921
0.899,202,fixed_repeated,4,186,186,False,,,21260921
0.899,203,fixed_repeated,0,187,187,False,,,21260921
0.899,204,fixed_repeated,0,183,183,False,,,21260921
0.899,205,fixed_repeated,1,183,183,False,,,21260921
0.899,206,fixed_repeated,6,187,187,True,36,710,21260921
0.899,207,fixed_repeated,7,183,183,False,,,21260921
0.899,208,fixed_repeated,4,187,187,False,,,21260921
0.899,209,fixed_repeated,1,185,185,False,,,21260921
0.899,210,fixed_repeated,5,186,186,False,,,21260921
0.899,211,fixed_repeated,2,185,185,True,3436,10910,21260921
0.899,212,fixed_repeated,3,186,186,False,,,21260921
0.899,213,fixed_repeated,0,189,189,False,,,21260921
0.899,214,fixed_repeated,7,183,183,True,36,710,21260921
0.899,215,fixed_repeated,5,187,187,False,,,21260921
0.899,216,fixed_repeated,1,181,181,False,,,21260921
0.899,217,fixed_repeated,3,188,188,False,,,21260921
0.899,218,fixed_repeated,4,185,185,False,,,21260921
0.899,219,fixed_repeated,7,185,185,False,,,21260921
0.899,220,fixed_repeated,4,188,188,False,,,21260921
0.899,221,fixed_repeated,3,186,186,False,,,21260921
0.899,222,fixed_repeated,0,186,186,False,,,21260921
0.899,223,fixed_repeated,5,182,182,False,,,21260921
0.899,224,fixed_repeated,0,187,187,False,,,21260921
0.899,225,fixed_repeated,0,185,185,False,,,21260921
0.899,226,fixed_repeated,6,183,183,False,,,21260921
0.899,227,fixed_repeated,2,184,184,False,,,21260921
0.899,228,fixed_repeated,0,191,191,True,942,3428,21260921
0.899,229,fixed_repeated,0,186,186,False,,,21260921
0.899,230,fixed_repeated,3,186,186,False,,,21260921
0.899,231,fixed_repeated,1,186,186,False,,,21260921
0.899,232,fixed_repeated,0,186,186,False,,,21260921
0.899,233,fixed_repeated,3,182,182,True,36,710,21260921
0.899,234,fixed_repeated,1,189,189,False,,,21260921
0.899,235,fixed_repeated,5,185,185,True,316,1550,21260921
0.899,236,fixed_repeated,1,182,182,False,,,21260921
0.899,237,fixed_repeated,6,186,186,False,,,21260921
0.899,238,fixed_repeated,3,185,185,False,,,21260921
0.899,239,fixed_repeated,3,184,184,False,,,21260921
0.899,240,fixed_repeated,6,186,186,True,1650,5552,21260921
0.899,241,fixed_repeated,4,188,188,False,,,21260921
0.899,242,fixed_repeated,4,190,190,False,,,21260921
0.899,243,fixed_repeated,4,186,186,False,,,21260921
0.899,244,fixed_repeated,0,184,184,False,,,21260921
0.899,245,fixed_repeated,3,188,188,False,,,21260921
0.899,246,fixed_repeated,6,185,185,False,,,21260921
0.899,247,fixed_repeated,4,189,189,False,,,21260921
0.899,248,fixed_repeated,1,184,184,True,1063,3791,21260921
0.899,249,fixed_repeated,4,186,186,False,,,21260921
0.899,250,fixed_repeated,4,187,187,False,,,21260921
0.899,251,fixed_repeated,7,189,189,False,,,21260921
0.899,252,fixed_repeated,0,186,186,True,503,2111,21260921
0.899,253,fixed_repeated,4,187,187,False,,,21260921
0.899,254,fixed_repeated,3,183,183,False,,,21260921
0.899,255,fixed_repeated,7,186,186,False,,,21260921
0.899,256,fixed_repeated,2,186,186,True,154,1064,21260921
0.899,257,fixed_repeated,6,186,186,False,,,21260921
0.899,258,fixed_repeated,0,185,185,False,,,21260921
0.899,259,fixed_repeated,2,186,186,False,,,21260921
0.899,260,fixed_repeated,4,190,190,True,3815,12047,21260921
0.899,261,fixed_repeated,3,182,182,True,100,902,21260921
0.899,262,fixed_repeated,2,182,182,True,127,983,21260921
0.899,263,fixed_repeated,1,185,185,False,,,21260921
0.899,264,fixed_repeated,5,186,186,False,,,21260921
0.899,265,fixed_repeated,4,183,183,False,,,21260921
0.899,266,fixed_repeated,6,187,187,False,,,21260921
0.899,267,fixed_repeated,1,185,185,False,,,21260921
0.899,268,fixed_repeated,6,183,183,False,,,21260921
0.899,269,fixed_repeated,0,186,186,False,,,21260921
0.899,270,fixed_repeated,5,186,186,False,,,21260921
0.899,271,fixed_repeated,1,192,192,False,,,21260921
0.899,272,fixed_repeated,1,186,186,True,1456,4970,21260921
0.899,273,fixed_repeated,3,182,182,True,154,1064,21260921
0.899,274,fixed_repeated,7,188,188,False,,,21260921
0.899,275,fixed_repeated,5,185,185,False,,,21260921
0.899,276,fixed_repeated,6,184,184,False,,,21260921
0.899,277,fixed_repeated,4,184,184,False,,,21260921
0.899,278,fixed_repeated,0,186,186,True,411,1835,21260921
0.899,279,fixed_repeated,6,186,186,False,,,21260921
0.899,280,fixed_repeated,0,187,187,False,,,21260921
0.899,281,fixed_repeated,7,189,189,False,,,21260921
0.899,282,fixed_repeated,5,184,184,False,,,21260921
0.899,283,fixed_repeated,2,185,185,False,,,21260921
0.899,284,fixed_repeated,6,186,186,False,,,21260921
0.899,285,fixed_repeated,2,187,187,False,,,21260921
0.899,286,fixed_repeated,7,183,183,False,,,21260921
0.899,287,fixed_repeated,0,186,186,False,,,21260921
0.899,288,fixed_repeated,5,187,187,False,,,21260921
0.899,289,fixed_repeated,2,185,185,False,,,21260921
0.899,290,fixed_repeated,2,186,186,True,36,710,21260921
0.899,291,fixed_repeated,4,185,185,True,1607,5423,21260921
0.899,292,fixed_repeated,3,188,188,False,,,21260921
0.899,293,fixed_repeated,7,186,186,False,,,21260921
0.899,294,fixed_repeated,6,189,189,False,,,21260921
0.899,295,fixed_repeated,6,189,189,False,,,21260921
0.899,296,fixed_repeated,5,191,191,False,,,21260921
0.899,297,fixed_repeated,1,184,184,True,70,812,21260921
0.899,298,fixed_repeated,3,187,187,True,515,2147,21260921
0.899,299,fixed_repeated,5,185,185,False,,,21260921
0.899,300,fixed_repeated,0,186,186,False,,,21260921
0.899,301,fixed_repeated,6,182,182,False,,,21260921
0.899,302,fixed_repeated,4,183,183,False,,,21260921
0.899,303,fixed_repeated,1,189,189,False,,,21260921
0.899,304,fixed_repeated,1,185,185,False,,,21260921
0.899,305,fixed_repeated,3,186,186,False,,,21260921
0.899,306,fixed_repeated,6,187,187,False,,,21260921
0.899,307,fixed_repeated,1,186,186,False,,,21260921
0.899,308,fixed_repeated,5,184,184,False,,,21260921
0.899,309,fixed_repeated,0,188,188,False,,,21260921
0.899,310,fixed_repeated,2,185,185,False,,,21260921
0.899,311,fixed_repeated,3,187,187,False,,,21260921
0.899,312,fixed_repeated,2,183,183,False,,,21260921
0.899,313,fixed_repeated,6,187,187,False,,,21260921
0.899,314,fixed_repeated,0,184,184,False,,,21260921
0.899,315,fixed_repeated,7,188,188,False,,,21260921
0.899,316,fixed_repeated,5,184,184,False,,,21260921
0.899,317,fixed_repeated,5,180,180,True,167,1103,21260921
0.899,318,fixed_repeated,0,187,187,False,,,21260921
0.899,319,fixed_repeated,1,181,181,True,127,983,21260921
0.899,320,fixed_repeated,7,186,186,False,,,21260921
0.899,321,fixed_repeated,4,186,186,False,,,21260921
0.899,322,fixed_repeated,5,188,188,False,,,21260921
0.899,323,fixed_repeated,3,186,186,False,,,21260921
0.899,324,fixed_repeated,5,187,187,True,2708,8726,21260921
0.899,325,fixed_repeated,3,188,188,False,,,21260921
0.899,326,fixed_repeated,4,185,185,False,,,21260921
0.899,327,fixed_repeated,3,187,187,False,,,21260921
0.899,328,fixed_repeated,5,186,186,True,1260,4382,21260921
0.899,329,fixed_repeated,2,186,186,False,,,21260921
0.899,330,fixed_repeated,3,183,183,False,,,21260921
0.899,331,fixed_repeated,4,186,186,False,,,21260921
0.899,332,fixed_repeated,7,190,190,False,,,21260921
0.899,333,fixed_repeated,2,186,186,True,218,1256,21260921
0.899,334,fixed_repeated,2,186,186,False,,,21260921
0.899,335,fixed_repeated,4,185,185,False,,,21260921
0.899,336,fixed_repeated,3,185,185,False,,,21260921
0.899,337,fixed_repeated,7,184,184,False,,,21260921
0.899,338,fixed_repeated,2,184,184,False,,,21260921
0.899,339,fixed_repeated,2,185,185,False,,,21260921
0.899,340,fixed_repeated,5,184,184,False,,,21260921
0.899,341,fixed_repeated,4,187,187,True,167,1103,21260921
0.899,342,fixed_repeated,7,189,189,False,,,21260921
0.899,343,fixed_repeated,6,187,187,False,,,21260921
0.899,344,fixed_repeated,0,186,186,False,,,21260921
0.899,345,fixed_repeated,1,184,184,False,,,21260921
0.899,346,fixed_repeated,4,186,186,True,492,2078,21260921
0.899,347,fixed_repeated,4,186,186,False,,,21260921
0.899,348,fixed_repeated,3,185,185,False,,,21260921
0.899,349,fixed_repeated,0,183,183,False,,,21260921
0.899,350,fixed_repeated,3,187,187,False,,,21260921
0.899,351,fixed_repeated,5,188,188,False,,,21260921
0.899,352,fixed_repeated,3,185,185,True,218,1256,21260921
0.899,353,fixed_repeated,0,187,187,False,,,21260921
0.899,354,fixed_repeated,7,184,184,False,,,21260921
0.899,355,fixed_repeated,4,185,185,False,,,21260921
0.899,356,fixed_repeated,1,184,184,False,,,21260921
0.899,357,fixed_repeated,1,189,189,False,,,21260921
0.899,358,fixed_repeated,0,187,187,False,,,21260921
0.899,359,fixed_repeated,1,184,184,False,,,21260921
0.899,360,fixed_repeated,4,189,189,True,36,710,21260921
0.899,361,fixed_repeated,0,192,192,True,206,1220,21260921
0.899,362,fixed_repeated,1,186,186,False,,,21260921
0.899,363,fixed_repeated,5,184,184,False,,,21260921
0.899,364,fixed_repeated,4,185,185,False,,,21260921
0.899,365,fixed_repeated,0,183,183,False,,,21260921
0.899,366,fixed_repeated,1,185,185,False,,,21260921
0.899,367,fixed_repeated,0,187,187,False,,,21260921
0.899,368,fixed_repeated,4,183,183,True,54,764,21260921
0.899,369,fixed_repeated,4,188,188,False,,,21260921
0.899,370,fixed_repeated,2,184,184,False,,,21260921
0.899,371,fixed_repeated,1,186,186,False,,,21260921
0.899,372,fixed_repeated,0,184,184,False,,,21260921
0.899,373,fixed_repeated,5,185,185,False,,,21260921
0.899,374,fixed_repeated,7,187,187,False,,,21260921
0.899,375,fixed_repeated,2,184,184,False,,,21260921
0.899,376,fixed_repeated,6,186,186,False,,,21260921
0.899,377,fixed_repeated,2,188,188,False,,,21260921
0.899,378,fixed_repeated,0,186,186,False,,,21260921
0.899,379,fixed_repeated,0,185,185,False,,,21260921
0.899,380,fixed_repeated,1,186,186,True,154,1064,21260921
0.899,381,fixed_repeated,2,190,190,False,,,21260921
0.899,382,fixed_repeated,0,185,185,False,,,21260921
0.899,383,fixed_repeated,2,186,186,False,,,21260921
0.899,384,fixed_repeated,1,186,186,True,583,2351,21260921
0.899,385,fixed_repeated,0,189,189,True,154,1064,21260921
0.899,386,fixed_repeated,5,184,184,False,,,21260921
0.899,387,fixed_repeated,1,186,186,False,,,21260921
0.899,388,fixed_repeated,2,185,185,False,,,21260921
0.899,389,fixed_repeated,1,184,184,False,,,21260921
0.899,390,fixed_repeated,2,184,184,False,,,21260921
0.899,391,fixed_repeated,0,187,187,False,,,21260921
0.899,392,fixed_repeated,7,183,183,False,,,21260921
0.899,393,fixed_repeated,6,186,186,False,,,21260921
0.899,394,fixed_repeated,3,188,188,False,,,21260921
0.899,395,fixed_repeated,5,183,183,False,,,21260921
0.899,396,fixed_repeated,7,185,185,False,,,21260921
0.899,397,fixed_repeated,7,190,190,False,,,21260921
0.899,398,fixed_repeated,3,185,185,True,387,1763,21260921
0.899,399,fixed_repeated,4,189,189,True,446,1940,21260921
0.899,400,fixed_repeated,7,184,184,False,,,21260921
0.899,401,fixed_repeated,7,187,187,False,,,21260921
0.899,402,fixed_repeated,4,184,184,False,,,21260921
0.899,403,fixed_repeated,7,187,187,False,,,21260921
0.899,404,fixed_repeated,7,187,187,False,,,21260921
0.899,405,fixed_repeated,0,184,184,False,,,21260921
0.899,406,fixed_repeated,3,183,183,False,,,21260921
0.899,407,fixed_repeated,4,185,185,False,,,21260921
0.899,408,fixed_repeated,2,185,185,False,,,21260921
0.899,409,fixed_repeated,7,187,187,False,,,21260921
0.899,410,fixed_repeated,7,183,183,False,,,21260921
0.899,411,fixed_repeated,4,187,187,False,,,21260921
0.899,412,fixed_repeated,2,188,188,True,243,1331,21260921
0.899,413,fixed_repeated,1,184,184,False,,,21260921
0.899,414,fixed_repeated,2,187,187,True,2495,8087,21260921
0.899,415,fixed_repeated,7,188,188,False,,,21260921
0.899,416,fixed_repeated,6,187,187,False,,,21260921
0.899,417,fixed_repeated,4,187,187,True,54,764,21260921
0.899,418,fixed_repeated,1,187,187,False,,,21260921
0.899,419,fixed_repeated,7,186,186,False,,,21260921
0.899,420,fixed_repeated,1,181,181,True,3014,9644,21260921
0.899,421,fixed_repeated,6,187,187,True,618,2456,21260921
0.899,422,fixed_repeated,3,186,186,False,,,21260921
0.899,423,fixed_repeated,5,190,190,False,,,21260921
0.899,424,fixed_repeated,0,183,183,False,,,21260921
0.899,425,fixed_repeated,7,187,187,False,,,21260921
0.899,426,fixed_repeated,0,183,183,True,231,1295,21260921
0.899,427,fixed_repeated,2,182,182,False,,,21260921
0.899,428,fixed_repeated,7,186,186,False,,,21260921
0.899,429,fixed_repeated,0,190,190,False,,,21260921
0.899,430,fixed_repeated,4,186,186,False,,,21260921
0.899,431,fixed_repeated,3,187,187,False,,,21260921
0.899,432,fixed_repeated,0,186,186,False,,,21260921
0.899,433,fixed_repeated,4,184,184,False,,,21260921
0.899,434,fixed_repeated,3,184,184,False,,,21260921
0.899,435,fixed_repeated,3,188,188,False,,,21260921
0.899,436,fixed_repeated,2,189,189,False,,,21260921
0.899,437,fixed_repeated,7,185,185,False,,,21260921
0.899,438,fixed_repeated,7,183,183,True,100,902,21260921
0.899,439,fixed_repeated,1,187,187,True,193,1181,21260921
0.899,440,fixed_repeated,0,187,187,False,,,21260921
0.899,441,fixed_repeated,6,185,185,False,,,21260921
0.899,442,fixed_repeated,5,190,190,False,,,21260921
0.899,443,fixed_repeated,6,188,188,True,2378,7736,21260921
0.899,444,fixed_repeated,6,190,190,False,,,21260921
0.899,445,fixed_repeated,6,183,183,False,,,21260921
0.899,446,fixed_repeated,3,183,183,False,,,21260921
0.899,447,fixed_repeated,5,188,188,True,387,1763,21260921
0.899,448,fixed_repeated,7,188,188,False,,,21260921
0.899,449,fixed_repeated,1,180,180,False,,,21260921
0.899,450,fixed_repeated,4,183,183,False,,,21260921
0.899,451,fixed_repeated,3,186,186,False,,,21260921
0.899,452,fixed_repeated,2,183,183,False,,,21260921
0.899,453,fixed_repeated,5,186,186,False,,,21260921
0.899,454,fixed_repeated,0,188,188,False,,,21260921
0.899,455,fixed_repeated,5,185,185,False,,,21260921
0.899,456,fixed_repeated,0,181,181,False,,,21260921
0.899,457,fixed_repeated,5,192,192,False,,,21260921
0.899,458,fixed_repeated,7,192,192,False,,,21260921
0.899,459,fixed_repeated,4,186,186,True,36,710,21260921
0.899,460,fixed_repeated,4,182,182,False,,,21260921
0.899,461,fixed_repeated,0,187,187,True,180,1142,21260921
0.899,462,fixed_repeated,7,186,186,False,,,21260921
0.899,463,fixed_repeated,3,190,190,False,,,21260921
0.899,464,fixed_repeated,3,183,183,False,,,21260921
0.899,465,fixed_repeated,5,183,183,False,,,21260921
0.899,466,fixed_repeated,4,189,189,False,,,21260921
0.899,467,fixed_repeated,1,187,187,False,,,21260921
0.899,468,fixed_repeated,3,182,182,False,,,21260921
0.899,469,fixed_repeated,2,184,184,False,,,21260921
0.899,470,fixed_repeated,3,185,185,False,,,21260921
0.899,471,fixed_repeated,7,187,187,False,,,21260921
0.899,472,fixed_repeated,0,183,183,True,618,2456,21260921
0.899,473,fixed_repeated,2,182,182,False,,,21260921
0.899,474,fixed_repeated,7,190,190,False,,,21260921
0.899,475,fixed_repeated,2,185,185,True,3720,11762,21260921
0.899,476,fixed_repeated,0,186,186,False,,,21260921
0.899,477,fixed_repeated,2,183,183,False,,,21260921
0.899,478,fixed_repeated,0,182,182,False,,,21260921
0.899,479,fixed_repeated,0,183,183,False,,,21260921
0.899,480,fixed_repeated,2,187,187,False,,,21260921
0.899,481,fixed_repeated,3,186,186,False,,,21260921
0.899,482,fixed_repeated,0,186,186,False,,,21260921
0.899,483,fixed_repeated,7,186,186,False,,,21260921
0.899,484,fixed_repeated,6,184,184,False,,,21260921
0.899,485,fixed_repeated,2,189,189,False,,,21260921
0.899,486,fixed_repeated,5,186,186,False,,,21260921
0.899,487,fixed_repeated,1,184,184,True,54,764,21260921
0.899,488,fixed_repeated,1,186,186,False,,,21260921
0.899,489,fixed_repeated,2,185,185,True,100,902,21260921
0.899,490,fixed_repeated,0,180,180,True,180,1142,21260921
0.899,491,fixed_repeated,7,191,191,False,,,21260921
0.899,492,fixed_repeated,0,187,187,False,,,21260921
0.899,493,fixed_repeated,5,188,188,False,,,21260921
0.899,494,fixed_repeated,7,186,186,False,,,21260921
0.899,495,fixed_repeated,2,186,186,False,,,21260921
0.899,496,fixed_repeated,7,187,187,False,,,21260921
0.899,497,fixed_repeated,7,189,189,False,,,21260921
0.899,498,fixed_repeated,1,182,182,False,,,21260921
0.899,499,fixed_repeated,2,186,186,True,515,2147,21260921
0.899,500,fixed_repeated,4,185,185,False,,,21260921
0.899,501,fixed_repeated,5,188,188,False,,,21260921
0.899,502,fixed_repeated,5,187,187,False,,,21260921
0.899,503,fixed_repeated,1,185,185,False,,,21260921
0.899,504,fixed_repeated,2,181,181,True,114,944,21260921
0.899,505,fixed_repeated,6,191,191,False,,,21260921
0.899,506,fixed_repeated,0,182,182,False,,,21260921
0.899,507,fixed_repeated,4,187,187,False,,,21260921
0.899,508,fixed_repeated,6,188,188,False,,,21260921
0.899,509,fixed_repeated,6,190,190,False,,,21260921
0.899,510,fixed_repeated,4,187,187,True,36,710,21260921
0.899,511,fixed_repeated,4,190,190,False,,,21260921
0.899,512,fixed_repeated,5,183,183,False,,,21260921
0.899,513,fixed_repeated,1,186,186,False,,,21260921
0.899,514,fixed_repeated,1,189,189,False,,,21260921
0.899,515,fixed_repeated,0,186,186,True,352,1658,21260921
0.899,516,fixed_repeated,0,182,182,False,,,21260921
0.899,517,fixed_repeated,1,186,186,False,,,21260921
0.899,518,fixed_repeated,4,186,186,False,,,21260921
0.899,519,fixed_repeated,6,184,184,False,,,21260921
0.899,520,fixed_repeated,3,188,188,False,,,21260921
0.899,521,fixed_repeated,3,186,186,True,526,2180,21260921
0.899,522,fixed_repeated,3,187,187,False,,,21260921
0.899,523,fixed_repeated,0,192,192,False,,,21260921
0.899,524,fixed_repeated,4,182,182,False,,,21260921
0.899,525,fixed_repeated,5,181,181,True,54,764,21260921
0.899,526,fixed_repeated,3,188,188,False,,,21260921
0.899,527,fixed_repeated,1,187,187,False,,,21260921
0.899,528,fixed_repeated,7,186,186,False,,,21260921
0.899,529,fixed_repeated,3,188,188,False,,,21260921
0.899,530,fixed_repeated,5,186,186,False,,,21260921
0.899,531,fixed_repeated,5,185,185,False,,,21260921
0.899,532,fixed_repeated,1,188,188,False,,,21260921
0.899,533,fixed_repeated,0,188,188,False,,,21260921
0.899,534,fixed_repeated,0,190,190,False,,,21260921
0.899,535,fixed_repeated,1,186,186,False,,,21260921
0.899,536,fixed_repeated,7,188,188,False,,,21260921
0.899,537,fixed_repeated,0,185,185,False,,,21260921
0.899,538,fixed_repeated,7,185,185,False,,,21260921
0.899,539,fixed_repeated,1,184,184,False,,,21260921
0.899,540,fixed_repeated,5,184,184,True,70,812,21260921
0.899,541,fixed_repeated,3,184,184,False,,,21260921
0.899,542,fixed_repeated,7,188,188,False,,,21260921
0.899,543,fixed_repeated,2,182,182,False,,,21260921
0.899,544,fixed_repeated,1,182,182,True,640,2522,21260921
0.899,545,fixed_repeated,5,185,185,True,36,710,21260921
0.899,546,fixed_repeated,1,187,187,False,,,21260921
0.899,547,fixed_repeated,1,189,189,True,685,2657,21260921
0.899,548,fixed_repeated,3,185,185,False,,,21260921
0.899,549,fixed_repeated,4,185,185,False,,,21260921
0.899,550,fixed_repeated,7,188,188,False,,,21260921
0.899,551,fixed_repeated,0,187,187,True,4485,14057,21260921
0.899,552,fixed_repeated,4,185,185,False,,,21260921
0.899,553,fixed_repeated,2,185,185,False,,,21260921
0.899,554,fixed_repeated,6,186,186,False,,,21260921
0.899,555,fixed_repeated,7,187,187,False,,,21260921
0.899,556,fixed_repeated,4,187,187,False,,,21260921
0.899,557,fixed_repeated,7,186,186,False,,,21260921
0.899,558,fixed_repeated,1,185,185,False,,,21260921
0.899,559,fixed_repeated,1,181,181,False,,,21260921
0.899,560,fixed_repeated,5,187,187,False,,,21260921
0.899,561,fixed_repeated,4,184,184,False,,,21260921
0.899,562,fixed_repeated,2,185,185,False,,,21260921
0.899,563,fixed_repeated,5,183,183,False,,,21260921
0.899,564,fixed_repeated,2,186,186,True,54,764,21260921
0.899,565,fixed_repeated,1,184,184,False,,,21260921
0.899,566,fixed_repeated,4,185,185,False,,,21260921
0.899,567,fixed_repeated,1,186,186,False,,,21260921
0.899,568,fixed_repeated,2,185,185,True,1726,5780,21260921
0.899,569,fixed_repeated,5,185,185,False,,,21260921
0.899,570,fixed_repeated,6,184,184,False,,,21260921
0.899,571,fixed_repeated,3,182,182,False,,,21260921
0.899,572,fixed_repeated,7,185,185,False,,,21260921
0.899,573,fixed_repeated,6,186,186,False,,,21260921
0.899,574,fixed_repeated,5,185,185,True,54,764,21260921
0.899,575,fixed_repeated,2,188,188,True,5133,16001,21260921
0.899,576,fixed_repeated,2,186,186,False,,,21260921
0.899,577,fixed_repeated,4,185,185,False,,,21260921
0.899,578,fixed_repeated,3,185,185,False,,,21260921
0.899,579,fixed_repeated,0,187,187,False,,,21260921
0.899,580,fixed_repeated,6,183,183,True,446,1940,21260921
0.899,581,fixed_repeated,0,185,185,False,,,21260921
0.899,582,fixed_repeated,0,182,182,False,,,21260921
0.899,583,fixed_repeated,7,184,184,True,3920,12362,21260921
0.899,584,fixed_repeated,5,186,186,False,,,21260921
0.899,585,fixed_repeated,7,187,187,False,,,21260921
0.899,586,fixed_repeated,0,186,186,False,,,21260921
0.899,587,fixed_repeated,3,184,184,False,,,21260921
0.899,588,fixed_repeated,4,184,184,False,,,21260921
0.899,589,fixed_repeated,0,183,183,False,,,21260921
0.899,590,fixed_repeated,5,185,185,False,,,21260921
0.899,591,fixed_repeated,0,186,186,False,,,21260921
0.899,592,fixed_repeated,5,192,192,False,,,21260921
0.899,593,fixed_repeated,3,188,188,False,,,21260921
0.899,594,fixed_repeated,3,183,183,False,,,21260921
0.899,595,fixed_repeated,1,186,186,False,,,21260921
0.899,596,fixed_repeated,4,187,187,False,,,21260921
0.899,597,fixed_repeated,0,189,189,False,,,21260921
0.899,598,fixed_repeated,2,187,187,False,,,21260921
0.899,599,fixed_repeated,1,188,188,True,218,1256,21260921
0.899,600,fixed_repeated,6,184,184,False,,,21260921
0.899,601,fixed_repeated,4,185,185,False,,,21260921
0.899,602,fixed_repeated,4,186,186,True,515,2147,21260921
0.899,603,fixed_repeated,7,186,186,False,,,21260921
0.899,604,fixed_repeated,2,184,184,False,,,21260921
0.899,605,fixed_repeated,4,184,184,False,,,21260921
0.899,606,fixed_repeated,2,187,187,False,,,21260921
0.899,607,fixed_repeated,5,184,184,False,,,21260921
0.899,608,fixed_repeated,2,185,185,False,,,21260921
0.899,609,fixed_repeated,5,186,186,False,,,21260921
0.899,610,fixed_repeated,7,186,186,False,,,21260921
0.899,611,fixed_repeated,6,186,186,False,,,21260921
0.899,612,fixed_repeated,6,185,185,True,549,2249,21260921
0.899,613,fixed_repeated,3,185,185,True,2101,6905,21260921
0.899,614,fixed_repeated,5,185,185,False,,,21260921
0.899,615,fixed_repeated,1,182,182,False,,,21260921
0.899,616,fixed_repeated,2,186,186,False,,,21260921
0.899,617,fixed_repeated,4,186,186,False,,,21260921
0.899,618,fixed_repeated,3,187,187,True,193,1181,21260921
0.899,619,fixed_repeated,6,184,184,True,730,2792,21260921
0.899,620,fixed_repeated,0,186,186,False,,,21260921
0.899,621,fixed_repeated,6,182,182,False,,,21260921
0.899,622,fixed_repeated,3,183,183,False,,,21260921
0.899,623,fixed_repeated,3,189,189,False,,,21260921
0.899,624,fixed_repeated,4,187,187,False,,,21260921
0.899,625,fixed_repeated,2,185,185,False,,,21260921
0.899,626,fixed_repeated,7,185,185,True,399,1799,21260921
0.899,627,fixed_repeated,5,187,187,False,,,21260921
0.899,628,fixed_repeated,4,187,187,False,,,21260921
0.899,629,fixed_repeated,5,185,185,False,,,21260921
0.899,630,fixed_repeated,5,186,186,False,,,21260921
0.899,631,fixed_repeated,4,188,188,False,,,21260921
0.899,632,fixed_repeated,2,184,184,False,,,21260921
0.899,633,fixed_repeated,2,184,184,False,,,21260921
0.899,634,fixed_repeated,2,182,182,False,,,21260921
0.899,635,fixed_repeated,1,186,186,True,2983,9551,21260921
0.899,636,fixed_repeated,3,186,186,False,,,21260921
0.899,637,fixed_repeated,4,190,190,True,1618,5456,21260921
0.899,638,fixed_repeated,7,185,185,False,,,21260921
0.899,639,fixed_repeated,2,188,188,False,,,21260921
0.899,640,fixed_repeated,7,187,187,False,,,21260921
0.899,641,fixed_repeated,3,188,188,False,,,21260921
0.899,642,fixed_repeated,1,186,186,False,,,21260921
0.899,643,fixed_repeated,2,184,184,False,,,21260921
0.899,644,fixed_repeated,4,183,183,False,,,21260921
0.899,645,fixed_repeated,5,183,183,False,,,21260921
0.899,646,fixed_repeated,2,188,188,False,,,21260921
0.899,647,fixed_repeated,1,186,186,False,,,21260921
0.899,648,fixed_repeated,4,186,186,False,,,21260921
0.899,649,fixed_repeated,3,185,185,False,,,21260921
0.899,650,fixed_repeated,4,188,188,False,,,21260921
0.899,651,fixed_repeated,6,187,187,False,,,21260921
0.899,652,fixed_repeated,2,185,185,True,2718,8756,21260921
0.899,653,fixed_repeated,0,184,184,False,,,21260921
0.899,654,fixed_repeated,6,182,182,False,,,21260921
0.899,655,fixed_repeated,3,186,186,False,,,21260921
0.899,656,fixed_repeated,5,182,182,True,36,710,21260921
0.899,657,fixed_repeated,3,184,184,True,352,1658,21260921
0.899,658,fixed_repeated,3,185,185,False,,,21260921
0.899,659,fixed_repeated,3,186,186,False,,,21260921
0.899,660,fixed_repeated,1,185,185,False,,,21260921
0.899,661,fixed_repeated,3,182,182,False,,,21260921
0.899,662,fixed_repeated,3,185,185,False,,,21260921
0.899,663,fixed_repeated,2,180,180,True,206,1220,21260921
0.899,664,fixed_repeated,3,189,189,True,114,944,21260921
0.899,665,fixed_repeated,6,183,183,False,,,21260921
0.899,666,fixed_repeated,1,184,184,False,,,21260921
0.899,667,fixed_repeated,6,186,186,False,,,21260921
0.899,668,fixed_repeated,3,185,185,False,,,21260921
0.899,669,fixed_repeated,6,187,187,False,,,21260921
0.899,670,fixed_repeated,2,186,186,False,,,21260921
0.899,671,fixed_repeated,1,186,186,True,595,2387,21260921
0.899,672,fixed_repeated,1,185,185,True,167,1103,21260921
0.899,673,fixed_repeated,3,185,185,False,,,21260921
0.899,674,fixed_repeated,0,183,183,False,,,21260921
0.899,675,fixed_repeated,7,187,187,False,,,21260921
0.899,676,fixed_repeated,1,183,183,True,2144,7034,21260921
0.899,677,fixed_repeated,5,184,184,False,,,21260921
0.899,678,fixed_repeated,0,181,181,False,,,21260921
0.899,679,fixed_repeated,0,186,186,False,,,21260921
0.899,680,fixed_repeated,1,187,187,True,167,1103,21260921
0.899,681,fixed_repeated,0,180,180,False,,,21260921
0.899,682,fixed_repeated,1,194,194,False,,,21260921
0.899,683,fixed_repeated,1,187,187,False,,,21260921
0.899,684,fixed_repeated,5,187,187,False,,,21260921
0.899,685,fixed_repeated,0,186,186,False,,,21260921
0.899,686,fixed_repeated,3,185,185,False,,,21260921
0.899,687,fixed_repeated,6,187,187,True,526,2180,21260921
0.899,688,fixed_repeated,7,186,186,False,,,21260921
0.899,689,fixed_repeated,0,187,187,True,54,764,21260921
0.899,690,fixed_repeated,5,187,187,False,,,21260921
0.899,691,fixed_repeated,1,186,186,True,36,710,21260921
0.899,692,fixed_repeated,2,183,183,True,167,1103,21260921
0.899,693,fixed_repeated,5,185,185,False,,,21260921
0.899,694,fixed_repeated,1,188,188,True,70,812,21260921
0.899,695,fixed_repeated,3,187,187,False,,,21260921
0.899,696,fixed_repeated,0,183,183,False,,,21260921
0.899,697,fixed_repeated,4,187,187,False,,,21260921
0.899,698,fixed_repeated,2,180,180,False,,,21260921
0.899,699,fixed_repeated,5,190,190,False,,,21260921
0.899,700,fixed_repeated,5,186,186,False,,,21260921
0.899,701,fixed_repeated,6,187,187,False,,,21260921
0.899,702,fixed_repeated,6,186,186,False,,,21260921
0.899,703,fixed_repeated,1,189,189,False,,,21260921
0.899,704,fixed_repeated,2,187,187,True,206,1220,21260921
0.899,705,fixed_repeated,3,186,186,False,,,21260921
0.899,706,fixed_repeated,5,188,188,False,,,21260921
0.899,707,fixed_repeated,3,193,193,True,100,902,21260921
0.899,708,fixed_repeated,4,182,182,False,,,21260921
0.899,709,fixed_repeated,0,182,182,False,,,21260921
0.899,710,fixed_repeated,3,185,185,False,,,21260921
0.899,711,fixed_repeated,2,187,187,False,,,21260921
0.899,712,fixed_repeated,3,188,188,True,5164,16094,21260921
0.899,713,fixed_repeated,3,189,189,True,5300,16502,21260921
0.899,714,fixed_repeated,2,188,188,False,,,21260921
0.899,715,fixed_repeated,0,185,185,False,,,21260921
0.899,716,fixed_repeated,6,187,187,False,,,21260921
0.899,717,fixed_repeated,6,186,186,False,,,21260921
0.899,718,fixed_repeated,0,187,187,False,,,21260921
0.899,719,fixed_repeated,7,189,189,True,1575,5327,21260921
0.899,720,fixed_repeated,4,187,187,False,,,21260921
0.899,721,fixed_repeated,3,184,184,False,,,21260921
0.899,722,fixed_repeated,4,187,187,False,,,21260921
0.899,723,fixed_repeated,2,191,191,False,,,21260921
0.899,724,fixed_repeated,1,186,186,False,,,21260921
0.899,725,fixed_repeated,3,185,185,False,,,21260921
0.899,726,fixed_repeated,5,183,183,False,,,21260921
0.899,727,fixed_repeated,1,182,182,False,,,21260921
0.899,728,fixed_repeated,7,184,184,False,,,21260921
0.899,729,fixed_repeated,2,185,185,False,,,21260921
0.899,730,fixed_repeated,5,184,184,False,,,21260921
0.899,731,fixed_repeated,6,187,187,False,,,21260921
0.899,732,fixed_repeated,6,184,184,True,36,710,21260921
0.899,733,fixed_repeated,3,187,187,False,,,21260921
0.899,734,fixed_repeated,6,187,187,False,,,21260921
0.899,735,fixed_repeated,2,186,186,True,70,812,21260921
0.899,736,fixed_repeated,0,184,184,False,,,21260921
0.899,737,fixed_repeated,5,189,189,False,,,21260921
0.899,738,fixed_repeated,0,185,185,False,,,21260921
0.899,739,fixed_repeated,6,189,189,False,,,21260921
0.899,740,fixed_repeated,0,190,190,True,3636,11510,21260921
0.899,741,fixed_repeated,2,187,187,False,,,21260921
0.899,742,fixed_repeated,7,188,188,False,,,21260921
0.899,743,fixed_repeated,6,188,188,True,942,3428,21260921
0.899,744,fixed_repeated,7,181,181,False,,,21260921
0.899,745,fixed_repeated,2,183,183,False,,,21260921
0.899,746,fixed_repeated,1,186,186,False,,,21260921
0.899,747,fixed_repeated,0,185,185,False,,,21260921
0.899,748,fixed_repeated,0,186,186,False,,,21260921
0.899,749,fixed_repeated,7,187,187,False,,,21260921
0.899,750,fixed_repeated,6,185,185,False,,,21260921
0.899,751,fixed_repeated,6,187,187,False,,,21260921
0.899,752,fixed_repeated,6,186,186,False,,,21260921
0.899,753,fixed_repeated,2,187,187,True,3109,9929,21260921
0.899,754,fixed_repeated,3,184,184,False,,,21260921
0.899,755,fixed_repeated,7,189,189,True,231,1295,21260921
0.899,756,fixed_repeated,1,184,184,False,,,21260921
0.899,757,fixed_repeated,7,183,183,True,36,710,21260921
0.899,758,fixed_repeated,2,189,189,False,,,21260921
0.899,759,fixed_repeated,6,190,190,True,280,1442,21260921
0.899,760,fixed_repeated,4,185,185,False,,,21260921
0.899,761,fixed_repeated,1,184,184,False,,,21260921
0.899,762,fixed_repeated,1,186,186,False,,,21260921
0.899,763,fixed_repeated,3,182,182,False,,,21260921
0.899,764,fixed_repeated,1,186,186,False,,,21260921
0.899,765,fixed_repeated,3,187,187,False,,,21260921
0.899,766,fixed_repeated,1,186,186,False,,,21260921
0.899,767,fixed_repeated,1,191,191,False,,,21260921
0.899,768,fixed_repeated,7,186,186,False,,,21260921
0.899,769,fixed_repeated,6,186,186,False,,,21260921
0.899,770,fixed_repeated,4,181,181,False,,,21260921
0.899,771,fixed_repeated,1,189,189,False,,,21260921
0.899,772,fixed_repeated,2,188,188,False,,,21260921
0.899,773,fixed_repeated,3,187,187,False,,,21260921
0.899,774,fixed_repeated,1,188,188,True,742,2828,21260921
0.899,775,fixed_repeated,3,183,183,False,,,21260921
0.899,776,fixed_repeated,0,183,183,True,5122,15968,21260921
0.899,777,fixed_repeated,2,187,187,False,,,21260921
0.899,778,fixed_repeated,4,180,180,False,,,21260921
0.899,779,fixed_repeated,0,182,182,False,,,21260921
0.899,780,fixed_repeated,3,183,183,False,,,21260921
0.899,781,fixed_repeated,5,186,186,False,,,21260921
0.899,782,fixed_repeated,1,185,185,False,,,21260921
0.899,783,fixed_repeated,7,188,188,False,,,21260921
0.899,784,fixed_repeated,6,185,185,True,2718,8756,21260921
0.899,785,fixed_repeated,0,187,187,False,,,21260921
0.899,786,fixed_repeated,7,190,190,False,,,21260921
0.899,787,fixed_repeated,3,186,186,True,328,1586,21260921
0.899,788,fixed_repeated,0,183,183,False,,,21260921
0.899,789,fixed_repeated,7,184,184,False,,,21260921
0.899,790,fixed_repeated,5,184,184,False,,,21260921
0.899,791,fixed_repeated,6,188,188,False,,,21260921
0.899,792,fixed_repeated,3,184,184,True,2877,9233,21260921
0.899,793,fixed_repeated,2,185,185,False,,,21260921
0.899,794,fixed_repeated,5,185,185,False,,,21260921
0.899,795,fixed_repeated,3,186,186,False,,,21260921
0.899,796,fixed_repeated,2,186,186,False,,,21260921
0.899,797,fixed_repeated,7,188,188,True,100,902,21260921
0.899,798,fixed_repeated,3,183,183,False,,,21260921
0.899,799,fixed_repeated,7,185,185,False,,,21260921
0.899,800,fixed_repeated,5,186,186,True,1030,3692,21260921
0.899,801,fixed_repeated,5,186,186,False,,,21260921
0.899,802,fixed_repeated,4,184,184,False,,,21260921
0.899,803,fixed_repeated,6,182,182,False,,,21260921
0.899,804,fixed_repeated,7,183,183,False,,,21260921
0.899,805,fixed_repeated,0,183,183,False,,,21260921
0.899,806,fixed_repeated,3,187,187,False,,,21260921
0.899,807,fixed_repeated,6,190,190,True,255,1367,21260921
0.899,808,fixed_repeated,0,188,188,False,,,21260921
0.899,809,fixed_repeated,2,186,186,True,538,2216,21260921
0.899,810,fixed_repeated,3,188,188,False,,,21260921
0.899,811,fixed_repeated,5,183,183,False,,,21260921
0.899,812,fixed_repeated,1,189,189,False,,,21260921
0.899,813,fixed_repeated,2,186,186,False,,,21260921
0.899,814,fixed_repeated,7,188,188,False,,,21260921
0.899,815,fixed_repeated,1,189,189,False,,,21260921
0.899,816,fixed_repeated,0,186,186,False,,,21260921
0.899,817,fixed_repeated,3,186,186,False,,,21260921
0.899,818,fixed_repeated,4,187,187,False,,,21260921
0.899,819,fixed_repeated,1,188,188,False,,,21260921
0.899,820,fixed_repeated,7,184,184,False,,,21260921
0.899,821,fixed_repeated,5,184,184,True,36,710,21260921
0.899,822,fixed_repeated,3,189,189,False,,,21260921
0.899,823,fixed_repeated,1,187,187,False,,,21260921
0.899,824,fixed_repeated,6,186,186,False,,,21260921
0.899,825,fixed_repeated,1,185,185,True,1553,5261,21260921
0.899,826,fixed_repeated,0,182,182,False,,,21260921
0.899,827,fixed_repeated,0,190,190,False,,,21260921
0.899,828,fixed_repeated,2,182,182,True,70,812,21260921
0.899,829,fixed_repeated,6,187,187,False,,,21260921
0.899,830,fixed_repeated,1,186,186,False,,,21260921
0.899,831,fixed_repeated,0,189,189,True,526,2180,21260921
0.899,832,fixed_repeated,0,187,187,True,1151,4055,21260921
0.899,833,fixed_repeated,2,185,185,True,141,1025,21260921
0.899,834,fixed_repeated,4,186,186,False,,,21260921
0.899,835,fixed_repeated,0,188,188,False,,,21260921
0.899,836,fixed_repeated,3,186,186,True,640,2522,21260921
0.899,837,fixed_repeated,1,185,185,False,,,21260921
0.899,838,fixed_repeated,6,186,186,False,,,21260921
0.899,839,fixed_repeated,0,189,189,False,,,21260921
0.899,840,fixed_repeated,1,190,190,False,,,21260921
0.899,841,fixed_repeated,5,185,185,False,,,21260921
0.899,842,fixed_repeated,2,188,188,False,,,21260921
0.899,843,fixed_repeated,0,189,189,False,,,21260921
0.899,844,fixed_repeated,7,182,182,False,,,21260921
0.899,845,fixed_repeated,1,185,185,True,2112,6938,21260921
0.899,846,fixed_repeated,3,184,184,True,193,1181,21260921
0.899,847,fixed_repeated,2,188,188,False,,,21260921
0.899,848,fixed_repeated,5,188,188,False,,,21260921
0.899,849,fixed_repeated,4,186,186,True,70,812,21260921
0.899,850,fixed_repeated,0,184,184,False,,,21260921
0.899,851,fixed_repeated,6,189,189,False,,,21260921
0.899,852,fixed_repeated,3,189,189,False,,,21260921
0.899,853,fixed_repeated,7,189,189,False,,,21260921
0.899,854,fixed_repeated,5,189,189,False,,,21260921
0.899,855,fixed_repeated,7,186,186,False,,,21260921
0.899,856,fixed_repeated,1,187,187,False,,,21260921
0.899,857,fixed_repeated,6,186,186,False,,,21260921
0.899,858,fixed_repeated,6,184,184,True,154,1064,21260921
0.899,859,fixed_repeated,0,187,187,False,,,21260921
0.899,860,fixed_repeated,3,188,188,False,,,21260921
0.899,861,fixed_repeated,0,183,183,False,,,21260921
0.899,862,fixed_repeated,7,187,187,False,,,21260921
0.899,863,fixed_repeated,0,185,185,True,36,710,21260921
0.899,864,fixed_repeated,0,187,187,False,,,21260921
0.899,865,fixed_repeated,3,188,188,False,,,21260921
0.899,866,fixed_repeated,6,185,185,False,,,21260921
0.899,867,fixed_repeated,6,188,188,False,,,21260921
0.899,868,fixed_repeated,2,183,183,False,,,21260921
0.899,869,fixed_repeated,3,186,186,False,,,21260921
0.899,870,fixed_repeated,7,186,186,False,,,21260921
0.899,871,fixed_repeated,4,187,187,False,,,21260921
0.899,872,fixed_repeated,4,187,187,False,,,21260921
0.899,873,fixed_repeated,5,188,188,False,,,21260921
0.899,874,fixed_repeated,2,188,188,False,,,21260921
0.899,875,fixed_repeated,6,188,188,False,,,21260921
0.899,876,fixed_repeated,5,184,184,False,,,21260921
0.899,877,fixed_repeated,1,180,180,False,,,21260921
0.899,878,fixed_repeated,6,186,186,False,,,21260921
0.899,879,fixed_repeated,3,184,184,False,,,21260921
0.899,880,fixed_repeated,7,185,185,False,,,21260921
0.899,881,fixed_repeated,1,183,183,False,,,21260921
0.899,882,fixed_repeated,7,183,183,True,100,902,21260921
0.899,883,fixed_repeated,6,186,186,True,36,710,21260921
0.899,884,fixed_repeated,4,184,184,False,,,21260921
0.899,885,fixed_repeated,5,186,186,False,,,21260921
0.899,886,fixed_repeated,4,184,184,False,,,21260921
0.899,887,fixed_repeated,6,187,187,False,,,21260921
0.899,888,fixed_repeated,3,186,186,True,218,1256,21260921
0.899,889,fixed_repeated,4,186,186,True,1478,5036,21260921
0.899,890,fixed_repeated,4,189,189,False,,,21260921
0.899,891,fixed_repeated,3,192,192,False,,,21260921
0.899,892,fixed_repeated,6,186,186,False,,,21260921
0.899,893,fixed_repeated,1,187,187,False,,,21260921
0.899,894,fixed_repeated,1,183,183,False,,,21260921
0.899,895,fixed_repeated,4,184,184,False,,,21260921
0.899,896,fixed_repeated,2,187,187,False,,,21260921
0.899,897,fixed_repeated,4,190,190,False,,,21260921
0.899,898,fixed_repeated,3,187,187,False,,,21260921
0.899,899,fixed_repeated,0,184,184,False,,,21260921
0.899,900,fixed_repeated,6,188,188,True,1118,3956,21260921
0.899,901,fixed_repeated,0,184,184,False,,,21260921
0.899,902,fixed_repeated,1,187,187,False,,,21260921
0.899,903,fixed_repeated,6,184,184,True,141,1025,21260921
0.899,904,fixed_repeated,2,186,186,False,,,21260921
0.899,905,fixed_repeated,1,188,188,False,,,21260921
0.899,906,fixed_repeated,5,191,191,False,,,21260921
0.899,907,fixed_repeated,6,184,184,False,,,21260921
0.899,908,fixed_repeated,4,188,188,False,,,21260921
0.899,909,fixed_repeated,7,186,186,False,,,21260921
0.899,910,fixed_repeated,0,187,187,False,,,21260921
0.899,911,fixed_repeated,0,188,188,False,,,21260921
0.899,912,fixed_repeated,6,186,186,False,,,21260921
0.899,913,fixed_repeated,5,189,189,True,167,1103,21260921
0.899,914,fixed_repeated,2,183,183,False,,,21260921
0.899,915,fixed_repeated,1,185,185,False,,,21260921
0.899,916,fixed_repeated,3,184,184,False,,,21260921
0.899,917,fixed_repeated,5,183,183,False,,,21260921
0.899,918,fixed_repeated,2,182,182,False,,,21260921
0.899,919,fixed_repeated,6,185,185,False,,,21260921
0.899,920,fixed_repeated,6,189,189,False,,,21260921
0.899,921,fixed_repeated,6,182,182,False,,,21260921
0.899,922,fixed_repeated,7,188,188,False,,,21260921
0.899,923,fixed_repeated,6,183,183,False,,,21260921
0.899,924,fixed_repeated,5,183,183,False,,,21260921
0.899,925,fixed_repeated,5,187,187,True,1801,6005,21260921
0.899,926,fixed_repeated,5,182,182,False,,,21260921
0.899,927,fixed_repeated,6,181,181,False,,,21260921
0.899,928,fixed_repeated,6,186,186,False,,,21260921
0.899,929,fixed_repeated,1,183,183,False,,,21260921
0.899,930,fixed_repeated,6,184,184,False,,,21260921
0.899,931,fixed_repeated,2,183,183,True,1282,4448,21260921
0.899,932,fixed_repeated,7,186,186,False,,,21260921
0.899,933,fixed_repeated,3,183,183,False,,,21260921
0.899,934,fixed_repeated,5,187,187,False,,,21260921
0.899,935,fixed_repeated,7,183,183,True,85,857,21260921
0.899,936,fixed_repeated,1,186,186,True,36,710,21260921
0.899,937,fixed_repeated,3,187,187,False,,,21260921
0.899,938,fixed_repeated,3,184,184,False,,,21260921
0.899,939,fixed_repeated,5,189,189,False,,,21260921
0.899,940,fixed_repeated,1,185,185,True,708,2726,21260921
0.899,941,fixed_repeated,4,182,182,False,,,21260921
0.899,942,fixed_repeated,0,182,182,False,,,21260921
0.899,943,fixed_repeated,2,184,184,True,193,1181,21260921
0.899,944,fixed_repeated,2,183,183,False,,,21260921
0.899,945,fixed_repeated,5,186,186,False,,,21260921
0.899,946,fixed_repeated,5,186,186,True,340,1622,21260921
0.899,947,fixed_repeated,5,183,183,False,,,21260921
0.899,948,fixed_repeated,0,189,189,False,,,21260921
0.899,949,fixed_repeated,0,186,186,True,100,902,21260921
0.899,950,fixed_repeated,7,185,185,False,,,21260921
0.899,951,fixed_repeated,5,186,186,False,,,21260921
0.899,952,fixed_repeated,7,183,183,True,36,710,21260921
0.899,953,fixed_repeated,5,188,188,True,434,1904,21260921
0.899,954,fixed_repeated,2,182,182,False,,,21260921
0.899,955,fixed_repeated,2,183,183,True,446,1940,21260921
0.899,956,fixed_repeated,0,185,185,False,,,21260921
0.899,957,fixed_repeated,3,186,186,False,,,21260921
0.899,958,fixed_repeated,0,181,181,False,,,21260921
0.899,959,fixed_repeated,5,183,183,True,831,3095,21260921
0.899,960,fixed_repeated,4,190,190,False,,,21260921
0.899,961,fixed_repeated,2,184,184,False,,,21260921
0.899,962,fixed_repeated,6,186,186,False,,,21260921
0.899,963,fixed_repeated,2,181,181,False,,,21260921
0.899,964,fixed_repeated,1,185,185,False,,,21260921
0.899,965,fixed_repeated,2,185,185,False,,,21260921
0.899,966,fixed_repeated,7,185,185,False,,,21260921
0.899,967,fixed_repeated,3,188,188,True,36,710,21260921
0.899,968,fixed_repeated,1,187,187,False,,,21260921
0.899,969,fixed_repeated,6,183,183,False,,,21260921
0.899,970,fixed_repeated,5,188,188,False,,,21260921
0.899,971,fixed_repeated,6,189,189,False,,,21260921
0.899,972,fixed_repeated,1,183,183,False,,,21260921
0.899,973,fixed_repeated,3,186,186,False,,,21260921
0.899,974,fixed_repeated,6,186,186,False,,,21260921
0.899,975,fixed_repeated,0,186,186,False,,,21260921
0.899,976,fixed_repeated,3,184,184,False,,,21260921
0.899,977,fixed_repeated,7,185,185,False,,,21260921
0.899,978,fixed_repeated,0,186,186,False,,,21260921
0.899,979,fixed_repeated,3,184,184,False,,,21260921
0.899,980,fixed_repeated,6,187,187,False,,,21260921
0.899,981,fixed_repeated,1,186,186,True,54,764,21260921
0.899,982,fixed_repeated,5,184,184,False,,,21260921
0.899,983,fixed_repeated,0,185,185,False,,,21260921
0.899,984,fixed_repeated,0,187,187,False,,,21260921
0.899,985,fixed_repeated,7,184,184,True,54,764,21260921
0.899,986,fixed_repeated,2,187,187,False,,,21260921
0.899,987,fixed_repeated,6,187,187,False,,,21260921
0.899,988,fixed_repeated,6,187,187,False,,,21260921
0.899,989,fixed_repeated,7,188,188,False,,,21260921
0.899,990,fixed_repeated,0,186,186,False,,,21260921
0.899,991,fixed_repeated,1,183,183,False,,,21260921
0.899,992,fixed_repeated,3,188,188,False,,,21260921
0.899,993,fixed_repeated,4,184,184,False,,,21260921
0.899,994,fixed_repeated,0,186,186,False,,,21260921
0.899,995,fixed_repeated,7,182,182,False,,,21260921
0.899,996,fixed_repeated,4,187,187,False,,,21260921
0.899,997,fixed_repeated,0,188,188,True,54,764,21260921
0.899,998,fixed_repeated,3,188,188,False,,,21260921
0.899,999,fixed_repeated,6,186,186,False,,,21260921
0.899,0,exact_spending,2,185,185,False,,,21260921
0.899,1,exact_spending,4,181,181,False,,,21260921
0.899,2,exact_spending,2,185,185,False,,,21260921
0.899,3,exact_spending,0,183,183,False,,,21260921
0.899,4,exact_spending,4,188,188,False,,,21260921
0.899,5,exact_spending,5,186,186,False,,,21260921
0.899,6,exact_spending,0,185,185,False,,,21260921
0.899,7,exact_spending,6,187,187,False,,,21260921
0.899,8,exact_spending,2,187,187,False,,,21260921
0.899,9,exact_spending,7,188,188,False,,,21260921
0.899,10,exact_spending,2,186,186,False,,,21260921
0.899,11,exact_spending,4,188,188,False,,,21260921
0.899,12,exact_spending,3,187,187,False,,,21260921
0.899,13,exact_spending,0,187,187,False,,,21260921
0.899,14,exact_spending,2,183,183,False,,,21260921
0.899,15,exact_spending,3,185,185,False,,,21260921
0.899,16,exact_spending,4,186,186,False,,,21260921
0.899,17,exact_spending,7,184,184,False,,,21260921
0.899,18,exact_spending,1,185,185,False,,,21260921
0.899,19,exact_spending,7,187,187,False,,,21260921
0.899,20,exact_spending,3,186,186,False,,,21260921
0.899,21,exact_spending,3,182,182,False,,,21260921
0.899,22,exact_spending,2,191,191,False,,,21260921
0.899,23,exact_spending,6,191,191,False,,,21260921
0.899,24,exact_spending,2,184,184,False,,,21260921
0.899,25,exact_spending,6,185,185,False,,,21260921
0.899,26,exact_spending,3,186,186,False,,,21260921
0.899,27,exact_spending,6,184,184,False,,,21260921
0.899,28,exact_spending,0,185,185,False,,,21260921
0.899,29,exact_spending,5,188,188,False,,,21260921
0.899,30,exact_spending,1,188,188,False,,,21260921
0.899,31,exact_spending,7,184,184,False,,,21260921
0.899,32,exact_spending,4,183,183,False,,,21260921
0.899,33,exact_spending,6,183,183,False,,,21260921
0.899,34,exact_spending,1,193,193,False,,,21260921
0.899,35,exact_spending,6,186,186,False,,,21260921
0.899,36,exact_spending,0,185,185,False,,,21260921
0.899,37,exact_spending,7,186,186,False,,,21260921
0.899,38,exact_spending,1,185,185,False,,,21260921
0.899,39,exact_spending,1,182,182,False,,,21260921
0.899,40,exact_spending,7,189,189,False,,,21260921
0.899,41,exact_spending,3,190,190,False,,,21260921
0.899,42,exact_spending,4,183,183,False,,,21260921
0.899,43,exact_spending,3,188,188,False,,,21260921
0.899,44,exact_spending,0,189,189,False,,,21260921
0.899,45,exact_spending,4,182,182,False,,,21260921
0.899,46,exact_spending,2,188,188,False,,,21260921
0.899,47,exact_spending,4,183,183,False,,,21260921
0.899,48,exact_spending,6,184,184,False,,,21260921
0.899,49,exact_spending,0,184,184,False,,,21260921
0.899,50,exact_spending,2,189,189,False,,,21260921
0.899,51,exact_spending,4,186,186,False,,,21260921
0.899,52,exact_spending,6,185,185,False,,,21260921
0.899,53,exact_spending,1,187,187,False,,,21260921
0.899,54,exact_spending,7,185,185,False,,,21260921
0.899,55,exact_spending,5,186,186,False,,,21260921
0.899,56,exact_spending,4,185,185,False,,,21260921
0.899,57,exact_spending,0,187,187,False,,,21260921
0.899,58,exact_spending,3,187,187,False,,,21260921
0.899,59,exact_spending,0,184,184,False,,,21260921
0.899,60,exact_spending,2,187,187,False,,,21260921
0.899,61,exact_spending,0,186,186,False,,,21260921
0.899,62,exact_spending,7,187,187,False,,,21260921
0.899,63,exact_spending,6,188,188,False,,,21260921
0.899,64,exact_spending,0,187,187,False,,,21260921
0.899,65,exact_spending,7,184,184,False,,,21260921
0.899,66,exact_spending,4,188,188,False,,,21260921
0.899,67,exact_spending,5,184,184,False,,,21260921
0.899,68,exact_spending,5,186,186,False,,,21260921
0.899,69,exact_spending,2,187,187,False,,,21260921
0.899,70,exact_spending,0,184,184,False,,,21260921
0.899,71,exact_spending,7,185,185,False,,,21260921
0.899,72,exact_spending,3,182,182,False,,,21260921
0.899,73,exact_spending,0,183,183,False,,,21260921
0.899,74,exact_spending,3,190,190,False,,,21260921
0.899,75,exact_spending,0,186,186,False,,,21260921
0.899,76,exact_spending,0,190,190,False,,,21260921
0.899,77,exact_spending,4,185,185,False,,,21260921
0.899,78,exact_spending,2,182,182,False,,,21260921
0.899,79,exact_spending,1,186,186,False,,,21260921
0.899,80,exact_spending,2,184,184,False,,,21260921
0.899,81,exact_spending,2,187,187,False,,,21260921
0.899,82,exact_spending,1,185,185,False,,,21260921
0.899,83,exact_spending,0,190,190,False,,,21260921
0.899,84,exact_spending,0,184,184,False,,,21260921
0.899,85,exact_spending,7,186,186,False,,,21260921
0.899,86,exact_spending,3,187,187,False,,,21260921
0.899,87,exact_spending,4,184,184,False,,,21260921
0.899,88,exact_spending,3,186,186,False,,,21260921
0.899,89,exact_spending,3,187,187,False,,,21260921
0.899,90,exact_spending,5,186,186,False,,,21260921
0.899,91,exact_spending,7,181,181,False,,,21260921
0.899,92,exact_spending,3,183,183,False,,,21260921
0.899,93,exact_spending,1,186,186,False,,,21260921
0.899,94,exact_spending,7,186,186,False,,,21260921
0.899,95,exact_spending,6,186,186,False,,,21260921
0.899,96,exact_spending,7,184,184,False,,,21260921
0.899,97,exact_spending,2,184,184,False,,,21260921
0.899,98,exact_spending,5,186,186,False,,,21260921
0.899,99,exact_spending,5,186,186,False,,,21260921
0.899,100,exact_spending,0,188,188,False,,,21260921
0.899,101,exact_spending,7,189,189,False,,,21260921
0.899,102,exact_spending,1,189,189,False,,,21260921
0.899,103,exact_spending,7,185,185,False,,,21260921
0.899,104,exact_spending,3,187,187,False,,,21260921
0.899,105,exact_spending,1,189,189,False,,,21260921
0.899,106,exact_spending,3,183,183,False,,,21260921
0.899,107,exact_spending,1,185,185,False,,,21260921
0.899,108,exact_spending,0,186,186,False,,,21260921
0.899,109,exact_spending,2,184,184,False,,,21260921
0.899,110,exact_spending,6,185,185,False,,,21260921
0.899,111,exact_spending,7,189,189,False,,,21260921
0.899,112,exact_spending,3,183,183,False,,,21260921
0.899,113,exact_spending,4,185,185,False,,,21260921
0.899,114,exact_spending,6,184,184,False,,,21260921
0.899,115,exact_spending,0,184,184,False,,,21260921
0.899,116,exact_spending,3,184,184,False,,,21260921
0.899,117,exact_spending,1,186,186,False,,,21260921
0.899,118,exact_spending,1,183,183,False,,,21260921
0.899,119,exact_spending,7,189,189,False,,,21260921
0.899,120,exact_spending,2,189,189,False,,,21260921
0.899,121,exact_spending,3,184,184,False,,,21260921
0.899,122,exact_spending,2,189,189,False,,,21260921
0.899,123,exact_spending,7,186,186,False,,,21260921
0.899,124,exact_spending,6,185,185,False,,,21260921
0.899,125,exact_spending,5,184,184,False,,,21260921
0.899,126,exact_spending,2,183,183,False,,,21260921
0.899,127,exact_spending,1,186,186,False,,,21260921
0.899,128,exact_spending,0,185,185,False,,,21260921
0.899,129,exact_spending,5,185,185,False,,,21260921
0.899,130,exact_spending,6,187,187,False,,,21260921
0.899,131,exact_spending,3,184,184,False,,,21260921
0.899,132,exact_spending,5,181,181,False,,,21260921
0.899,133,exact_spending,0,185,185,False,,,21260921
0.899,134,exact_spending,0,184,184,False,,,21260921
0.899,135,exact_spending,0,184,184,False,,,21260921
0.899,136,exact_spending,1,184,184,False,,,21260921
0.899,137,exact_spending,7,188,188,False,,,21260921
0.899,138,exact_spending,7,188,188,False,,,21260921
0.899,139,exact_spending,5,186,186,False,,,21260921
0.899,140,exact_spending,3,181,181,False,,,21260921
0.899,141,exact_spending,2,188,188,False,,,21260921
0.899,142,exact_spending,2,184,184,False,,,21260921
0.899,143,exact_spending,1,183,183,False,,,21260921
0.899,144,exact_spending,5,187,187,False,,,21260921
0.899,145,exact_spending,4,183,183,False,,,21260921
0.899,146,exact_spending,2,188,188,False,,,21260921
0.899,147,exact_spending,2,185,185,False,,,21260921
0.899,148,exact_spending,5,185,185,False,,,21260921
0.899,149,exact_spending,1,182,182,False,,,21260921
0.899,150,exact_spending,0,184,184,False,,,21260921
0.899,151,exact_spending,0,186,186,False,,,21260921
0.899,152,exact_spending,4,183,183,False,,,21260921
0.899,153,exact_spending,0,184,184,False,,,21260921
0.899,154,exact_spending,0,182,182,False,,,21260921
0.899,155,exact_spending,2,185,185,False,,,21260921
0.899,156,exact_spending,5,183,183,False,,,21260921
0.899,157,exact_spending,1,187,187,False,,,21260921
0.899,158,exact_spending,7,187,187,False,,,21260921
0.899,159,exact_spending,2,186,186,False,,,21260921
0.899,160,exact_spending,1,187,187,False,,,21260921
0.899,161,exact_spending,6,184,184,False,,,21260921
0.899,162,exact_spending,4,189,189,False,,,21260921
0.899,163,exact_spending,7,187,187,False,,,21260921
0.899,164,exact_spending,3,184,184,False,,,21260921
0.899,165,exact_spending,4,187,187,False,,,21260921
0.899,166,exact_spending,5,181,181,False,,,21260921
0.899,167,exact_spending,1,184,184,False,,,21260921
0.899,168,exact_spending,0,184,184,False,,,21260921
0.899,169,exact_spending,3,185,185,False,,,21260921
0.899,170,exact_spending,4,185,185,False,,,21260921
0.899,171,exact_spending,3,189,189,False,,,21260921
0.899,172,exact_spending,2,185,185,False,,,21260921
0.899,173,exact_spending,3,185,185,False,,,21260921
0.899,174,exact_spending,1,183,183,False,,,21260921
0.899,175,exact_spending,7,185,185,False,,,21260921
0.899,176,exact_spending,4,185,185,False,,,21260921
0.899,177,exact_spending,0,187,187,False,,,21260921
0.899,178,exact_spending,5,182,182,False,,,21260921
0.899,179,exact_spending,2,185,185,False,,,21260921
0.899,180,exact_spending,0,186,186,False,,,21260921
0.899,181,exact_spending,1,186,186,False,,,21260921
0.899,182,exact_spending,1,183,183,False,,,21260921
0.899,183,exact_spending,1,183,183,False,,,21260921
0.899,184,exact_spending,0,186,186,False,,,21260921
0.899,185,exact_spending,5,185,185,False,,,21260921
0.899,186,exact_spending,1,184,184,False,,,21260921
0.899,187,exact_spending,2,182,182,False,,,21260921
0.899,188,exact_spending,0,189,189,False,,,21260921
0.899,189,exact_spending,3,187,187,False,,,21260921
0.899,190,exact_spending,1,186,186,False,,,21260921
0.899,191,exact_spending,4,185,185,False,,,21260921
0.899,192,exact_spending,2,185,185,False,,,21260921
0.899,193,exact_spending,5,187,187,False,,,21260921
0.899,194,exact_spending,7,185,185,False,,,21260921
0.899,195,exact_spending,5,181,181,False,,,21260921
0.899,196,exact_spending,7,189,189,False,,,21260921
0.899,197,exact_spending,2,187,187,False,,,21260921
0.899,198,exact_spending,3,183,183,False,,,21260921
0.899,199,exact_spending,0,188,188,False,,,21260921
0.899,200,exact_spending,4,186,186,False,,,21260921
0.899,201,exact_spending,1,187,187,False,,,21260921
0.899,202,exact_spending,4,186,186,False,,,21260921
0.899,203,exact_spending,0,187,187,False,,,21260921
0.899,204,exact_spending,0,183,183,False,,,21260921
0.899,205,exact_spending,1,183,183,False,,,21260921
0.899,206,exact_spending,6,187,187,False,,,21260921
0.899,207,exact_spending,7,183,183,False,,,21260921
0.899,208,exact_spending,4,187,187,False,,,21260921
0.899,209,exact_spending,1,185,185,False,,,21260921
0.899,210,exact_spending,5,186,186,False,,,21260921
0.899,211,exact_spending,2,185,185,False,,,21260921
0.899,212,exact_spending,3,186,186,False,,,21260921
0.899,213,exact_spending,0,189,189,False,,,21260921
0.899,214,exact_spending,7,183,183,False,,,21260921
0.899,215,exact_spending,5,187,187,False,,,21260921
0.899,216,exact_spending,1,181,181,False,,,21260921
0.899,217,exact_spending,3,188,188,False,,,21260921
0.899,218,exact_spending,4,185,185,False,,,21260921
0.899,219,exact_spending,7,185,185,False,,,21260921
0.899,220,exact_spending,4,188,188,False,,,21260921
0.899,221,exact_spending,3,186,186,False,,,21260921
0.899,222,exact_spending,0,186,186,False,,,21260921
0.899,223,exact_spending,5,182,182,False,,,21260921
0.899,224,exact_spending,0,187,187,False,,,21260921
0.899,225,exact_spending,0,185,185,False,,,21260921
0.899,226,exact_spending,6,183,183,False,,,21260921
0.899,227,exact_spending,2,184,184,False,,,21260921
0.899,228,exact_spending,0,191,191,False,,,21260921
0.899,229,exact_spending,0,186,186,False,,,21260921
0.899,230,exact_spending,3,186,186,False,,,21260921
0.899,231,exact_spending,1,186,186,False,,,21260921
0.899,232,exact_spending,0,186,186,False,,,21260921
0.899,233,exact_spending,3,182,182,False,,,21260921
0.899,234,exact_spending,1,189,189,False,,,21260921
0.899,235,exact_spending,5,185,185,False,,,21260921
0.899,236,exact_spending,1,182,182,False,,,21260921
0.899,237,exact_spending,6,186,186,False,,,21260921
0.899,238,exact_spending,3,185,185,False,,,21260921
0.899,239,exact_spending,3,184,184,False,,,21260921
0.899,240,exact_spending,6,186,186,False,,,21260921
0.899,241,exact_spending,4,188,188,False,,,21260921
0.899,242,exact_spending,4,190,190,False,,,21260921
0.899,243,exact_spending,4,186,186,False,,,21260921
0.899,244,exact_spending,0,184,184,False,,,21260921
0.899,245,exact_spending,3,188,188,False,,,21260921
0.899,246,exact_spending,6,185,185,False,,,21260921
0.899,247,exact_spending,4,189,189,False,,,21260921
0.899,248,exact_spending,1,184,184,False,,,21260921
0.899,249,exact_spending,4,186,186,False,,,21260921
0.899,250,exact_spending,4,187,187,False,,,21260921
0.899,251,exact_spending,7,189,189,False,,,21260921
0.899,252,exact_spending,0,186,186,False,,,21260921
0.899,253,exact_spending,4,187,187,False,,,21260921
0.899,254,exact_spending,3,183,183,False,,,21260921
0.899,255,exact_spending,7,186,186,False,,,21260921
0.899,256,exact_spending,2,186,186,False,,,21260921
0.899,257,exact_spending,6,186,186,False,,,21260921
0.899,258,exact_spending,0,185,185,False,,,21260921
0.899,259,exact_spending,2,186,186,False,,,21260921
0.899,260,exact_spending,4,190,190,False,,,21260921
0.899,261,exact_spending,3,182,182,False,,,21260921
0.899,262,exact_spending,2,182,182,False,,,21260921
0.899,263,exact_spending,1,185,185,False,,,21260921
0.899,264,exact_spending,5,186,186,False,,,21260921
0.899,265,exact_spending,4,183,183,False,,,21260921
0.899,266,exact_spending,6,187,187,False,,,21260921
0.899,267,exact_spending,1,185,185,False,,,21260921
0.899,268,exact_spending,6,183,183,False,,,21260921
0.899,269,exact_spending,0,186,186,False,,,21260921
0.899,270,exact_spending,5,186,186,False,,,21260921
0.899,271,exact_spending,1,192,192,False,,,21260921
0.899,272,exact_spending,1,186,186,False,,,21260921
0.899,273,exact_spending,3,182,182,False,,,21260921
0.899,274,exact_spending,7,188,188,False,,,21260921
0.899,275,exact_spending,5,185,185,False,,,21260921
0.899,276,exact_spending,6,184,184,False,,,21260921
0.899,277,exact_spending,4,184,184,False,,,21260921
0.899,278,exact_spending,0,186,186,False,,,21260921
0.899,279,exact_spending,6,186,186,False,,,21260921
0.899,280,exact_spending,0,187,187,False,,,21260921
0.899,281,exact_spending,7,189,189,False,,,21260921
0.899,282,exact_spending,5,184,184,False,,,21260921
0.899,283,exact_spending,2,185,185,False,,,21260921
0.899,284,exact_spending,6,186,186,False,,,21260921
0.899,285,exact_spending,2,187,187,False,,,21260921
0.899,286,exact_spending,7,183,183,False,,,21260921
0.899,287,exact_spending,0,186,186,False,,,21260921
0.899,288,exact_spending,5,187,187,False,,,21260921
0.899,289,exact_spending,2,185,185,False,,,21260921
0.899,290,exact_spending,2,186,186,False,,,21260921
0.899,291,exact_spending,4,185,185,False,,,21260921
0.899,292,exact_spending,3,188,188,False,,,21260921
0.899,293,exact_spending,7,186,186,False,,,21260921
0.899,294,exact_spending,6,189,189,False,,,21260921
0.899,295,exact_spending,6,189,189,False,,,21260921
0.899,296,exact_spending,5,191,191,False,,,21260921
0.899,297,exact_spending,1,184,184,False,,,21260921
0.899,298,exact_spending,3,187,187,False,,,21260921
0.899,299,exact_spending,5,185,185,False,,,21260921
0.899,300,exact_spending,0,186,186,False,,,21260921
0.899,301,exact_spending,6,182,182,False,,,21260921
0.899,302,exact_spending,4,183,183,False,,,21260921
0.899,303,exact_spending,1,189,189,False,,,21260921
0.899,304,exact_spending,1,185,185,False,,,21260921
0.899,305,exact_spending,3,186,186,False,,,21260921
0.899,306,exact_spending,6,187,187,False,,,21260921
0.899,307,exact_spending,1,186,186,False,,,21260921
0.899,308,exact_spending,5,184,184,False,,,21260921
0.899,309,exact_spending,0,188,188,False,,,21260921
0.899,310,exact_spending,2,185,185,False,,,21260921
0.899,311,exact_spending,3,187,187,False,,,21260921
0.899,312,exact_spending,2,183,183,False,,,21260921
0.899,313,exact_spending,6,187,187,False,,,21260921
0.899,314,exact_spending,0,184,184,False,,,21260921
0.899,315,exact_spending,7,188,188,False,,,21260921
0.899,316,exact_spending,5,184,184,False,,,21260921
0.899,317,exact_spending,5,180,180,False,,,21260921
0.899,318,exact_spending,0,187,187,False,,,21260921
0.899,319,exact_spending,1,181,181,False,,,21260921
0.899,320,exact_spending,7,186,186,False,,,21260921
0.899,321,exact_spending,4,186,186,False,,,21260921
0.899,322,exact_spending,5,188,188,False,,,21260921
0.899,323,exact_spending,3,186,186,False,,,21260921
0.899,324,exact_spending,5,187,187,False,,,21260921
0.899,325,exact_spending,3,188,188,False,,,21260921
0.899,326,exact_spending,4,185,185,False,,,21260921
0.899,327,exact_spending,3,187,187,False,,,21260921
0.899,328,exact_spending,5,186,186,False,,,21260921
0.899,329,exact_spending,2,186,186,False,,,21260921
0.899,330,exact_spending,3,183,183,False,,,21260921
0.899,331,exact_spending,4,186,186,False,,,21260921
0.899,332,exact_spending,7,190,190,False,,,21260921
0.899,333,exact_spending,2,186,186,False,,,21260921
0.899,334,exact_spending,2,186,186,False,,,21260921
0.899,335,exact_spending,4,185,185,False,,,21260921
0.899,336,exact_spending,3,185,185,False,,,21260921
0.899,337,exact_spending,7,184,184,False,,,21260921
0.899,338,exact_spending,2,184,184,False,,,21260921
0.899,339,exact_spending,2,185,185,False,,,21260921
0.899,340,exact_spending,5,184,184,False,,,21260921
0.899,341,exact_spending,4,187,187,False,,,21260921
0.899,342,exact_spending,7,189,189,False,,,21260921
0.899,343,exact_spending,6,187,187,False,,,21260921
0.899,344,exact_spending,0,186,186,False,,,21260921
0.899,345,exact_spending,1,184,184,False,,,21260921
0.899,346,exact_spending,4,186,186,False,,,21260921
0.899,347,exact_spending,4,186,186,False,,,21260921
0.899,348,exact_spending,3,185,185,False,,,21260921
0.899,349,exact_spending,0,183,183,False,,,21260921
0.899,350,exact_spending,3,187,187,False,,,21260921
0.899,351,exact_spending,5,188,188,False,,,21260921
0.899,352,exact_spending,3,185,185,False,,,21260921
0.899,353,exact_spending,0,187,187,False,,,21260921
0.899,354,exact_spending,7,184,184,False,,,21260921
0.899,355,exact_spending,4,185,185,False,,,21260921
0.899,356,exact_spending,1,184,184,False,,,21260921
0.899,357,exact_spending,1,189,189,False,,,21260921
0.899,358,exact_spending,0,187,187,False,,,21260921
0.899,359,exact_spending,1,184,184,False,,,21260921
0.899,360,exact_spending,4,189,189,False,,,21260921
0.899,361,exact_spending,0,192,192,False,,,21260921
0.899,362,exact_spending,1,186,186,False,,,21260921
0.899,363,exact_spending,5,184,184,False,,,21260921
0.899,364,exact_spending,4,185,185,False,,,21260921
0.899,365,exact_spending,0,183,183,False,,,21260921
0.899,366,exact_spending,1,185,185,False,,,21260921
0.899,367,exact_spending,0,187,187,False,,,21260921
0.899,368,exact_spending,4,183,183,False,,,21260921
0.899,369,exact_spending,4,188,188,False,,,21260921
0.899,370,exact_spending,2,184,184,False,,,21260921
0.899,371,exact_spending,1,186,186,False,,,21260921
0.899,372,exact_spending,0,184,184,False,,,21260921
0.899,373,exact_spending,5,185,185,False,,,21260921
0.899,374,exact_spending,7,187,187,False,,,21260921
0.899,375,exact_spending,2,184,184,False,,,21260921
0.899,376,exact_spending,6,186,186,False,,,21260921
0.899,377,exact_spending,2,188,188,False,,,21260921
0.899,378,exact_spending,0,186,186,False,,,21260921
0.899,379,exact_spending,0,185,185,False,,,21260921
0.899,380,exact_spending,1,186,186,False,,,21260921
0.899,381,exact_spending,2,190,190,False,,,21260921
0.899,382,exact_spending,0,185,185,False,,,21260921
0.899,383,exact_spending,2,186,186,False,,,21260921
0.899,384,exact_spending,1,186,186,False,,,21260921
0.899,385,exact_spending,0,189,189,False,,,21260921
0.899,386,exact_spending,5,184,184,False,,,21260921
0.899,387,exact_spending,1,186,186,False,,,21260921
0.899,388,exact_spending,2,185,185,False,,,21260921
0.899,389,exact_spending,1,184,184,False,,,21260921
0.899,390,exact_spending,2,184,184,False,,,21260921
0.899,391,exact_spending,0,187,187,False,,,21260921
0.899,392,exact_spending,7,183,183,False,,,21260921
0.899,393,exact_spending,6,186,186,False,,,21260921
0.899,394,exact_spending,3,188,188,False,,,21260921
0.899,395,exact_spending,5,183,183,False,,,21260921
0.899,396,exact_spending,7,185,185,False,,,21260921
0.899,397,exact_spending,7,190,190,False,,,21260921
0.899,398,exact_spending,3,185,185,False,,,21260921
0.899,399,exact_spending,4,189,189,False,,,21260921
0.899,400,exact_spending,7,184,184,False,,,21260921
0.899,401,exact_spending,7,187,187,False,,,21260921
0.899,402,exact_spending,4,184,184,False,,,21260921
0.899,403,exact_spending,7,187,187,False,,,21260921
0.899,404,exact_spending,7,187,187,False,,,21260921
0.899,405,exact_spending,0,184,184,False,,,21260921
0.899,406,exact_spending,3,183,183,False,,,21260921
0.899,407,exact_spending,4,185,185,False,,,21260921
0.899,408,exact_spending,2,185,185,False,,,21260921
0.899,409,exact_spending,7,187,187,False,,,21260921
0.899,410,exact_spending,7,183,183,False,,,21260921
0.899,411,exact_spending,4,187,187,False,,,21260921
0.899,412,exact_spending,2,188,188,False,,,21260921
0.899,413,exact_spending,1,184,184,False,,,21260921
0.899,414,exact_spending,2,187,187,False,,,21260921
0.899,415,exact_spending,7,188,188,False,,,21260921
0.899,416,exact_spending,6,187,187,False,,,21260921
0.899,417,exact_spending,4,187,187,False,,,21260921
0.899,418,exact_spending,1,187,187,False,,,21260921
0.899,419,exact_spending,7,186,186,False,,,21260921
0.899,420,exact_spending,1,181,181,False,,,21260921
0.899,421,exact_spending,6,187,187,False,,,21260921
0.899,422,exact_spending,3,186,186,False,,,21260921
0.899,423,exact_spending,5,190,190,False,,,21260921
0.899,424,exact_spending,0,183,183,False,,,21260921
0.899,425,exact_spending,7,187,187,False,,,21260921
0.899,426,exact_spending,0,183,183,False,,,21260921
0.899,427,exact_spending,2,182,182,False,,,21260921
0.899,428,exact_spending,7,186,186,False,,,21260921
0.899,429,exact_spending,0,190,190,False,,,21260921
0.899,430,exact_spending,4,186,186,False,,,21260921
0.899,431,exact_spending,3,187,187,False,,,21260921
0.899,432,exact_spending,0,186,186,False,,,21260921
0.899,433,exact_spending,4,184,184,False,,,21260921
0.899,434,exact_spending,3,184,184,False,,,21260921
0.899,435,exact_spending,3,188,188,False,,,21260921
0.899,436,exact_spending,2,189,189,False,,,21260921
0.899,437,exact_spending,7,185,185,False,,,21260921
0.899,438,exact_spending,7,183,183,False,,,21260921
0.899,439,exact_spending,1,187,187,False,,,21260921
0.899,440,exact_spending,0,187,187,False,,,21260921
0.899,441,exact_spending,6,185,185,False,,,21260921
0.899,442,exact_spending,5,190,190,False,,,21260921
0.899,443,exact_spending,6,188,188,False,,,21260921
0.899,444,exact_spending,6,190,190,False,,,21260921
0.899,445,exact_spending,6,183,183,False,,,21260921
0.899,446,exact_spending,3,183,183,False,,,21260921
0.899,447,exact_spending,5,188,188,False,,,21260921
0.899,448,exact_spending,7,188,188,False,,,21260921
0.899,449,exact_spending,1,180,180,False,,,21260921
0.899,450,exact_spending,4,183,183,False,,,21260921
0.899,451,exact_spending,3,186,186,False,,,21260921
0.899,452,exact_spending,2,183,183,False,,,21260921
0.899,453,exact_spending,5,186,186,False,,,21260921
0.899,454,exact_spending,0,188,188,False,,,21260921
0.899,455,exact_spending,5,185,185,False,,,21260921
0.899,456,exact_spending,0,181,181,False,,,21260921
0.899,457,exact_spending,5,192,192,False,,,21260921
0.899,458,exact_spending,7,192,192,False,,,21260921
0.899,459,exact_spending,4,186,186,False,,,21260921
0.899,460,exact_spending,4,182,182,False,,,21260921
0.899,461,exact_spending,0,187,187,False,,,21260921
0.899,462,exact_spending,7,186,186,False,,,21260921
0.899,463,exact_spending,3,190,190,False,,,21260921
0.899,464,exact_spending,3,183,183,False,,,21260921
0.899,465,exact_spending,5,183,183,False,,,21260921
0.899,466,exact_spending,4,189,189,False,,,21260921
0.899,467,exact_spending,1,187,187,False,,,21260921
0.899,468,exact_spending,3,182,182,False,,,21260921
0.899,469,exact_spending,2,184,184,False,,,21260921
0.899,470,exact_spending,3,185,185,False,,,21260921
0.899,471,exact_spending,7,187,187,False,,,21260921
0.899,472,exact_spending,0,183,183,False,,,21260921
0.899,473,exact_spending,2,182,182,False,,,21260921
0.899,474,exact_spending,7,190,190,False,,,21260921
0.899,475,exact_spending,2,185,185,False,,,21260921
0.899,476,exact_spending,0,186,186,False,,,21260921
0.899,477,exact_spending,2,183,183,False,,,21260921
0.899,478,exact_spending,0,182,182,False,,,21260921
0.899,479,exact_spending,0,183,183,False,,,21260921
0.899,480,exact_spending,2,187,187,False,,,21260921
0.899,481,exact_spending,3,186,186,False,,,21260921
0.899,482,exact_spending,0,186,186,False,,,21260921
0.899,483,exact_spending,7,186,186,False,,,21260921
0.899,484,exact_spending,6,184,184,False,,,21260921
0.899,485,exact_spending,2,189,189,False,,,21260921
0.899,486,exact_spending,5,186,186,False,,,21260921
0.899,487,exact_spending,1,184,184,False,,,21260921
0.899,488,exact_spending,1,186,186,False,,,21260921
0.899,489,exact_spending,2,185,185,False,,,21260921
0.899,490,exact_spending,0,180,180,False,,,21260921
0.899,491,exact_spending,7,191,191,False,,,21260921
0.899,492,exact_spending,0,187,187,False,,,21260921
0.899,493,exact_spending,5,188,188,False,,,21260921
0.899,494,exact_spending,7,186,186,False,,,21260921
0.899,495,exact_spending,2,186,186,False,,,21260921
0.899,496,exact_spending,7,187,187,False,,,21260921
0.899,497,exact_spending,7,189,189,False,,,21260921
0.899,498,exact_spending,1,182,182,False,,,21260921
0.899,499,exact_spending,2,186,186,False,,,21260921
0.899,500,exact_spending,4,185,185,False,,,21260921
0.899,501,exact_spending,5,188,188,False,,,21260921
0.899,502,exact_spending,5,187,187,False,,,21260921
0.899,503,exact_spending,1,185,185,False,,,21260921
0.899,504,exact_spending,2,181,181,False,,,21260921
0.899,505,exact_spending,6,191,191,False,,,21260921
0.899,506,exact_spending,0,182,182,False,,,21260921
0.899,507,exact_spending,4,187,187,False,,,21260921
0.899,508,exact_spending,6,188,188,False,,,21260921
0.899,509,exact_spending,6,190,190,False,,,21260921
0.899,510,exact_spending,4,187,187,False,,,21260921
0.899,511,exact_spending,4,190,190,False,,,21260921
0.899,512,exact_spending,5,183,183,False,,,21260921
0.899,513,exact_spending,1,186,186,False,,,21260921
0.899,514,exact_spending,1,189,189,False,,,21260921
0.899,515,exact_spending,0,186,186,False,,,21260921
0.899,516,exact_spending,0,182,182,False,,,21260921
0.899,517,exact_spending,1,186,186,False,,,21260921
0.899,518,exact_spending,4,186,186,False,,,21260921
0.899,519,exact_spending,6,184,184,False,,,21260921
0.899,520,exact_spending,3,188,188,False,,,21260921
0.899,521,exact_spending,3,186,186,False,,,21260921
0.899,522,exact_spending,3,187,187,False,,,21260921
0.899,523,exact_spending,0,192,192,False,,,21260921
0.899,524,exact_spending,4,182,182,False,,,21260921
0.899,525,exact_spending,5,181,181,False,,,21260921
0.899,526,exact_spending,3,188,188,False,,,21260921
0.899,527,exact_spending,1,187,187,False,,,21260921
0.899,528,exact_spending,7,186,186,False,,,21260921
0.899,529,exact_spending,3,188,188,False,,,21260921
0.899,530,exact_spending,5,186,186,False,,,21260921
0.899,531,exact_spending,5,185,185,False,,,21260921
0.899,532,exact_spending,1,188,188,False,,,21260921
0.899,533,exact_spending,0,188,188,False,,,21260921
0.899,534,exact_spending,0,190,190,False,,,21260921
0.899,535,exact_spending,1,186,186,False,,,21260921
0.899,536,exact_spending,7,188,188,False,,,21260921
0.899,537,exact_spending,0,185,185,False,,,21260921
0.899,538,exact_spending,7,185,185,False,,,21260921
0.899,539,exact_spending,1,184,184,False,,,21260921
0.899,540,exact_spending,5,184,184,False,,,21260921
0.899,541,exact_spending,3,184,184,False,,,21260921
0.899,542,exact_spending,7,188,188,False,,,21260921
0.899,543,exact_spending,2,182,182,False,,,21260921
0.899,544,exact_spending,1,182,182,False,,,21260921
0.899,545,exact_spending,5,185,185,False,,,21260921
0.899,546,exact_spending,1,187,187,False,,,21260921
0.899,547,exact_spending,1,189,189,False,,,21260921
0.899,548,exact_spending,3,185,185,False,,,21260921
0.899,549,exact_spending,4,185,185,False,,,21260921
0.899,550,exact_spending,7,188,188,False,,,21260921
0.899,551,exact_spending,0,187,187,False,,,21260921
0.899,552,exact_spending,4,185,185,False,,,21260921
0.899,553,exact_spending,2,185,185,False,,,21260921
0.899,554,exact_spending,6,186,186,False,,,21260921
0.899,555,exact_spending,7,187,187,False,,,21260921
0.899,556,exact_spending,4,187,187,False,,,21260921
0.899,557,exact_spending,7,186,186,False,,,21260921
0.899,558,exact_spending,1,185,185,False,,,21260921
0.899,559,exact_spending,1,181,181,False,,,21260921
0.899,560,exact_spending,5,187,187,False,,,21260921
0.899,561,exact_spending,4,184,184,False,,,21260921
0.899,562,exact_spending,2,185,185,False,,,21260921
0.899,563,exact_spending,5,183,183,False,,,21260921
0.899,564,exact_spending,2,186,186,False,,,21260921
0.899,565,exact_spending,1,184,184,False,,,21260921
0.899,566,exact_spending,4,185,185,False,,,21260921
0.899,567,exact_spending,1,186,186,False,,,21260921
0.899,568,exact_spending,2,185,185,False,,,21260921
0.899,569,exact_spending,5,185,185,False,,,21260921
0.899,570,exact_spending,6,184,184,False,,,21260921
0.899,571,exact_spending,3,182,182,False,,,21260921
0.899,572,exact_spending,7,185,185,False,,,21260921
0.899,573,exact_spending,6,186,186,False,,,21260921
0.899,574,exact_spending,5,185,185,False,,,21260921
0.899,575,exact_spending,2,188,188,False,,,21260921
0.899,576,exact_spending,2,186,186,False,,,21260921
0.899,577,exact_spending,4,185,185,False,,,21260921
0.899,578,exact_spending,3,185,185,False,,,21260921
0.899,579,exact_spending,0,187,187,False,,,21260921
0.899,580,exact_spending,6,183,183,False,,,21260921
0.899,581,exact_spending,0,185,185,False,,,21260921
0.899,582,exact_spending,0,182,182,False,,,21260921
0.899,583,exact_spending,7,184,184,False,,,21260921
0.899,584,exact_spending,5,186,186,False,,,21260921
0.899,585,exact_spending,7,187,187,False,,,21260921
0.899,586,exact_spending,0,186,186,False,,,21260921
0.899,587,exact_spending,3,184,184,False,,,21260921
0.899,588,exact_spending,4,184,184,False,,,21260921
0.899,589,exact_spending,0,183,183,False,,,21260921
0.899,590,exact_spending,5,185,185,False,,,21260921
0.899,591,exact_spending,0,186,186,False,,,21260921
0.899,592,exact_spending,5,192,192,False,,,21260921
0.899,593,exact_spending,3,188,188,False,,,21260921
0.899,594,exact_spending,3,183,183,False,,,21260921
0.899,595,exact_spending,1,186,186,False,,,21260921
0.899,596,exact_spending,4,187,187,False,,,21260921
0.899,597,exact_spending,0,189,189,False,,,21260921
0.899,598,exact_spending,2,187,187,False,,,21260921
0.899,599,exact_spending,1,188,188,False,,,21260921
0.899,600,exact_spending,6,184,184,False,,,21260921
0.899,601,exact_spending,4,185,185,False,,,21260921
0.899,602,exact_spending,4,186,186,False,,,21260921
0.899,603,exact_spending,7,186,186,False,,,21260921
0.899,604,exact_spending,2,184,184,False,,,21260921
0.899,605,exact_spending,4,184,184,False,,,21260921
0.899,606,exact_spending,2,187,187,False,,,21260921
0.899,607,exact_spending,5,184,184,False,,,21260921
0.899,608,exact_spending,2,185,185,False,,,21260921
0.899,609,exact_spending,5,186,186,False,,,21260921
0.899,610,exact_spending,7,186,186,False,,,21260921
0.899,611,exact_spending,6,186,186,False,,,21260921
0.899,612,exact_spending,6,185,185,False,,,21260921
0.899,613,exact_spending,3,185,185,False,,,21260921
0.899,614,exact_spending,5,185,185,False,,,21260921
0.899,615,exact_spending,1,182,182,False,,,21260921
0.899,616,exact_spending,2,186,186,False,,,21260921
0.899,617,exact_spending,4,186,186,False,,,21260921
0.899,618,exact_spending,3,187,187,False,,,21260921
0.899,619,exact_spending,6,184,184,False,,,21260921
0.899,620,exact_spending,0,186,186,False,,,21260921
0.899,621,exact_spending,6,182,182,False,,,21260921
0.899,622,exact_spending,3,183,183,False,,,21260921
0.899,623,exact_spending,3,189,189,False,,,21260921
0.899,624,exact_spending,4,187,187,False,,,21260921
0.899,625,exact_spending,2,185,185,False,,,21260921
0.899,626,exact_spending,7,185,185,False,,,21260921
0.899,627,exact_spending,5,187,187,False,,,21260921
0.899,628,exact_spending,4,187,187,False,,,21260921
0.899,629,exact_spending,5,185,185,False,,,21260921
0.899,630,exact_spending,5,186,186,False,,,21260921
0.899,631,exact_spending,4,188,188,False,,,21260921
0.899,632,exact_spending,2,184,184,False,,,21260921
0.899,633,exact_spending,2,184,184,False,,,21260921
0.899,634,exact_spending,2,182,182,False,,,21260921
0.899,635,exact_spending,1,186,186,False,,,21260921
0.899,636,exact_spending,3,186,186,False,,,21260921
0.899,637,exact_spending,4,190,190,False,,,21260921
0.899,638,exact_spending,7,185,185,False,,,21260921
0.899,639,exact_spending,2,188,188,False,,,21260921
0.899,640,exact_spending,7,187,187,False,,,21260921
0.899,641,exact_spending,3,188,188,False,,,21260921
0.899,642,exact_spending,1,186,186,False,,,21260921
0.899,643,exact_spending,2,184,184,False,,,21260921
0.899,644,exact_spending,4,183,183,False,,,21260921
0.899,645,exact_spending,5,183,183,False,,,21260921
0.899,646,exact_spending,2,188,188,False,,,21260921
0.899,647,exact_spending,1,186,186,False,,,21260921
0.899,648,exact_spending,4,186,186,False,,,21260921
0.899,649,exact_spending,3,185,185,False,,,21260921
0.899,650,exact_spending,4,188,188,False,,,21260921
0.899,651,exact_spending,6,187,187,False,,,21260921
0.899,652,exact_spending,2,185,185,False,,,21260921
0.899,653,exact_spending,0,184,184,False,,,21260921
0.899,654,exact_spending,6,182,182,False,,,21260921
0.899,655,exact_spending,3,186,186,False,,,21260921
0.899,656,exact_spending,5,182,182,False,,,21260921
0.899,657,exact_spending,3,184,184,False,,,21260921
0.899,658,exact_spending,3,185,185,False,,,21260921
0.899,659,exact_spending,3,186,186,False,,,21260921
0.899,660,exact_spending,1,185,185,False,,,21260921
0.899,661,exact_spending,3,182,182,False,,,21260921
0.899,662,exact_spending,3,185,185,False,,,21260921
0.899,663,exact_spending,2,180,180,False,,,21260921
0.899,664,exact_spending,3,189,189,False,,,21260921
0.899,665,exact_spending,6,183,183,False,,,21260921
0.899,666,exact_spending,1,184,184,False,,,21260921
0.899,667,exact_spending,6,186,186,False,,,21260921
0.899,668,exact_spending,3,185,185,False,,,21260921
0.899,669,exact_spending,6,187,187,False,,,21260921
0.899,670,exact_spending,2,186,186,False,,,21260921
0.899,671,exact_spending,1,186,186,False,,,21260921
0.899,672,exact_spending,1,185,185,False,,,21260921
0.899,673,exact_spending,3,185,185,False,,,21260921
0.899,674,exact_spending,0,183,183,False,,,21260921
0.899,675,exact_spending,7,187,187,False,,,21260921
0.899,676,exact_spending,1,183,183,False,,,21260921
0.899,677,exact_spending,5,184,184,False,,,21260921
0.899,678,exact_spending,0,181,181,False,,,21260921
0.899,679,exact_spending,0,186,186,False,,,21260921
0.899,680,exact_spending,1,187,187,False,,,21260921
0.899,681,exact_spending,0,180,180,False,,,21260921
0.899,682,exact_spending,1,194,194,False,,,21260921
0.899,683,exact_spending,1,187,187,False,,,21260921
0.899,684,exact_spending,5,187,187,False,,,21260921
0.899,685,exact_spending,0,186,186,False,,,21260921
0.899,686,exact_spending,3,185,185,False,,,21260921
0.899,687,exact_spending,6,187,187,False,,,21260921
0.899,688,exact_spending,7,186,186,False,,,21260921
0.899,689,exact_spending,0,187,187,False,,,21260921
0.899,690,exact_spending,5,187,187,False,,,21260921
0.899,691,exact_spending,1,186,186,False,,,21260921
0.899,692,exact_spending,2,183,183,False,,,21260921
0.899,693,exact_spending,5,185,185,False,,,21260921
0.899,694,exact_spending,1,188,188,False,,,21260921
0.899,695,exact_spending,3,187,187,False,,,21260921
0.899,696,exact_spending,0,183,183,False,,,21260921
0.899,697,exact_spending,4,187,187,False,,,21260921
0.899,698,exact_spending,2,180,180,False,,,21260921
0.899,699,exact_spending,5,190,190,False,,,21260921
0.899,700,exact_spending,5,186,186,False,,,21260921
0.899,701,exact_spending,6,187,187,False,,,21260921
0.899,702,exact_spending,6,186,186,False,,,21260921
0.899,703,exact_spending,1,189,189,False,,,21260921
0.899,704,exact_spending,2,187,187,False,,,21260921
0.899,705,exact_spending,3,186,186,False,,,21260921
0.899,706,exact_spending,5,188,188,False,,,21260921
0.899,707,exact_spending,3,193,193,False,,,21260921
0.899,708,exact_spending,4,182,182,False,,,21260921
0.899,709,exact_spending,0,182,182,False,,,21260921
0.899,710,exact_spending,3,185,185,False,,,21260921
0.899,711,exact_spending,2,187,187,False,,,21260921
0.899,712,exact_spending,3,188,188,False,,,21260921
0.899,713,exact_spending,3,189,189,False,,,21260921
0.899,714,exact_spending,2,188,188,False,,,21260921
0.899,715,exact_spending,0,185,185,False,,,21260921
0.899,716,exact_spending,6,187,187,False,,,21260921
0.899,717,exact_spending,6,186,186,False,,,21260921
0.899,718,exact_spending,0,187,187,False,,,21260921
0.899,719,exact_spending,7,189,189,False,,,21260921
0.899,720,exact_spending,4,187,187,False,,,21260921
0.899,721,exact_spending,3,184,184,False,,,21260921
0.899,722,exact_spending,4,187,187,False,,,21260921
0.899,723,exact_spending,2,191,191,False,,,21260921
0.899,724,exact_spending,1,186,186,False,,,21260921
0.899,725,exact_spending,3,185,185,False,,,21260921
0.899,726,exact_spending,5,183,183,False,,,21260921
0.899,727,exact_spending,1,182,182,False,,,21260921
0.899,728,exact_spending,7,184,184,False,,,21260921
0.899,729,exact_spending,2,185,185,False,,,21260921
0.899,730,exact_spending,5,184,184,False,,,21260921
0.899,731,exact_spending,6,187,187,False,,,21260921
0.899,732,exact_spending,6,184,184,False,,,21260921
0.899,733,exact_spending,3,187,187,False,,,21260921
0.899,734,exact_spending,6,187,187,False,,,21260921
0.899,735,exact_spending,2,186,186,False,,,21260921
0.899,736,exact_spending,0,184,184,False,,,21260921
0.899,737,exact_spending,5,189,189,False,,,21260921
0.899,738,exact_spending,0,185,185,False,,,21260921
0.899,739,exact_spending,6,189,189,False,,,21260921
0.899,740,exact_spending,0,190,190,False,,,21260921
0.899,741,exact_spending,2,187,187,False,,,21260921
0.899,742,exact_spending,7,188,188,False,,,21260921
0.899,743,exact_spending,6,188,188,False,,,21260921
0.899,744,exact_spending,7,181,181,False,,,21260921
0.899,745,exact_spending,2,183,183,False,,,21260921
0.899,746,exact_spending,1,186,186,False,,,21260921
0.899,747,exact_spending,0,185,185,False,,,21260921
0.899,748,exact_spending,0,186,186,False,,,21260921
0.899,749,exact_spending,7,187,187,False,,,21260921
0.899,750,exact_spending,6,185,185,False,,,21260921
0.899,751,exact_spending,6,187,187,False,,,21260921
0.899,752,exact_spending,6,186,186,False,,,21260921
0.899,753,exact_spending,2,187,187,False,,,21260921
0.899,754,exact_spending,3,184,184,False,,,21260921
0.899,755,exact_spending,7,189,189,False,,,21260921
0.899,756,exact_spending,1,184,184,False,,,21260921
0.899,757,exact_spending,7,183,183,False,,,21260921
0.899,758,exact_spending,2,189,189,False,,,21260921
0.899,759,exact_spending,6,190,190,False,,,21260921
0.899,760,exact_spending,4,185,185,False,,,21260921
0.899,761,exact_spending,1,184,184,False,,,21260921
0.899,762,exact_spending,1,186,186,False,,,21260921
0.899,763,exact_spending,3,182,182,False,,,21260921
0.899,764,exact_spending,1,186,186,False,,,21260921
0.899,765,exact_spending,3,187,187,False,,,21260921
0.899,766,exact_spending,1,186,186,False,,,21260921
0.899,767,exact_spending,1,191,191,False,,,21260921
0.899,768,exact_spending,7,186,186,False,,,21260921
0.899,769,exact_spending,6,186,186,False,,,21260921
0.899,770,exact_spending,4,181,181,False,,,21260921
0.899,771,exact_spending,1,189,189,False,,,21260921
0.899,772,exact_spending,2,188,188,False,,,21260921
0.899,773,exact_spending,3,187,187,False,,,21260921
0.899,774,exact_spending,1,188,188,False,,,21260921
0.899,775,exact_spending,3,183,183,False,,,21260921
0.899,776,exact_spending,0,183,183,False,,,21260921
0.899,777,exact_spending,2,187,187,False,,,21260921
0.899,778,exact_spending,4,180,180,False,,,21260921
0.899,779,exact_spending,0,182,182,False,,,21260921
0.899,780,exact_spending,3,183,183,False,,,21260921
0.899,781,exact_spending,5,186,186,False,,,21260921
0.899,782,exact_spending,1,185,185,False,,,21260921
0.899,783,exact_spending,7,188,188,False,,,21260921
0.899,784,exact_spending,6,185,185,False,,,21260921
0.899,785,exact_spending,0,187,187,False,,,21260921
0.899,786,exact_spending,7,190,190,False,,,21260921
0.899,787,exact_spending,3,186,186,False,,,21260921
0.899,788,exact_spending,0,183,183,False,,,21260921
0.899,789,exact_spending,7,184,184,False,,,21260921
0.899,790,exact_spending,5,184,184,False,,,21260921
0.899,791,exact_spending,6,188,188,False,,,21260921
0.899,792,exact_spending,3,184,184,False,,,21260921
0.899,793,exact_spending,2,185,185,False,,,21260921
0.899,794,exact_spending,5,185,185,False,,,21260921
0.899,795,exact_spending,3,186,186,False,,,21260921
0.899,796,exact_spending,2,186,186,False,,,21260921
0.899,797,exact_spending,7,188,188,False,,,21260921
0.899,798,exact_spending,3,183,183,False,,,21260921
0.899,799,exact_spending,7,185,185,False,,,21260921
0.899,800,exact_spending,5,186,186,False,,,21260921
0.899,801,exact_spending,5,186,186,False,,,21260921
0.899,802,exact_spending,4,184,184,False,,,21260921
0.899,803,exact_spending,6,182,182,False,,,21260921
0.899,804,exact_spending,7,183,183,False,,,21260921
0.899,805,exact_spending,0,183,183,False,,,21260921
0.899,806,exact_spending,3,187,187,False,,,21260921
0.899,807,exact_spending,6,190,190,False,,,21260921
0.899,808,exact_spending,0,188,188,False,,,21260921
0.899,809,exact_spending,2,186,186,False,,,21260921
0.899,810,exact_spending,3,188,188,False,,,21260921
0.899,811,exact_spending,5,183,183,False,,,21260921
0.899,812,exact_spending,1,189,189,False,,,21260921
0.899,813,exact_spending,2,186,186,False,,,21260921
0.899,814,exact_spending,7,188,188,False,,,21260921
0.899,815,exact_spending,1,189,189,False,,,21260921
0.899,816,exact_spending,0,186,186,False,,,21260921
0.899,817,exact_spending,3,186,186,False,,,21260921
0.899,818,exact_spending,4,187,187,False,,,21260921
0.899,819,exact_spending,1,188,188,False,,,21260921
0.899,820,exact_spending,7,184,184,False,,,21260921
0.899,821,exact_spending,5,184,184,False,,,21260921
0.899,822,exact_spending,3,189,189,False,,,21260921
0.899,823,exact_spending,1,187,187,False,,,21260921
0.899,824,exact_spending,6,186,186,False,,,21260921
0.899,825,exact_spending,1,185,185,False,,,21260921
0.899,826,exact_spending,0,182,182,False,,,21260921
0.899,827,exact_spending,0,190,190,False,,,21260921
0.899,828,exact_spending,2,182,182,False,,,21260921
0.899,829,exact_spending,6,187,187,False,,,21260921
0.899,830,exact_spending,1,186,186,False,,,21260921
0.899,831,exact_spending,0,189,189,False,,,21260921
0.899,832,exact_spending,0,187,187,False,,,21260921
0.899,833,exact_spending,2,185,185,False,,,21260921
0.899,834,exact_spending,4,186,186,False,,,21260921
0.899,835,exact_spending,0,188,188,False,,,21260921
0.899,836,exact_spending,3,186,186,False,,,21260921
0.899,837,exact_spending,1,185,185,False,,,21260921
0.899,838,exact_spending,6,186,186,False,,,21260921
0.899,839,exact_spending,0,189,189,False,,,21260921
0.899,840,exact_spending,1,190,190,False,,,21260921
0.899,841,exact_spending,5,185,185,False,,,21260921
0.899,842,exact_spending,2,188,188,False,,,21260921
0.899,843,exact_spending,0,189,189,False,,,21260921
0.899,844,exact_spending,7,182,182,False,,,21260921
0.899,845,exact_spending,1,185,185,False,,,21260921
0.899,846,exact_spending,3,184,184,False,,,21260921
0.899,847,exact_spending,2,188,188,False,,,21260921
0.899,848,exact_spending,5,188,188,False,,,21260921
0.899,849,exact_spending,4,186,186,False,,,21260921
0.899,850,exact_spending,0,184,184,False,,,21260921
0.899,851,exact_spending,6,189,189,False,,,21260921
0.899,852,exact_spending,3,189,189,False,,,21260921
0.899,853,exact_spending,7,189,189,False,,,21260921
0.899,854,exact_spending,5,189,189,False,,,21260921
0.899,855,exact_spending,7,186,186,False,,,21260921
0.899,856,exact_spending,1,187,187,False,,,21260921
0.899,857,exact_spending,6,186,186,False,,,21260921
0.899,858,exact_spending,6,184,184,False,,,21260921
0.899,859,exact_spending,0,187,187,False,,,21260921
0.899,860,exact_spending,3,188,188,False,,,21260921
0.899,861,exact_spending,0,183,183,False,,,21260921
0.899,862,exact_spending,7,187,187,False,,,21260921
0.899,863,exact_spending,0,185,185,False,,,21260921
0.899,864,exact_spending,0,187,187,False,,,21260921
0.899,865,exact_spending,3,188,188,False,,,21260921
0.899,866,exact_spending,6,185,185,False,,,21260921
0.899,867,exact_spending,6,188,188,False,,,21260921
0.899,868,exact_spending,2,183,183,False,,,21260921
0.899,869,exact_spending,3,186,186,False,,,21260921
0.899,870,exact_spending,7,186,186,False,,,21260921
0.899,871,exact_spending,4,187,187,False,,,21260921
0.899,872,exact_spending,4,187,187,False,,,21260921
0.899,873,exact_spending,5,188,188,False,,,21260921
0.899,874,exact_spending,2,188,188,False,,,21260921
0.899,875,exact_spending,6,188,188,False,,,21260921
0.899,876,exact_spending,5,184,184,False,,,21260921
0.899,877,exact_spending,1,180,180,False,,,21260921
0.899,878,exact_spending,6,186,186,False,,,21260921
0.899,879,exact_spending,3,184,184,False,,,21260921
0.899,880,exact_spending,7,185,185,False,,,21260921
0.899,881,exact_spending,1,183,183,False,,,21260921
0.899,882,exact_spending,7,183,183,False,,,21260921
0.899,883,exact_spending,6,186,186,False,,,21260921
0.899,884,exact_spending,4,184,184,False,,,21260921
0.899,885,exact_spending,5,186,186,False,,,21260921
0.899,886,exact_spending,4,184,184,False,,,21260921
0.899,887,exact_spending,6,187,187,False,,,21260921
0.899,888,exact_spending,3,186,186,False,,,21260921
0.899,889,exact_spending,4,186,186,False,,,21260921
0.899,890,exact_spending,4,189,189,False,,,21260921
0.899,891,exact_spending,3,192,192,False,,,21260921
0.899,892,exact_spending,6,186,186,False,,,21260921
0.899,893,exact_spending,1,187,187,False,,,21260921
0.899,894,exact_spending,1,183,183,False,,,21260921
0.899,895,exact_spending,4,184,184,False,,,21260921
0.899,896,exact_spending,2,187,187,False,,,21260921
0.899,897,exact_spending,4,190,190,False,,,21260921
0.899,898,exact_spending,3,187,187,False,,,21260921
0.899,899,exact_spending,0,184,184,False,,,21260921
0.899,900,exact_spending,6,188,188,False,,,21260921
0.899,901,exact_spending,0,184,184,False,,,21260921
0.899,902,exact_spending,1,187,187,False,,,21260921
0.899,903,exact_spending,6,184,184,False,,,21260921
0.899,904,exact_spending,2,186,186,False,,,21260921
0.899,905,exact_spending,1,188,188,False,,,21260921
0.899,906,exact_spending,5,191,191,False,,,21260921
0.899,907,exact_spending,6,184,184,False,,,21260921
0.899,908,exact_spending,4,188,188,False,,,21260921
0.899,909,exact_spending,7,186,186,False,,,21260921
0.899,910,exact_spending,0,187,187,False,,,21260921
0.899,911,exact_spending,0,188,188,False,,,21260921
0.899,912,exact_spending,6,186,186,False,,,21260921
0.899,913,exact_spending,5,189,189,False,,,21260921
0.899,914,exact_spending,2,183,183,False,,,21260921
0.899,915,exact_spending,1,185,185,False,,,21260921
0.899,916,exact_spending,3,184,184,False,,,21260921
0.899,917,exact_spending,5,183,183,False,,,21260921
0.899,918,exact_spending,2,182,182,False,,,21260921
0.899,919,exact_spending,6,185,185,False,,,21260921
0.899,920,exact_spending,6,189,189,False,,,21260921
0.899,921,exact_spending,6,182,182,False,,,21260921
0.899,922,exact_spending,7,188,188,False,,,21260921
0.899,923,exact_spending,6,183,183,False,,,21260921
0.899,924,exact_spending,5,183,183,False,,,21260921
0.899,925,exact_spending,5,187,187,False,,,21260921
0.899,926,exact_spending,5,182,182,False,,,21260921
0.899,927,exact_spending,6,181,181,False,,,21260921
0.899,928,exact_spending,6,186,186,False,,,21260921
0.899,929,exact_spending,1,183,183,False,,,21260921
0.899,930,exact_spending,6,184,184,False,,,21260921
0.899,931,exact_spending,2,183,183,False,,,21260921
0.899,932,exact_spending,7,186,186,False,,,21260921
0.899,933,exact_spending,3,183,183,False,,,21260921
0.899,934,exact_spending,5,187,187,False,,,21260921
0.899,935,exact_spending,7,183,183,False,,,21260921
0.899,936,exact_spending,1,186,186,False,,,21260921
0.899,937,exact_spending,3,187,187,False,,,21260921
0.899,938,exact_spending,3,184,184,False,,,21260921
0.899,939,exact_spending,5,189,189,False,,,21260921
0.899,940,exact_spending,1,185,185,False,,,21260921
0.899,941,exact_spending,4,182,182,False,,,21260921
0.899,942,exact_spending,0,182,182,False,,,21260921
0.899,943,exact_spending,2,184,184,False,,,21260921
0.899,944,exact_spending,2,183,183,False,,,21260921
0.899,945,exact_spending,5,186,186,False,,,21260921
0.899,946,exact_spending,5,186,186,False,,,21260921
0.899,947,exact_spending,5,183,183,False,,,21260921
0.899,948,exact_spending,0,189,189,False,,,21260921
0.899,949,exact_spending,0,186,186,False,,,21260921
0.899,950,exact_spending,7,185,185,False,,,21260921
0.899,951,exact_spending,5,186,186,False,,,21260921
0.899,952,exact_spending,7,183,183,False,,,21260921
0.899,953,exact_spending,5,188,188,False,,,21260921
0.899,954,exact_spending,2,182,182,False,,,21260921
0.899,955,exact_spending,2,183,183,False,,,21260921
0.899,956,exact_spending,0,185,185,False,,,21260921
0.899,957,exact_spending,3,186,186,False,,,21260921
0.899,958,exact_spending,0,181,181,False,,,21260921
0.899,959,exact_spending,5,183,183,False,,,21260921
0.899,960,exact_spending,4,190,190,False,,,21260921
0.899,961,exact_spending,2,184,184,False,,,21260921
0.899,962,exact_spending,6,186,186,False,,,21260921
0.899,963,exact_spending,2,181,181,False,,,21260921
0.899,964,exact_spending,1,185,185,False,,,21260921
0.899,965,exact_spending,2,185,185,False,,,21260921
0.899,966,exact_spending,7,185,185,False,,,21260921
0.899,967,exact_spending,3,188,188,False,,,21260921
0.899,968,exact_spending,1,187,187,False,,,21260921
0.899,969,exact_spending,6,183,183,False,,,21260921
0.899,970,exact_spending,5,188,188,False,,,21260921
0.899,971,exact_spending,6,189,189,False,,,21260921
0.899,972,exact_spending,1,183,183,False,,,21260921
0.899,973,exact_spending,3,186,186,False,,,21260921
0.899,974,exact_spending,6,186,186,False,,,21260921
0.899,975,exact_spending,0,186,186,False,,,21260921
0.899,976,exact_spending,3,184,184,False,,,21260921
0.899,977,exact_spending,7,185,185,False,,,21260921
0.899,978,exact_spending,0,186,186,False,,,21260921
0.899,979,exact_spending,3,184,184,False,,,21260921
0.899,980,exact_spending,6,187,187,False,,,21260921
0.899,981,exact_spending,1,186,186,False,,,21260921
0.899,982,exact_spending,5,184,184,False,,,21260921
0.899,983,exact_spending,0,185,185,False,,,21260921
0.899,984,exact_spending,0,187,187,False,,,21260921
0.899,985,exact_spending,7,184,184,False,,,21260921
0.899,986,exact_spending,2,187,187,False,,,21260921
0.899,987,exact_spending,6,187,187,False,,,21260921
0.899,988,exact_spending,6,187,187,False,,,21260921
0.899,989,exact_spending,7,188,188,False,,,21260921
0.899,990,exact_spending,0,186,186,False,,,21260921
0.899,991,exact_spending,1,183,183,False,,,21260921
0.899,992,exact_spending,3,188,188,False,,,21260921
0.899,993,exact_spending,4,184,184,False,,,21260921
0.899,994,exact_spending,0,186,186,False,,,21260921
0.899,995,exact_spending,7,182,182,False,,,21260921
0.899,996,exact_spending,4,187,187,False,,,21260921
0.899,997,exact_spending,0,188,188,False,,,21260921
0.899,998,exact_spending,3,188,188,False,,,21260921
0.899,999,exact_spending,6,186,186,False,,,21260921
0.899,0,paper_hoeffding,2,185,185,False,,,21260921
0.899,1,paper_hoeffding,4,181,181,False,,,21260921
0.899,2,paper_hoeffding,2,185,185,False,,,21260921
0.899,3,paper_hoeffding,0,183,183,False,,,21260921
0.899,4,paper_hoeffding,4,188,188,False,,,21260921
0.899,5,paper_hoeffding,5,186,186,False,,,21260921
0.899,6,paper_hoeffding,0,185,185,False,,,21260921
0.899,7,paper_hoeffding,6,187,187,False,,,21260921
0.899,8,paper_hoeffding,2,187,187,False,,,21260921
0.899,9,paper_hoeffding,7,188,188,False,,,21260921
0.899,10,paper_hoeffding,2,186,186,False,,,21260921
0.899,11,paper_hoeffding,4,188,188,False,,,21260921
0.899,12,paper_hoeffding,3,187,187,False,,,21260921
0.899,13,paper_hoeffding,0,187,187,False,,,21260921
0.899,14,paper_hoeffding,2,183,183,False,,,21260921
0.899,15,paper_hoeffding,3,185,185,False,,,21260921
0.899,16,paper_hoeffding,4,186,186,False,,,21260921
0.899,17,paper_hoeffding,7,184,184,False,,,21260921
0.899,18,paper_hoeffding,1,185,185,False,,,21260921
0.899,19,paper_hoeffding,7,187,187,False,,,21260921
0.899,20,paper_hoeffding,3,186,186,False,,,21260921
0.899,21,paper_hoeffding,3,182,182,False,,,21260921
0.899,22,paper_hoeffding,2,191,191,False,,,21260921
0.899,23,paper_hoeffding,6,191,191,False,,,21260921
0.899,24,paper_hoeffding,2,184,184,False,,,21260921
0.899,25,paper_hoeffding,6,185,185,False,,,21260921
0.899,26,paper_hoeffding,3,186,186,False,,,21260921
0.899,27,paper_hoeffding,6,184,184,False,,,21260921
0.899,28,paper_hoeffding,0,185,185,False,,,21260921
0.899,29,paper_hoeffding,5,188,188,False,,,21260921
0.899,30,paper_hoeffding,1,188,188,False,,,21260921
0.899,31,paper_hoeffding,7,184,184,False,,,21260921
0.899,32,paper_hoeffding,4,183,183,False,,,21260921
0.899,33,paper_hoeffding,6,183,183,False,,,21260921
0.899,34,paper_hoeffding,1,193,193,False,,,21260921
0.899,35,paper_hoeffding,6,186,186,False,,,21260921
0.899,36,paper_hoeffding,0,185,185,False,,,21260921
0.899,37,paper_hoeffding,7,186,186,False,,,21260921
0.899,38,paper_hoeffding,1,185,185,False,,,21260921
0.899,39,paper_hoeffding,1,182,182,False,,,21260921
0.899,40,paper_hoeffding,7,189,189,False,,,21260921
0.899,41,paper_hoeffding,3,190,190,False,,,21260921
0.899,42,paper_hoeffding,4,183,183,False,,,21260921
0.899,43,paper_hoeffding,3,188,188,False,,,21260921
0.899,44,paper_hoeffding,0,189,189,False,,,21260921
0.899,45,paper_hoeffding,4,182,182,False,,,21260921
0.899,46,paper_hoeffding,2,188,188,False,,,21260921
0.899,47,paper_hoeffding,4,183,183,False,,,21260921
0.899,48,paper_hoeffding,6,184,184,False,,,21260921
0.899,49,paper_hoeffding,0,184,184,False,,,21260921
0.899,50,paper_hoeffding,2,189,189,False,,,21260921
0.899,51,paper_hoeffding,4,186,186,False,,,21260921
0.899,52,paper_hoeffding,6,185,185,False,,,21260921
0.899,53,paper_hoeffding,1,187,187,False,,,21260921
0.899,54,paper_hoeffding,7,185,185,False,,,21260921
0.899,55,paper_hoeffding,5,186,186,False,,,21260921
0.899,56,paper_hoeffding,4,185,185,False,,,21260921
0.899,57,paper_hoeffding,0,187,187,False,,,21260921
0.899,58,paper_hoeffding,3,187,187,False,,,21260921
0.899,59,paper_hoeffding,0,184,184,False,,,21260921
0.899,60,paper_hoeffding,2,187,187,False,,,21260921
0.899,61,paper_hoeffding,0,186,186,False,,,21260921
0.899,62,paper_hoeffding,7,187,187,False,,,21260921
0.899,63,paper_hoeffding,6,188,188,False,,,21260921
0.899,64,paper_hoeffding,0,187,187,False,,,21260921
0.899,65,paper_hoeffding,7,184,184,False,,,21260921
0.899,66,paper_hoeffding,4,188,188,False,,,21260921
0.899,67,paper_hoeffding,5,184,184,False,,,21260921
0.899,68,paper_hoeffding,5,186,186,False,,,21260921
0.899,69,paper_hoeffding,2,187,187,False,,,21260921
0.899,70,paper_hoeffding,0,184,184,False,,,21260921
0.899,71,paper_hoeffding,7,185,185,False,,,21260921
0.899,72,paper_hoeffding,3,182,182,False,,,21260921
0.899,73,paper_hoeffding,0,183,183,False,,,21260921
0.899,74,paper_hoeffding,3,190,190,False,,,21260921
0.899,75,paper_hoeffding,0,186,186,False,,,21260921
0.899,76,paper_hoeffding,0,190,190,False,,,21260921
0.899,77,paper_hoeffding,4,185,185,False,,,21260921
0.899,78,paper_hoeffding,2,182,182,False,,,21260921
0.899,79,paper_hoeffding,1,186,186,False,,,21260921
0.899,80,paper_hoeffding,2,184,184,False,,,21260921
0.899,81,paper_hoeffding,2,187,187,False,,,21260921
0.899,82,paper_hoeffding,1,185,185,False,,,21260921
0.899,83,paper_hoeffding,0,190,190,False,,,21260921
0.899,84,paper_hoeffding,0,184,184,False,,,21260921
0.899,85,paper_hoeffding,7,186,186,False,,,21260921
0.899,86,paper_hoeffding,3,187,187,False,,,21260921
0.899,87,paper_hoeffding,4,184,184,False,,,21260921
0.899,88,paper_hoeffding,3,186,186,False,,,21260921
0.899,89,paper_hoeffding,3,187,187,False,,,21260921
0.899,90,paper_hoeffding,5,186,186,False,,,21260921
0.899,91,paper_hoeffding,7,181,181,False,,,21260921
0.899,92,paper_hoeffding,3,183,183,False,,,21260921
0.899,93,paper_hoeffding,1,186,186,False,,,21260921
0.899,94,paper_hoeffding,7,186,186,False,,,21260921
0.899,95,paper_hoeffding,6,186,186,False,,,21260921
0.899,96,paper_hoeffding,7,184,184,False,,,21260921
0.899,97,paper_hoeffding,2,184,184,False,,,21260921
0.899,98,paper_hoeffding,5,186,186,False,,,21260921
0.899,99,paper_hoeffding,5,186,186,False,,,21260921
0.899,100,paper_hoeffding,0,188,188,False,,,21260921
0.899,101,paper_hoeffding,7,189,189,False,,,21260921
0.899,102,paper_hoeffding,1,189,189,False,,,21260921
0.899,103,paper_hoeffding,7,185,185,False,,,21260921
0.899,104,paper_hoeffding,3,187,187,False,,,21260921
0.899,105,paper_hoeffding,1,189,189,False,,,21260921
0.899,106,paper_hoeffding,3,183,183,False,,,21260921
0.899,107,paper_hoeffding,1,185,185,False,,,21260921
0.899,108,paper_hoeffding,0,186,186,False,,,21260921
0.899,109,paper_hoeffding,2,184,184,False,,,21260921
0.899,110,paper_hoeffding,6,185,185,False,,,21260921
0.899,111,paper_hoeffding,7,189,189,False,,,21260921
0.899,112,paper_hoeffding,3,183,183,False,,,21260921
0.899,113,paper_hoeffding,4,185,185,False,,,21260921
0.899,114,paper_hoeffding,6,184,184,False,,,21260921
0.899,115,paper_hoeffding,0,184,184,False,,,21260921
0.899,116,paper_hoeffding,3,184,184,False,,,21260921
0.899,117,paper_hoeffding,1,186,186,False,,,21260921
0.899,118,paper_hoeffding,1,183,183,False,,,21260921
0.899,119,paper_hoeffding,7,189,189,False,,,21260921
0.899,120,paper_hoeffding,2,189,189,False,,,21260921
0.899,121,paper_hoeffding,3,184,184,False,,,21260921
0.899,122,paper_hoeffding,2,189,189,False,,,21260921
0.899,123,paper_hoeffding,7,186,186,False,,,21260921
0.899,124,paper_hoeffding,6,185,185,False,,,21260921
0.899,125,paper_hoeffding,5,184,184,False,,,21260921
0.899,126,paper_hoeffding,2,183,183,False,,,21260921
0.899,127,paper_hoeffding,1,186,186,False,,,21260921
0.899,128,paper_hoeffding,0,185,185,False,,,21260921
0.899,129,paper_hoeffding,5,185,185,False,,,21260921
0.899,130,paper_hoeffding,6,187,187,False,,,21260921
0.899,131,paper_hoeffding,3,184,184,False,,,21260921
0.899,132,paper_hoeffding,5,181,181,False,,,21260921
0.899,133,paper_hoeffding,0,185,185,False,,,21260921
0.899,134,paper_hoeffding,0,184,184,False,,,21260921
0.899,135,paper_hoeffding,0,184,184,False,,,21260921
0.899,136,paper_hoeffding,1,184,184,False,,,21260921
0.899,137,paper_hoeffding,7,188,188,False,,,21260921
0.899,138,paper_hoeffding,7,188,188,False,,,21260921
0.899,139,paper_hoeffding,5,186,186,False,,,21260921
0.899,140,paper_hoeffding,3,181,181,False,,,21260921
0.899,141,paper_hoeffding,2,188,188,False,,,21260921
0.899,142,paper_hoeffding,2,184,184,False,,,21260921
0.899,143,paper_hoeffding,1,183,183,False,,,21260921
0.899,144,paper_hoeffding,5,187,187,False,,,21260921
0.899,145,paper_hoeffding,4,183,183,False,,,21260921
0.899,146,paper_hoeffding,2,188,188,False,,,21260921
0.899,147,paper_hoeffding,2,185,185,False,,,21260921
0.899,148,paper_hoeffding,5,185,185,False,,,21260921
0.899,149,paper_hoeffding,1,182,182,False,,,21260921
0.899,150,paper_hoeffding,0,184,184,False,,,21260921
0.899,151,paper_hoeffding,0,186,186,False,,,21260921
0.899,152,paper_hoeffding,4,183,183,False,,,21260921
0.899,153,paper_hoeffding,0,184,184,False,,,21260921
0.899,154,paper_hoeffding,0,182,182,False,,,21260921
0.899,155,paper_hoeffding,2,185,185,False,,,21260921
0.899,156,paper_hoeffding,5,183,183,False,,,21260921
0.899,157,paper_hoeffding,1,187,187,False,,,21260921
0.899,158,paper_hoeffding,7,187,187,False,,,21260921
0.899,159,paper_hoeffding,2,186,186,False,,,21260921
0.899,160,paper_hoeffding,1,187,187,False,,,21260921
0.899,161,paper_hoeffding,6,184,184,False,,,21260921
0.899,162,paper_hoeffding,4,189,189,False,,,21260921
0.899,163,paper_hoeffding,7,187,187,False,,,21260921
0.899,164,paper_hoeffding,3,184,184,False,,,21260921
0.899,165,paper_hoeffding,4,187,187,False,,,21260921
0.899,166,paper_hoeffding,5,181,181,False,,,21260921
0.899,167,paper_hoeffding,1,184,184,False,,,21260921
0.899,168,paper_hoeffding,0,184,184,False,,,21260921
0.899,169,paper_hoeffding,3,185,185,False,,,21260921
0.899,170,paper_hoeffding,4,185,185,False,,,21260921
0.899,171,paper_hoeffding,3,189,189,False,,,21260921
0.899,172,paper_hoeffding,2,185,185,False,,,21260921
0.899,173,paper_hoeffding,3,185,185,False,,,21260921
0.899,174,paper_hoeffding,1,183,183,False,,,21260921
0.899,175,paper_hoeffding,7,185,185,False,,,21260921
0.899,176,paper_hoeffding,4,185,185,False,,,21260921
0.899,177,paper_hoeffding,0,187,187,False,,,21260921
0.899,178,paper_hoeffding,5,182,182,False,,,21260921
0.899,179,paper_hoeffding,2,185,185,False,,,21260921
0.899,180,paper_hoeffding,0,186,186,False,,,21260921
0.899,181,paper_hoeffding,1,186,186,False,,,21260921
0.899,182,paper_hoeffding,1,183,183,False,,,21260921
0.899,183,paper_hoeffding,1,183,183,False,,,21260921
0.899,184,paper_hoeffding,0,186,186,False,,,21260921
0.899,185,paper_hoeffding,5,185,185,False,,,21260921
0.899,186,paper_hoeffding,1,184,184,False,,,21260921
0.899,187,paper_hoeffding,2,182,182,False,,,21260921
0.899,188,paper_hoeffding,0,189,189,False,,,21260921
0.899,189,paper_hoeffding,3,187,187,False,,,21260921
0.899,190,paper_hoeffding,1,186,186,False,,,21260921
0.899,191,paper_hoeffding,4,185,185,False,,,21260921
0.899,192,paper_hoeffding,2,185,185,False,,,21260921
0.899,193,paper_hoeffding,5,187,187,False,,,21260921
0.899,194,paper_hoeffding,7,185,185,False,,,21260921
0.899,195,paper_hoeffding,5,181,181,False,,,21260921
0.899,196,paper_hoeffding,7,189,189,False,,,21260921
0.899,197,paper_hoeffding,2,187,187,False,,,21260921
0.899,198,paper_hoeffding,3,183,183,False,,,21260921
0.899,199,paper_hoeffding,0,188,188,False,,,21260921
0.899,200,paper_hoeffding,4,186,186,False,,,21260921
0.899,201,paper_hoeffding,1,187,187,False,,,21260921
0.899,202,paper_hoeffding,4,186,186,False,,,21260921
0.899,203,paper_hoeffding,0,187,187,False,,,21260921
0.899,204,paper_hoeffding,0,183,183,False,,,21260921
0.899,205,paper_hoeffding,1,183,183,False,,,21260921
0.899,206,paper_hoeffding,6,187,187,False,,,21260921
0.899,207,paper_hoeffding,7,183,183,False,,,21260921
0.899,208,paper_hoeffding,4,187,187,False,,,21260921
0.899,209,paper_hoeffding,1,185,185,False,,,21260921
0.899,210,paper_hoeffding,5,186,186,False,,,21260921
0.899,211,paper_hoeffding,2,185,185,False,,,21260921
0.899,212,paper_hoeffding,3,186,186,False,,,21260921
0.899,213,paper_hoeffding,0,189,189,False,,,21260921
0.899,214,paper_hoeffding,7,183,183,False,,,21260921
0.899,215,paper_hoeffding,5,187,187,False,,,21260921
0.899,216,paper_hoeffding,1,181,181,False,,,21260921
0.899,217,paper_hoeffding,3,188,188,False,,,21260921
0.899,218,paper_hoeffding,4,185,185,False,,,21260921
0.899,219,paper_hoeffding,7,185,185,False,,,21260921
0.899,220,paper_hoeffding,4,188,188,False,,,21260921
0.899,221,paper_hoeffding,3,186,186,False,,,21260921
0.899,222,paper_hoeffding,0,186,186,False,,,21260921
0.899,223,paper_hoeffding,5,182,182,False,,,21260921
0.899,224,paper_hoeffding,0,187,187,False,,,21260921
0.899,225,paper_hoeffding,0,185,185,False,,,21260921
0.899,226,paper_hoeffding,6,183,183,False,,,21260921
0.899,227,paper_hoeffding,2,184,184,False,,,21260921
0.899,228,paper_hoeffding,0,191,191,False,,,21260921
0.899,229,paper_hoeffding,0,186,186,False,,,21260921
0.899,230,paper_hoeffding,3,186,186,False,,,21260921
0.899,231,paper_hoeffding,1,186,186,False,,,21260921
0.899,232,paper_hoeffding,0,186,186,False,,,21260921
0.899,233,paper_hoeffding,3,182,182,False,,,21260921
0.899,234,paper_hoeffding,1,189,189,False,,,21260921
0.899,235,paper_hoeffding,5,185,185,False,,,21260921
0.899,236,paper_hoeffding,1,182,182,False,,,21260921
0.899,237,paper_hoeffding,6,186,186,False,,,21260921
0.899,238,paper_hoeffding,3,185,185,False,,,21260921
0.899,239,paper_hoeffding,3,184,184,False,,,21260921
0.899,240,paper_hoeffding,6,186,186,False,,,21260921
0.899,241,paper_hoeffding,4,188,188,False,,,21260921
0.899,242,paper_hoeffding,4,190,190,False,,,21260921
0.899,243,paper_hoeffding,4,186,186,False,,,21260921
0.899,244,paper_hoeffding,0,184,184,False,,,21260921
0.899,245,paper_hoeffding,3,188,188,False,,,21260921
0.899,246,paper_hoeffding,6,185,185,False,,,21260921
0.899,247,paper_hoeffding,4,189,189,False,,,21260921
0.899,248,paper_hoeffding,1,184,184,False,,,21260921
0.899,249,paper_hoeffding,4,186,186,False,,,21260921
0.899,250,paper_hoeffding,4,187,187,False,,,21260921
0.899,251,paper_hoeffding,7,189,189,False,,,21260921
0.899,252,paper_hoeffding,0,186,186,False,,,21260921
0.899,253,paper_hoeffding,4,187,187,False,,,21260921
0.899,254,paper_hoeffding,3,183,183,False,,,21260921
0.899,255,paper_hoeffding,7,186,186,False,,,21260921
0.899,256,paper_hoeffding,2,186,186,False,,,21260921
0.899,257,paper_hoeffding,6,186,186,False,,,21260921
0.899,258,paper_hoeffding,0,185,185,False,,,21260921
0.899,259,paper_hoeffding,2,186,186,False,,,21260921
0.899,260,paper_hoeffding,4,190,190,False,,,21260921
0.899,261,paper_hoeffding,3,182,182,False,,,21260921
0.899,262,paper_hoeffding,2,182,182,False,,,21260921
0.899,263,paper_hoeffding,1,185,185,False,,,21260921
0.899,264,paper_hoeffding,5,186,186,False,,,21260921
0.899,265,paper_hoeffding,4,183,183,False,,,21260921
0.899,266,paper_hoeffding,6,187,187,False,,,21260921
0.899,267,paper_hoeffding,1,185,185,False,,,21260921
0.899,268,paper_hoeffding,6,183,183,False,,,21260921
0.899,269,paper_hoeffding,0,186,186,False,,,21260921
0.899,270,paper_hoeffding,5,186,186,False,,,21260921
0.899,271,paper_hoeffding,1,192,192,False,,,21260921
0.899,272,paper_hoeffding,1,186,186,False,,,21260921
0.899,273,paper_hoeffding,3,182,182,False,,,21260921
0.899,274,paper_hoeffding,7,188,188,False,,,21260921
0.899,275,paper_hoeffding,5,185,185,False,,,21260921
0.899,276,paper_hoeffding,6,184,184,False,,,21260921
0.899,277,paper_hoeffding,4,184,184,False,,,21260921
0.899,278,paper_hoeffding,0,186,186,False,,,21260921
0.899,279,paper_hoeffding,6,186,186,False,,,21260921
0.899,280,paper_hoeffding,0,187,187,False,,,21260921
0.899,281,paper_hoeffding,7,189,189,False,,,21260921
0.899,282,paper_hoeffding,5,184,184,False,,,21260921
0.899,283,paper_hoeffding,2,185,185,False,,,21260921
0.899,284,paper_hoeffding,6,186,186,False,,,21260921
0.899,285,paper_hoeffding,2,187,187,False,,,21260921
0.899,286,paper_hoeffding,7,183,183,False,,,21260921
0.899,287,paper_hoeffding,0,186,186,False,,,21260921
0.899,288,paper_hoeffding,5,187,187,False,,,21260921
0.899,289,paper_hoeffding,2,185,185,False,,,21260921
0.899,290,paper_hoeffding,2,186,186,False,,,21260921
0.899,291,paper_hoeffding,4,185,185,False,,,21260921
0.899,292,paper_hoeffding,3,188,188,False,,,21260921
0.899,293,paper_hoeffding,7,186,186,False,,,21260921
0.899,294,paper_hoeffding,6,189,189,False,,,21260921
0.899,295,paper_hoeffding,6,189,189,False,,,21260921
0.899,296,paper_hoeffding,5,191,191,False,,,21260921
0.899,297,paper_hoeffding,1,184,184,False,,,21260921
0.899,298,paper_hoeffding,3,187,187,False,,,21260921
0.899,299,paper_hoeffding,5,185,185,False,,,21260921
0.899,300,paper_hoeffding,0,186,186,False,,,21260921
0.899,301,paper_hoeffding,6,182,182,False,,,21260921
0.899,302,paper_hoeffding,4,183,183,False,,,21260921
0.899,303,paper_hoeffding,1,189,189,False,,,21260921
0.899,304,paper_hoeffding,1,185,185,False,,,21260921
0.899,305,paper_hoeffding,3,186,186,False,,,21260921
0.899,306,paper_hoeffding,6,187,187,False,,,21260921
0.899,307,paper_hoeffding,1,186,186,False,,,21260921
0.899,308,paper_hoeffding,5,184,184,False,,,21260921
0.899,309,paper_hoeffding,0,188,188,False,,,21260921
0.899,310,paper_hoeffding,2,185,185,False,,,21260921
0.899,311,paper_hoeffding,3,187,187,False,,,21260921
0.899,312,paper_hoeffding,2,183,183,False,,,21260921
0.899,313,paper_hoeffding,6,187,187,False,,,21260921
0.899,314,paper_hoeffding,0,184,184,False,,,21260921
0.899,315,paper_hoeffding,7,188,188,False,,,21260921
0.899,316,paper_hoeffding,5,184,184,False,,,21260921
0.899,317,paper_hoeffding,5,180,180,False,,,21260921
0.899,318,paper_hoeffding,0,187,187,False,,,21260921
0.899,319,paper_hoeffding,1,181,181,False,,,21260921
0.899,320,paper_hoeffding,7,186,186,False,,,21260921
0.899,321,paper_hoeffding,4,186,186,False,,,21260921
0.899,322,paper_hoeffding,5,188,188,False,,,21260921
0.899,323,paper_hoeffding,3,186,186,False,,,21260921
0.899,324,paper_hoeffding,5,187,187,False,,,21260921
0.899,325,paper_hoeffding,3,188,188,False,,,21260921
0.899,326,paper_hoeffding,4,185,185,False,,,21260921
0.899,327,paper_hoeffding,3,187,187,False,,,21260921
0.899,328,paper_hoeffding,5,186,186,False,,,21260921
0.899,329,paper_hoeffding,2,186,186,False,,,21260921
0.899,330,paper_hoeffding,3,183,183,False,,,21260921
0.899,331,paper_hoeffding,4,186,186,False,,,21260921
0.899,332,paper_hoeffding,7,190,190,False,,,21260921
0.899,333,paper_hoeffding,2,186,186,False,,,21260921
0.899,334,paper_hoeffding,2,186,186,False,,,21260921
0.899,335,paper_hoeffding,4,185,185,False,,,21260921
0.899,336,paper_hoeffding,3,185,185,False,,,21260921
0.899,337,paper_hoeffding,7,184,184,False,,,21260921
0.899,338,paper_hoeffding,2,184,184,False,,,21260921
0.899,339,paper_hoeffding,2,185,185,False,,,21260921
0.899,340,paper_hoeffding,5,184,184,False,,,21260921
0.899,341,paper_hoeffding,4,187,187,False,,,21260921
0.899,342,paper_hoeffding,7,189,189,False,,,21260921
0.899,343,paper_hoeffding,6,187,187,False,,,21260921
0.899,344,paper_hoeffding,0,186,186,False,,,21260921
0.899,345,paper_hoeffding,1,184,184,False,,,21260921
0.899,346,paper_hoeffding,4,186,186,False,,,21260921
0.899,347,paper_hoeffding,4,186,186,False,,,21260921
0.899,348,paper_hoeffding,3,185,185,False,,,21260921
0.899,349,paper_hoeffding,0,183,183,False,,,21260921
0.899,350,paper_hoeffding,3,187,187,False,,,21260921
0.899,351,paper_hoeffding,5,188,188,False,,,21260921
0.899,352,paper_hoeffding,3,185,185,False,,,21260921
0.899,353,paper_hoeffding,0,187,187,False,,,21260921
0.899,354,paper_hoeffding,7,184,184,False,,,21260921
0.899,355,paper_hoeffding,4,185,185,False,,,21260921
0.899,356,paper_hoeffding,1,184,184,False,,,21260921
0.899,357,paper_hoeffding,1,189,189,False,,,21260921
0.899,358,paper_hoeffding,0,187,187,False,,,21260921
0.899,359,paper_hoeffding,1,184,184,False,,,21260921
0.899,360,paper_hoeffding,4,189,189,False,,,21260921
0.899,361,paper_hoeffding,0,192,192,False,,,21260921
0.899,362,paper_hoeffding,1,186,186,False,,,21260921
0.899,363,paper_hoeffding,5,184,184,False,,,21260921
0.899,364,paper_hoeffding,4,185,185,False,,,21260921
0.899,365,paper_hoeffding,0,183,183,False,,,21260921
0.899,366,paper_hoeffding,1,185,185,False,,,21260921
0.899,367,paper_hoeffding,0,187,187,False,,,21260921
0.899,368,paper_hoeffding,4,183,183,False,,,21260921
0.899,369,paper_hoeffding,4,188,188,False,,,21260921
0.899,370,paper_hoeffding,2,184,184,False,,,21260921
0.899,371,paper_hoeffding,1,186,186,False,,,21260921
0.899,372,paper_hoeffding,0,184,184,False,,,21260921
0.899,373,paper_hoeffding,5,185,185,False,,,21260921
0.899,374,paper_hoeffding,7,187,187,False,,,21260921
0.899,375,paper_hoeffding,2,184,184,False,,,21260921
0.899,376,paper_hoeffding,6,186,186,False,,,21260921
0.899,377,paper_hoeffding,2,188,188,False,,,21260921
0.899,378,paper_hoeffding,0,186,186,False,,,21260921
0.899,379,paper_hoeffding,0,185,185,False,,,21260921
0.899,380,paper_hoeffding,1,186,186,False,,,21260921
0.899,381,paper_hoeffding,2,190,190,False,,,21260921
0.899,382,paper_hoeffding,0,185,185,False,,,21260921
0.899,383,paper_hoeffding,2,186,186,False,,,21260921
0.899,384,paper_hoeffding,1,186,186,False,,,21260921
0.899,385,paper_hoeffding,0,189,189,False,,,21260921
0.899,386,paper_hoeffding,5,184,184,False,,,21260921
0.899,387,paper_hoeffding,1,186,186,False,,,21260921
0.899,388,paper_hoeffding,2,185,185,False,,,21260921
0.899,389,paper_hoeffding,1,184,184,False,,,21260921
0.899,390,paper_hoeffding,2,184,184,False,,,21260921
0.899,391,paper_hoeffding,0,187,187,False,,,21260921
0.899,392,paper_hoeffding,7,183,183,False,,,21260921
0.899,393,paper_hoeffding,6,186,186,False,,,21260921
0.899,394,paper_hoeffding,3,188,188,False,,,21260921
0.899,395,paper_hoeffding,5,183,183,False,,,21260921
0.899,396,paper_hoeffding,7,185,185,False,,,21260921
0.899,397,paper_hoeffding,7,190,190,False,,,21260921
0.899,398,paper_hoeffding,3,185,185,False,,,21260921
0.899,399,paper_hoeffding,4,189,189,False,,,21260921
0.899,400,paper_hoeffding,7,184,184,False,,,21260921
0.899,401,paper_hoeffding,7,187,187,False,,,21260921
0.899,402,paper_hoeffding,4,184,184,False,,,21260921
0.899,403,paper_hoeffding,7,187,187,False,,,21260921
0.899,404,paper_hoeffding,7,187,187,False,,,21260921
0.899,405,paper_hoeffding,0,184,184,False,,,21260921
0.899,406,paper_hoeffding,3,183,183,False,,,21260921
0.899,407,paper_hoeffding,4,185,185,False,,,21260921
0.899,408,paper_hoeffding,2,185,185,False,,,21260921
0.899,409,paper_hoeffding,7,187,187,False,,,21260921
0.899,410,paper_hoeffding,7,183,183,False,,,21260921
0.899,411,paper_hoeffding,4,187,187,False,,,21260921
0.899,412,paper_hoeffding,2,188,188,False,,,21260921
0.899,413,paper_hoeffding,1,184,184,False,,,21260921
0.899,414,paper_hoeffding,2,187,187,False,,,21260921
0.899,415,paper_hoeffding,7,188,188,False,,,21260921
0.899,416,paper_hoeffding,6,187,187,False,,,21260921
0.899,417,paper_hoeffding,4,187,187,False,,,21260921
0.899,418,paper_hoeffding,1,187,187,False,,,21260921
0.899,419,paper_hoeffding,7,186,186,False,,,21260921
0.899,420,paper_hoeffding,1,181,181,False,,,21260921
0.899,421,paper_hoeffding,6,187,187,False,,,21260921
0.899,422,paper_hoeffding,3,186,186,False,,,21260921
0.899,423,paper_hoeffding,5,190,190,False,,,21260921
0.899,424,paper_hoeffding,0,183,183,False,,,21260921
0.899,425,paper_hoeffding,7,187,187,False,,,21260921
0.899,426,paper_hoeffding,0,183,183,False,,,21260921
0.899,427,paper_hoeffding,2,182,182,False,,,21260921
0.899,428,paper_hoeffding,7,186,186,False,,,21260921
0.899,429,paper_hoeffding,0,190,190,False,,,21260921
0.899,430,paper_hoeffding,4,186,186,False,,,21260921
0.899,431,paper_hoeffding,3,187,187,False,,,21260921
0.899,432,paper_hoeffding,0,186,186,False,,,21260921
0.899,433,paper_hoeffding,4,184,184,False,,,21260921
0.899,434,paper_hoeffding,3,184,184,False,,,21260921
0.899,435,paper_hoeffding,3,188,188,False,,,21260921
0.899,436,paper_hoeffding,2,189,189,False,,,21260921
0.899,437,paper_hoeffding,7,185,185,False,,,21260921
0.899,438,paper_hoeffding,7,183,183,False,,,21260921
0.899,439,paper_hoeffding,1,187,187,False,,,21260921
0.899,440,paper_hoeffding,0,187,187,False,,,21260921
0.899,441,paper_hoeffding,6,185,185,False,,,21260921
0.899,442,paper_hoeffding,5,190,190,False,,,21260921
0.899,443,paper_hoeffding,6,188,188,False,,,21260921
0.899,444,paper_hoeffding,6,190,190,False,,,21260921
0.899,445,paper_hoeffding,6,183,183,False,,,21260921
0.899,446,paper_hoeffding,3,183,183,False,,,21260921
0.899,447,paper_hoeffding,5,188,188,False,,,21260921
0.899,448,paper_hoeffding,7,188,188,False,,,21260921
0.899,449,paper_hoeffding,1,180,180,False,,,21260921
0.899,450,paper_hoeffding,4,183,183,False,,,21260921
0.899,451,paper_hoeffding,3,186,186,False,,,21260921
0.899,452,paper_hoeffding,2,183,183,False,,,21260921
0.899,453,paper_hoeffding,5,186,186,False,,,21260921
0.899,454,paper_hoeffding,0,188,188,False,,,21260921
0.899,455,paper_hoeffding,5,185,185,False,,,21260921
0.899,456,paper_hoeffding,0,181,181,False,,,21260921
0.899,457,paper_hoeffding,5,192,192,False,,,21260921
0.899,458,paper_hoeffding,7,192,192,False,,,21260921
0.899,459,paper_hoeffding,4,186,186,False,,,21260921
0.899,460,paper_hoeffding,4,182,182,False,,,21260921
0.899,461,paper_hoeffding,0,187,187,False,,,21260921
0.899,462,paper_hoeffding,7,186,186,False,,,21260921
0.899,463,paper_hoeffding,3,190,190,False,,,21260921
0.899,464,paper_hoeffding,3,183,183,False,,,21260921
0.899,465,paper_hoeffding,5,183,183,False,,,21260921
0.899,466,paper_hoeffding,4,189,189,False,,,21260921
0.899,467,paper_hoeffding,1,187,187,False,,,21260921
0.899,468,paper_hoeffding,3,182,182,False,,,21260921
0.899,469,paper_hoeffding,2,184,184,False,,,21260921
0.899,470,paper_hoeffding,3,185,185,False,,,21260921
0.899,471,paper_hoeffding,7,187,187,False,,,21260921
0.899,472,paper_hoeffding,0,183,183,False,,,21260921
0.899,473,paper_hoeffding,2,182,182,False,,,21260921
0.899,474,paper_hoeffding,7,190,190,False,,,21260921
0.899,475,paper_hoeffding,2,185,185,False,,,21260921
0.899,476,paper_hoeffding,0,186,186,False,,,21260921
0.899,477,paper_hoeffding,2,183,183,False,,,21260921
0.899,478,paper_hoeffding,0,182,182,False,,,21260921
0.899,479,paper_hoeffding,0,183,183,False,,,21260921
0.899,480,paper_hoeffding,2,187,187,False,,,21260921
0.899,481,paper_hoeffding,3,186,186,False,,,21260921
0.899,482,paper_hoeffding,0,186,186,False,,,21260921
0.899,483,paper_hoeffding,7,186,186,False,,,21260921
0.899,484,paper_hoeffding,6,184,184,False,,,21260921
0.899,485,paper_hoeffding,2,189,189,False,,,21260921
0.899,486,paper_hoeffding,5,186,186,False,,,21260921
0.899,487,paper_hoeffding,1,184,184,False,,,21260921
0.899,488,paper_hoeffding,1,186,186,False,,,21260921
0.899,489,paper_hoeffding,2,185,185,False,,,21260921
0.899,490,paper_hoeffding,0,180,180,False,,,21260921
0.899,491,paper_hoeffding,7,191,191,False,,,21260921
0.899,492,paper_hoeffding,0,187,187,False,,,21260921
0.899,493,paper_hoeffding,5,188,188,False,,,21260921
0.899,494,paper_hoeffding,7,186,186,False,,,21260921
0.899,495,paper_hoeffding,2,186,186,False,,,21260921
0.899,496,paper_hoeffding,7,187,187,False,,,21260921
0.899,497,paper_hoeffding,7,189,189,False,,,21260921
0.899,498,paper_hoeffding,1,182,182,False,,,21260921
0.899,499,paper_hoeffding,2,186,186,False,,,21260921
0.899,500,paper_hoeffding,4,185,185,False,,,21260921
0.899,501,paper_hoeffding,5,188,188,False,,,21260921
0.899,502,paper_hoeffding,5,187,187,False,,,21260921
0.899,503,paper_hoeffding,1,185,185,False,,,21260921
0.899,504,paper_hoeffding,2,181,181,False,,,21260921
0.899,505,paper_hoeffding,6,191,191,False,,,21260921
0.899,506,paper_hoeffding,0,182,182,False,,,21260921
0.899,507,paper_hoeffding,4,187,187,False,,,21260921
0.899,508,paper_hoeffding,6,188,188,False,,,21260921
0.899,509,paper_hoeffding,6,190,190,False,,,21260921
0.899,510,paper_hoeffding,4,187,187,False,,,21260921
0.899,511,paper_hoeffding,4,190,190,False,,,21260921
0.899,512,paper_hoeffding,5,183,183,False,,,21260921
0.899,513,paper_hoeffding,1,186,186,False,,,21260921
0.899,514,paper_hoeffding,1,189,189,False,,,21260921
0.899,515,paper_hoeffding,0,186,186,False,,,21260921
0.899,516,paper_hoeffding,0,182,182,False,,,21260921
0.899,517,paper_hoeffding,1,186,186,False,,,21260921
0.899,518,paper_hoeffding,4,186,186,False,,,21260921
0.899,519,paper_hoeffding,6,184,184,False,,,21260921
0.899,520,paper_hoeffding,3,188,188,False,,,21260921
0.899,521,paper_hoeffding,3,186,186,False,,,21260921
0.899,522,paper_hoeffding,3,187,187,False,,,21260921
0.899,523,paper_hoeffding,0,192,192,False,,,21260921
0.899,524,paper_hoeffding,4,182,182,False,,,21260921
0.899,525,paper_hoeffding,5,181,181,False,,,21260921
0.899,526,paper_hoeffding,3,188,188,False,,,21260921
0.899,527,paper_hoeffding,1,187,187,False,,,21260921
0.899,528,paper_hoeffding,7,186,186,False,,,21260921
0.899,529,paper_hoeffding,3,188,188,False,,,21260921
0.899,530,paper_hoeffding,5,186,186,False,,,21260921
0.899,531,paper_hoeffding,5,185,185,False,,,21260921
0.899,532,paper_hoeffding,1,188,188,False,,,21260921
0.899,533,paper_hoeffding,0,188,188,False,,,21260921
0.899,534,paper_hoeffding,0,190,190,False,,,21260921
0.899,535,paper_hoeffding,1,186,186,False,,,21260921
0.899,536,paper_hoeffding,7,188,188,False,,,21260921
0.899,537,paper_hoeffding,0,185,185,False,,,21260921
0.899,538,paper_hoeffding,7,185,185,False,,,21260921
0.899,539,paper_hoeffding,1,184,184,False,,,21260921
0.899,540,paper_hoeffding,5,184,184,False,,,21260921
0.899,541,paper_hoeffding,3,184,184,False,,,21260921
0.899,542,paper_hoeffding,7,188,188,False,,,21260921
0.899,543,paper_hoeffding,2,182,182,False,,,21260921
0.899,544,paper_hoeffding,1,182,182,False,,,21260921
0.899,545,paper_hoeffding,5,185,185,False,,,21260921
0.899,546,paper_hoeffding,1,187,187,False,,,21260921
0.899,547,paper_hoeffding,1,189,189,False,,,21260921
0.899,548,paper_hoeffding,3,185,185,False,,,21260921
0.899,549,paper_hoeffding,4,185,185,False,,,21260921
0.899,550,paper_hoeffding,7,188,188,False,,,21260921
0.899,551,paper_hoeffding,0,187,187,False,,,21260921
0.899,552,paper_hoeffding,4,185,185,False,,,21260921
0.899,553,paper_hoeffding,2,185,185,False,,,21260921
0.899,554,paper_hoeffding,6,186,186,False,,,21260921
0.899,555,paper_hoeffding,7,187,187,False,,,21260921
0.899,556,paper_hoeffding,4,187,187,False,,,21260921
0.899,557,paper_hoeffding,7,186,186,False,,,21260921
0.899,558,paper_hoeffding,1,185,185,False,,,21260921
0.899,559,paper_hoeffding,1,181,181,False,,,21260921
0.899,560,paper_hoeffding,5,187,187,False,,,21260921
0.899,561,paper_hoeffding,4,184,184,False,,,21260921
0.899,562,paper_hoeffding,2,185,185,False,,,21260921
0.899,563,paper_hoeffding,5,183,183,False,,,21260921
0.899,564,paper_hoeffding,2,186,186,False,,,21260921
0.899,565,paper_hoeffding,1,184,184,False,,,21260921
0.899,566,paper_hoeffding,4,185,185,False,,,21260921
0.899,567,paper_hoeffding,1,186,186,False,,,21260921
0.899,568,paper_hoeffding,2,185,185,False,,,21260921
0.899,569,paper_hoeffding,5,185,185,False,,,21260921
0.899,570,paper_hoeffding,6,184,184,False,,,21260921
0.899,571,paper_hoeffding,3,182,182,False,,,21260921
0.899,572,paper_hoeffding,7,185,185,False,,,21260921
0.899,573,paper_hoeffding,6,186,186,False,,,21260921
0.899,574,paper_hoeffding,5,185,185,False,,,21260921
0.899,575,paper_hoeffding,2,188,188,False,,,21260921
0.899,576,paper_hoeffding,2,186,186,False,,,21260921
0.899,577,paper_hoeffding,4,185,185,False,,,21260921
0.899,578,paper_hoeffding,3,185,185,False,,,21260921
0.899,579,paper_hoeffding,0,187,187,False,,,21260921
0.899,580,paper_hoeffding,6,183,183,False,,,21260921
0.899,581,paper_hoeffding,0,185,185,False,,,21260921
0.899,582,paper_hoeffding,0,182,182,False,,,21260921
0.899,583,paper_hoeffding,7,184,184,False,,,21260921
0.899,584,paper_hoeffding,5,186,186,False,,,21260921
0.899,585,paper_hoeffding,7,187,187,False,,,21260921
0.899,586,paper_hoeffding,0,186,186,False,,,21260921
0.899,587,paper_hoeffding,3,184,184,False,,,21260921
0.899,588,paper_hoeffding,4,184,184,False,,,21260921
0.899,589,paper_hoeffding,0,183,183,False,,,21260921
0.899,590,paper_hoeffding,5,185,185,False,,,21260921
0.899,591,paper_hoeffding,0,186,186,False,,,21260921
0.899,592,paper_hoeffding,5,192,192,False,,,21260921
0.899,593,paper_hoeffding,3,188,188,False,,,21260921
0.899,594,paper_hoeffding,3,183,183,False,,,21260921
0.899,595,paper_hoeffding,1,186,186,False,,,21260921
0.899,596,paper_hoeffding,4,187,187,False,,,21260921
0.899,597,paper_hoeffding,0,189,189,False,,,21260921
0.899,598,paper_hoeffding,2,187,187,False,,,21260921
0.899,599,paper_hoeffding,1,188,188,False,,,21260921
0.899,600,paper_hoeffding,6,184,184,False,,,21260921
0.899,601,paper_hoeffding,4,185,185,False,,,21260921
0.899,602,paper_hoeffding,4,186,186,False,,,21260921
0.899,603,paper_hoeffding,7,186,186,False,,,21260921
0.899,604,paper_hoeffding,2,184,184,False,,,21260921
0.899,605,paper_hoeffding,4,184,184,False,,,21260921
0.899,606,paper_hoeffding,2,187,187,False,,,21260921
0.899,607,paper_hoeffding,5,184,184,False,,,21260921
0.899,608,paper_hoeffding,2,185,185,False,,,21260921
0.899,609,paper_hoeffding,5,186,186,False,,,21260921
0.899,610,paper_hoeffding,7,186,186,False,,,21260921
0.899,611,paper_hoeffding,6,186,186,False,,,21260921
0.899,612,paper_hoeffding,6,185,185,False,,,21260921
0.899,613,paper_hoeffding,3,185,185,False,,,21260921
0.899,614,paper_hoeffding,5,185,185,False,,,21260921
0.899,615,paper_hoeffding,1,182,182,False,,,21260921
0.899,616,paper_hoeffding,2,186,186,False,,,21260921
0.899,617,paper_hoeffding,4,186,186,False,,,21260921
0.899,618,paper_hoeffding,3,187,187,False,,,21260921
0.899,619,paper_hoeffding,6,184,184,False,,,21260921
0.899,620,paper_hoeffding,0,186,186,False,,,21260921
0.899,621,paper_hoeffding,6,182,182,False,,,21260921
0.899,622,paper_hoeffding,3,183,183,False,,,21260921
0.899,623,paper_hoeffding,3,189,189,False,,,21260921
0.899,624,paper_hoeffding,4,187,187,False,,,21260921
0.899,625,paper_hoeffding,2,185,185,False,,,21260921
0.899,626,paper_hoeffding,7,185,185,False,,,21260921
0.899,627,paper_hoeffding,5,187,187,False,,,21260921
0.899,628,paper_hoeffding,4,187,187,False,,,21260921
0.899,629,paper_hoeffding,5,185,185,False,,,21260921
0.899,630,paper_hoeffding,5,186,186,False,,,21260921
0.899,631,paper_hoeffding,4,188,188,False,,,21260921
0.899,632,paper_hoeffding,2,184,184,False,,,21260921
0.899,633,paper_hoeffding,2,184,184,False,,,21260921
0.899,634,paper_hoeffding,2,182,182,False,,,21260921
0.899,635,paper_hoeffding,1,186,186,False,,,21260921
0.899,636,paper_hoeffding,3,186,186,False,,,21260921
0.899,637,paper_hoeffding,4,190,190,False,,,21260921
0.899,638,paper_hoeffding,7,185,185,False,,,21260921
0.899,639,paper_hoeffding,2,188,188,False,,,21260921
0.899,640,paper_hoeffding,7,187,187,False,,,21260921
0.899,641,paper_hoeffding,3,188,188,False,,,21260921
0.899,642,paper_hoeffding,1,186,186,False,,,21260921
0.899,643,paper_hoeffding,2,184,184,False,,,21260921
0.899,644,paper_hoeffding,4,183,183,False,,,21260921
0.899,645,paper_hoeffding,5,183,183,False,,,21260921
0.899,646,paper_hoeffding,2,188,188,False,,,21260921
0.899,647,paper_hoeffding,1,186,186,False,,,21260921
0.899,648,paper_hoeffding,4,186,186,False,,,21260921
0.899,649,paper_hoeffding,3,185,185,False,,,21260921
0.899,650,paper_hoeffding,4,188,188,False,,,21260921
0.899,651,paper_hoeffding,6,187,187,False,,,21260921
0.899,652,paper_hoeffding,2,185,185,False,,,21260921
0.899,653,paper_hoeffding,0,184,184,False,,,21260921
0.899,654,paper_hoeffding,6,182,182,False,,,21260921
0.899,655,paper_hoeffding,3,186,186,False,,,21260921
0.899,656,paper_hoeffding,5,182,182,False,,,21260921
0.899,657,paper_hoeffding,3,184,184,False,,,21260921
0.899,658,paper_hoeffding,3,185,185,False,,,21260921
0.899,659,paper_hoeffding,3,186,186,False,,,21260921
0.899,660,paper_hoeffding,1,185,185,False,,,21260921
0.899,661,paper_hoeffding,3,182,182,False,,,21260921
0.899,662,paper_hoeffding,3,185,185,False,,,21260921
0.899,663,paper_hoeffding,2,180,180,False,,,21260921
0.899,664,paper_hoeffding,3,189,189,False,,,21260921
0.899,665,paper_hoeffding,6,183,183,False,,,21260921
0.899,666,paper_hoeffding,1,184,184,False,,,21260921
0.899,667,paper_hoeffding,6,186,186,False,,,21260921
0.899,668,paper_hoeffding,3,185,185,False,,,21260921
0.899,669,paper_hoeffding,6,187,187,False,,,21260921
0.899,670,paper_hoeffding,2,186,186,False,,,21260921
0.899,671,paper_hoeffding,1,186,186,False,,,21260921
0.899,672,paper_hoeffding,1,185,185,False,,,21260921
0.899,673,paper_hoeffding,3,185,185,False,,,21260921
0.899,674,paper_hoeffding,0,183,183,False,,,21260921
0.899,675,paper_hoeffding,7,187,187,False,,,21260921
0.899,676,paper_hoeffding,1,183,183,False,,,21260921
0.899,677,paper_hoeffding,5,184,184,False,,,21260921
0.899,678,paper_hoeffding,0,181,181,False,,,21260921
0.899,679,paper_hoeffding,0,186,186,False,,,21260921
0.899,680,paper_hoeffding,1,187,187,False,,,21260921
0.899,681,paper_hoeffding,0,180,180,False,,,21260921
0.899,682,paper_hoeffding,1,194,194,False,,,21260921
0.899,683,paper_hoeffding,1,187,187,False,,,21260921
0.899,684,paper_hoeffding,5,187,187,False,,,21260921
0.899,685,paper_hoeffding,0,186,186,False,,,21260921
0.899,686,paper_hoeffding,3,185,185,False,,,21260921
0.899,687,paper_hoeffding,6,187,187,False,,,21260921
0.899,688,paper_hoeffding,7,186,186,False,,,21260921
0.899,689,paper_hoeffding,0,187,187,False,,,21260921
0.899,690,paper_hoeffding,5,187,187,False,,,21260921
0.899,691,paper_hoeffding,1,186,186,False,,,21260921
0.899,692,paper_hoeffding,2,183,183,False,,,21260921
0.899,693,paper_hoeffding,5,185,185,False,,,21260921
0.899,694,paper_hoeffding,1,188,188,False,,,21260921
0.899,695,paper_hoeffding,3,187,187,False,,,21260921
0.899,696,paper_hoeffding,0,183,183,False,,,21260921
0.899,697,paper_hoeffding,4,187,187,False,,,21260921
0.899,698,paper_hoeffding,2,180,180,False,,,21260921
0.899,699,paper_hoeffding,5,190,190,False,,,21260921
0.899,700,paper_hoeffding,5,186,186,False,,,21260921
0.899,701,paper_hoeffding,6,187,187,False,,,21260921
0.899,702,paper_hoeffding,6,186,186,False,,,21260921
0.899,703,paper_hoeffding,1,189,189,False,,,21260921
0.899,704,paper_hoeffding,2,187,187,False,,,21260921
0.899,705,paper_hoeffding,3,186,186,False,,,21260921
0.899,706,paper_hoeffding,5,188,188,False,,,21260921
0.899,707,paper_hoeffding,3,193,193,False,,,21260921
0.899,708,paper_hoeffding,4,182,182,False,,,21260921
0.899,709,paper_hoeffding,0,182,182,False,,,21260921
0.899,710,paper_hoeffding,3,185,185,False,,,21260921
0.899,711,paper_hoeffding,2,187,187,False,,,21260921
0.899,712,paper_hoeffding,3,188,188,False,,,21260921
0.899,713,paper_hoeffding,3,189,189,False,,,21260921
0.899,714,paper_hoeffding,2,188,188,False,,,21260921
0.899,715,paper_hoeffding,0,185,185,False,,,21260921
0.899,716,paper_hoeffding,6,187,187,False,,,21260921
0.899,717,paper_hoeffding,6,186,186,False,,,21260921
0.899,718,paper_hoeffding,0,187,187,False,,,21260921
0.899,719,paper_hoeffding,7,189,189,False,,,21260921
0.899,720,paper_hoeffding,4,187,187,False,,,21260921
0.899,721,paper_hoeffding,3,184,184,False,,,21260921
0.899,722,paper_hoeffding,4,187,187,False,,,21260921
0.899,723,paper_hoeffding,2,191,191,False,,,21260921
0.899,724,paper_hoeffding,1,186,186,False,,,21260921
0.899,725,paper_hoeffding,3,185,185,False,,,21260921
0.899,726,paper_hoeffding,5,183,183,False,,,21260921
0.899,727,paper_hoeffding,1,182,182,False,,,21260921
0.899,728,paper_hoeffding,7,184,184,False,,,21260921
0.899,729,paper_hoeffding,2,185,185,False,,,21260921
0.899,730,paper_hoeffding,5,184,184,False,,,21260921
0.899,731,paper_hoeffding,6,187,187,False,,,21260921
0.899,732,paper_hoeffding,6,184,184,False,,,21260921
0.899,733,paper_hoeffding,3,187,187,False,,,21260921
0.899,734,paper_hoeffding,6,187,187,False,,,21260921
0.899,735,paper_hoeffding,2,186,186,False,,,21260921
0.899,736,paper_hoeffding,0,184,184,False,,,21260921
0.899,737,paper_hoeffding,5,189,189,False,,,21260921
0.899,738,paper_hoeffding,0,185,185,False,,,21260921
0.899,739,paper_hoeffding,6,189,189,False,,,21260921
0.899,740,paper_hoeffding,0,190,190,False,,,21260921
0.899,741,paper_hoeffding,2,187,187,False,,,21260921
0.899,742,paper_hoeffding,7,188,188,False,,,21260921
0.899,743,paper_hoeffding,6,188,188,False,,,21260921
0.899,744,paper_hoeffding,7,181,181,False,,,21260921
0.899,745,paper_hoeffding,2,183,183,False,,,21260921
0.899,746,paper_hoeffding,1,186,186,False,,,21260921
0.899,747,paper_hoeffding,0,185,185,False,,,21260921
0.899,748,paper_hoeffding,0,186,186,False,,,21260921
0.899,749,paper_hoeffding,7,187,187,False,,,21260921
0.899,750,paper_hoeffding,6,185,185,False,,,21260921
0.899,751,paper_hoeffding,6,187,187,False,,,21260921
0.899,752,paper_hoeffding,6,186,186,False,,,21260921
0.899,753,paper_hoeffding,2,187,187,False,,,21260921
0.899,754,paper_hoeffding,3,184,184,False,,,21260921
0.899,755,paper_hoeffding,7,189,189,False,,,21260921
0.899,756,paper_hoeffding,1,184,184,False,,,21260921
0.899,757,paper_hoeffding,7,183,183,False,,,21260921
0.899,758,paper_hoeffding,2,189,189,False,,,21260921
0.899,759,paper_hoeffding,6,190,190,False,,,21260921
0.899,760,paper_hoeffding,4,185,185,False,,,21260921
0.899,761,paper_hoeffding,1,184,184,False,,,21260921
0.899,762,paper_hoeffding,1,186,186,False,,,21260921
0.899,763,paper_hoeffding,3,182,182,False,,,21260921
0.899,764,paper_hoeffding,1,186,186,False,,,21260921
0.899,765,paper_hoeffding,3,187,187,False,,,21260921
0.899,766,paper_hoeffding,1,186,186,False,,,21260921
0.899,767,paper_hoeffding,1,191,191,False,,,21260921
0.899,768,paper_hoeffding,7,186,186,False,,,21260921
0.899,769,paper_hoeffding,6,186,186,False,,,21260921
0.899,770,paper_hoeffding,4,181,181,False,,,21260921
0.899,771,paper_hoeffding,1,189,189,False,,,21260921
0.899,772,paper_hoeffding,2,188,188,False,,,21260921
0.899,773,paper_hoeffding,3,187,187,False,,,21260921
0.899,774,paper_hoeffding,1,188,188,False,,,21260921
0.899,775,paper_hoeffding,3,183,183,False,,,21260921
0.899,776,paper_hoeffding,0,183,183,False,,,21260921
0.899,777,paper_hoeffding,2,187,187,False,,,21260921
0.899,778,paper_hoeffding,4,180,180,False,,,21260921
0.899,779,paper_hoeffding,0,182,182,False,,,21260921
0.899,780,paper_hoeffding,3,183,183,False,,,21260921
0.899,781,paper_hoeffding,5,186,186,False,,,21260921
0.899,782,paper_hoeffding,1,185,185,False,,,21260921
0.899,783,paper_hoeffding,7,188,188,False,,,21260921
0.899,784,paper_hoeffding,6,185,185,False,,,21260921
0.899,785,paper_hoeffding,0,187,187,False,,,21260921
0.899,786,paper_hoeffding,7,190,190,False,,,21260921
0.899,787,paper_hoeffding,3,186,186,False,,,21260921
0.899,788,paper_hoeffding,0,183,183,False,,,21260921
0.899,789,paper_hoeffding,7,184,184,False,,,21260921
0.899,790,paper_hoeffding,5,184,184,False,,,21260921
0.899,791,paper_hoeffding,6,188,188,False,,,21260921
0.899,792,paper_hoeffding,3,184,184,False,,,21260921
0.899,793,paper_hoeffding,2,185,185,False,,,21260921
0.899,794,paper_hoeffding,5,185,185,False,,,21260921
0.899,795,paper_hoeffding,3,186,186,False,,,21260921
0.899,796,paper_hoeffding,2,186,186,False,,,21260921
0.899,797,paper_hoeffding,7,188,188,False,,,21260921
0.899,798,paper_hoeffding,3,183,183,False,,,21260921
0.899,799,paper_hoeffding,7,185,185,False,,,21260921
0.899,800,paper_hoeffding,5,186,186,False,,,21260921
0.899,801,paper_hoeffding,5,186,186,False,,,21260921
0.899,802,paper_hoeffding,4,184,184,False,,,21260921
0.899,803,paper_hoeffding,6,182,182,False,,,21260921
0.899,804,paper_hoeffding,7,183,183,False,,,21260921
0.899,805,paper_hoeffding,0,183,183,False,,,21260921
0.899,806,paper_hoeffding,3,187,187,False,,,21260921
0.899,807,paper_hoeffding,6,190,190,False,,,21260921
0.899,808,paper_hoeffding,0,188,188,False,,,21260921
0.899,809,paper_hoeffding,2,186,186,False,,,21260921
0.899,810,paper_hoeffding,3,188,188,False,,,21260921
0.899,811,paper_hoeffding,5,183,183,False,,,21260921
0.899,812,paper_hoeffding,1,189,189,False,,,21260921
0.899,813,paper_hoeffding,2,186,186,False,,,21260921
0.899,814,paper_hoeffding,7,188,188,False,,,21260921
0.899,815,paper_hoeffding,1,189,189,False,,,21260921
0.899,816,paper_hoeffding,0,186,186,False,,,21260921
0.899,817,paper_hoeffding,3,186,186,False,,,21260921
0.899,818,paper_hoeffding,4,187,187,False,,,21260921
0.899,819,paper_hoeffding,1,188,188,False,,,21260921
0.899,820,paper_hoeffding,7,184,184,False,,,21260921
0.899,821,paper_hoeffding,5,184,184,False,,,21260921
0.899,822,paper_hoeffding,3,189,189,False,,,21260921
0.899,823,paper_hoeffding,1,187,187,False,,,21260921
0.899,824,paper_hoeffding,6,186,186,False,,,21260921
0.899,825,paper_hoeffding,1,185,185,False,,,21260921
0.899,826,paper_hoeffding,0,182,182,False,,,21260921
0.899,827,paper_hoeffding,0,190,190,False,,,21260921
0.899,828,paper_hoeffding,2,182,182,False,,,21260921
0.899,829,paper_hoeffding,6,187,187,False,,,21260921
0.899,830,paper_hoeffding,1,186,186,False,,,21260921
0.899,831,paper_hoeffding,0,189,189,False,,,21260921
0.899,832,paper_hoeffding,0,187,187,False,,,21260921
0.899,833,paper_hoeffding,2,185,185,False,,,21260921
0.899,834,paper_hoeffding,4,186,186,False,,,21260921
0.899,835,paper_hoeffding,0,188,188,False,,,21260921
0.899,836,paper_hoeffding,3,186,186,False,,,21260921
0.899,837,paper_hoeffding,1,185,185,False,,,21260921
0.899,838,paper_hoeffding,6,186,186,False,,,21260921
0.899,839,paper_hoeffding,0,189,189,False,,,21260921
0.899,840,paper_hoeffding,1,190,190,False,,,21260921
0.899,841,paper_hoeffding,5,185,185,False,,,21260921
0.899,842,paper_hoeffding,2,188,188,False,,,21260921
0.899,843,paper_hoeffding,0,189,189,False,,,21260921
0.899,844,paper_hoeffding,7,182,182,False,,,21260921
0.899,845,paper_hoeffding,1,185,185,False,,,21260921
0.899,846,paper_hoeffding,3,184,184,False,,,21260921
0.899,847,paper_hoeffding,2,188,188,False,,,21260921
0.899,848,paper_hoeffding,5,188,188,False,,,21260921
0.899,849,paper_hoeffding,4,186,186,False,,,21260921
0.899,850,paper_hoeffding,0,184,184,False,,,21260921
0.899,851,paper_hoeffding,6,189,189,False,,,21260921
0.899,852,paper_hoeffding,3,189,189,False,,,21260921
0.899,853,paper_hoeffding,7,189,189,False,,,21260921
0.899,854,paper_hoeffding,5,189,189,False,,,21260921
0.899,855,paper_hoeffding,7,186,186,False,,,21260921
0.899,856,paper_hoeffding,1,187,187,False,,,21260921
0.899,857,paper_hoeffding,6,186,186,False,,,21260921
0.899,858,paper_hoeffding,6,184,184,False,,,21260921
0.899,859,paper_hoeffding,0,187,187,False,,,21260921
0.899,860,paper_hoeffding,3,188,188,False,,,21260921
0.899,861,paper_hoeffding,0,183,183,False,,,21260921
0.899,862,paper_hoeffding,7,187,187,False,,,21260921
0.899,863,paper_hoeffding,0,185,185,False,,,21260921
0.899,864,paper_hoeffding,0,187,187,False,,,21260921
0.899,865,paper_hoeffding,3,188,188,False,,,21260921
0.899,866,paper_hoeffding,6,185,185,False,,,21260921
0.899,867,paper_hoeffding,6,188,188,False,,,21260921
0.899,868,paper_hoeffding,2,183,183,False,,,21260921
0.899,869,paper_hoeffding,3,186,186,False,,,21260921
0.899,870,paper_hoeffding,7,186,186,False,,,21260921
0.899,871,paper_hoeffding,4,187,187,False,,,21260921
0.899,872,paper_hoeffding,4,187,187,False,,,21260921
0.899,873,paper_hoeffding,5,188,188,False,,,21260921
0.899,874,paper_hoeffding,2,188,188,False,,,21260921
0.899,875,paper_hoeffding,6,188,188,False,,,21260921
0.899,876,paper_hoeffding,5,184,184,False,,,21260921
0.899,877,paper_hoeffding,1,180,180,False,,,21260921
0.899,878,paper_hoeffding,6,186,186,False,,,21260921
0.899,879,paper_hoeffding,3,184,184,False,,,21260921
0.899,880,paper_hoeffding,7,185,185,False,,,21260921
0.899,881,paper_hoeffding,1,183,183,False,,,21260921
0.899,882,paper_hoeffding,7,183,183,False,,,21260921
0.899,883,paper_hoeffding,6,186,186,False,,,21260921
0.899,884,paper_hoeffding,4,184,184,False,,,21260921
0.899,885,paper_hoeffding,5,186,186,False,,,21260921
0.899,886,paper_hoeffding,4,184,184,False,,,21260921
0.899,887,paper_hoeffding,6,187,187,False,,,21260921
0.899,888,paper_hoeffding,3,186,186,False,,,21260921
0.899,889,paper_hoeffding,4,186,186,False,,,21260921
0.899,890,paper_hoeffding,4,189,189,False,,,21260921
0.899,891,paper_hoeffding,3,192,192,False,,,21260921
0.899,892,paper_hoeffding,6,186,186,False,,,21260921
0.899,893,paper_hoeffding,1,187,187,False,,,21260921
0.899,894,paper_hoeffding,1,183,183,False,,,21260921
0.899,895,paper_hoeffding,4,184,184,False,,,21260921
0.899,896,paper_hoeffding,2,187,187,False,,,21260921
0.899,897,paper_hoeffding,4,190,190,False,,,21260921
0.899,898,paper_hoeffding,3,187,187,False,,,21260921
0.899,899,paper_hoeffding,0,184,184,False,,,21260921
0.899,900,paper_hoeffding,6,188,188,False,,,21260921
0.899,901,paper_hoeffding,0,184,184,False,,,21260921
0.899,902,paper_hoeffding,1,187,187,False,,,21260921
0.899,903,paper_hoeffding,6,184,184,False,,,21260921
0.899,904,paper_hoeffding,2,186,186,False,,,21260921
0.899,905,paper_hoeffding,1,188,188,False,,,21260921
0.899,906,paper_hoeffding,5,191,191,False,,,21260921
0.899,907,paper_hoeffding,6,184,184,False,,,21260921
0.899,908,paper_hoeffding,4,188,188,False,,,21260921
0.899,909,paper_hoeffding,7,186,186,False,,,21260921
0.899,910,paper_hoeffding,0,187,187,False,,,21260921
0.899,911,paper_hoeffding,0,188,188,False,,,21260921
0.899,912,paper_hoeffding,6,186,186,False,,,21260921
0.899,913,paper_hoeffding,5,189,189,False,,,21260921
0.899,914,paper_hoeffding,2,183,183,False,,,21260921
0.899,915,paper_hoeffding,1,185,185,False,,,21260921
0.899,916,paper_hoeffding,3,184,184,False,,,21260921
0.899,917,paper_hoeffding,5,183,183,False,,,21260921
0.899,918,paper_hoeffding,2,182,182,False,,,21260921
0.899,919,paper_hoeffding,6,185,185,False,,,21260921
0.899,920,paper_hoeffding,6,189,189,False,,,21260921
0.899,921,paper_hoeffding,6,182,182,False,,,21260921
0.899,922,paper_hoeffding,7,188,188,False,,,21260921
0.899,923,paper_hoeffding,6,183,183,False,,,21260921
0.899,924,paper_hoeffding,5,183,183,False,,,21260921
0.899,925,paper_hoeffding,5,187,187,False,,,21260921
0.899,926,paper_hoeffding,5,182,182,False,,,21260921
0.899,927,paper_hoeffding,6,181,181,False,,,21260921
0.899,928,paper_hoeffding,6,186,186,False,,,21260921
0.899,929,paper_hoeffding,1,183,183,False,,,21260921
0.899,930,paper_hoeffding,6,184,184,False,,,21260921
0.899,931,paper_hoeffding,2,183,183,False,,,21260921
0.899,932,paper_hoeffding,7,186,186,False,,,21260921
0.899,933,paper_hoeffding,3,183,183,False,,,21260921
0.899,934,paper_hoeffding,5,187,187,False,,,21260921
0.899,935,paper_hoeffding,7,183,183,False,,,21260921
0.899,936,paper_hoeffding,1,186,186,False,,,21260921
0.899,937,paper_hoeffding,3,187,187,False,,,21260921
0.899,938,paper_hoeffding,3,184,184,False,,,21260921
0.899,939,paper_hoeffding,5,189,189,False,,,21260921
0.899,940,paper_hoeffding,1,185,185,False,,,21260921
0.899,941,paper_hoeffding,4,182,182,False,,,21260921
0.899,942,paper_hoeffding,0,182,182,False,,,21260921
0.899,943,paper_hoeffding,2,184,184,False,,,21260921
0.899,944,paper_hoeffding,2,183,183,False,,,21260921
0.899,945,paper_hoeffding,5,186,186,False,,,21260921
0.899,946,paper_hoeffding,5,186,186,False,,,21260921
0.899,947,paper_hoeffding,5,183,183,False,,,21260921
0.899,948,paper_hoeffding,0,189,189,False,,,21260921
0.899,949,paper_hoeffding,0,186,186,False,,,21260921
0.899,950,paper_hoeffding,7,185,185,False,,,21260921
0.899,951,paper_hoeffding,5,186,186,False,,,21260921
0.899,952,paper_hoeffding,7,183,183,False,,,21260921
0.899,953,paper_hoeffding,5,188,188,False,,,21260921
0.899,954,paper_hoeffding,2,182,182,False,,,21260921
0.899,955,paper_hoeffding,2,183,183,False,,,21260921
0.899,956,paper_hoeffding,0,185,185,False,,,21260921
0.899,957,paper_hoeffding,3,186,186,False,,,21260921
0.899,958,paper_hoeffding,0,181,181,False,,,21260921
0.899,959,paper_hoeffding,5,183,183,False,,,21260921
0.899,960,paper_hoeffding,4,190,190,False,,,21260921
0.899,961,paper_hoeffding,2,184,184,False,,,21260921
0.899,962,paper_hoeffding,6,186,186,False,,,21260921
0.899,963,paper_hoeffding,2,181,181,False,,,21260921
0.899,964,paper_hoeffding,1,185,185,False,,,21260921
0.899,965,paper_hoeffding,2,185,185,False,,,21260921
0.899,966,paper_hoeffding,7,185,185,False,,,21260921
0.899,967,paper_hoeffding,3,188,188,False,,,21260921
0.899,968,paper_hoeffding,1,187,187,False,,,21260921
0.899,969,paper_hoeffding,6,183,183,False,,,21260921
0.899,970,paper_hoeffding,5,188,188,False,,,21260921
0.899,971,paper_hoeffding,6,189,189,False,,,21260921
0.899,972,paper_hoeffding,1,183,183,False,,,21260921
0.899,973,paper_hoeffding,3,186,186,False,,,21260921
0.899,974,paper_hoeffding,6,186,186,False,,,21260921
0.899,975,paper_hoeffding,0,186,186,False,,,21260921
0.899,976,paper_hoeffding,3,184,184,False,,,21260921
0.899,977,paper_hoeffding,7,185,185,False,,,21260921
0.899,978,paper_hoeffding,0,186,186,False,,,21260921
0.899,979,paper_hoeffding,3,184,184,False,,,21260921
0.899,980,paper_hoeffding,6,187,187,False,,,21260921
0.899,981,paper_hoeffding,1,186,186,False,,,21260921
0.899,982,paper_hoeffding,5,184,184,False,,,21260921
0.899,983,paper_hoeffding,0,185,185,False,,,21260921
0.899,984,paper_hoeffding,0,187,187,False,,,21260921
0.899,985,paper_hoeffding,7,184,184,False,,,21260921
0.899,986,paper_hoeffding,2,187,187,False,,,21260921
0.899,987,paper_hoeffding,6,187,187,False,,,21260921
0.899,988,paper_hoeffding,6,187,187,False,,,21260921
0.899,989,paper_hoeffding,7,188,188,False,,,21260921
0.899,990,paper_hoeffding,0,186,186,False,,,21260921
0.899,991,paper_hoeffding,1,183,183,False,,,21260921
0.899,992,paper_hoeffding,3,188,188,False,,,21260921
0.899,993,paper_hoeffding,4,184,184,False,,,21260921
0.899,994,paper_hoeffding,0,186,186,False,,,21260921
0.899,995,paper_hoeffding,7,182,182,False,,,21260921
0.899,996,paper_hoeffding,4,187,187,False,,,21260921
0.899,997,paper_hoeffding,0,188,188,False,,,21260921
0.899,998,paper_hoeffding,3,188,188,False,,,21260921
0.899,999,paper_hoeffding,6,186,186,False,,,21260921
0.98,0,direct,5,199,199,True,0,603,22260921
0.98,1,direct,0,198,198,True,0,603,22260921
0.98,2,direct,2,199,199,True,0,603,22260921
0.98,3,direct,4,198,198,True,0,603,22260921
0.98,4,direct,2,198,198,True,0,603,22260921
0.98,5,direct,1,196,196,True,0,603,22260921
0.98,6,direct,5,197,197,True,0,603,22260921
0.98,7,direct,0,199,199,True,0,603,22260921
0.98,8,direct,7,199,199,True,0,603,22260921
0.98,9,direct,5,200,200,True,0,603,22260921
0.98,10,direct,2,199,199,True,0,603,22260921
0.98,11,direct,6,200,200,True,0,603,22260921
0.98,12,direct,1,198,198,True,0,603,22260921
0.98,13,direct,5,199,199,True,0,603,22260921
0.98,14,direct,1,199,199,True,0,603,22260921
0.98,15,direct,0,198,198,True,0,603,22260921
0.98,16,direct,3,199,199,True,0,603,22260921
0.98,17,direct,5,199,199,True,0,603,22260921
0.98,18,direct,1,200,200,True,0,603,22260921
0.98,19,direct,3,197,197,True,0,603,22260921
0.98,20,direct,2,199,199,True,0,603,22260921
0.98,21,direct,4,199,199,True,0,603,22260921
0.98,22,direct,3,198,198,True,0,603,22260921
0.98,23,direct,1,199,199,True,0,603,22260921
0.98,24,direct,1,200,200,True,0,603,22260921
0.98,25,direct,3,200,200,True,0,603,22260921
0.98,26,direct,1,200,200,True,0,603,22260921
0.98,27,direct,2,198,198,True,0,603,22260921
0.98,28,direct,3,198,198,True,0,603,22260921
0.98,29,direct,1,199,199,True,0,603,22260921
0.98,30,direct,4,198,198,True,0,603,22260921
0.98,31,direct,0,199,199,True,0,603,22260921
0.98,32,direct,6,200,200,True,0,603,22260921
0.98,33,direct,1,197,197,True,0,603,22260921
0.98,34,direct,3,199,199,True,0,603,22260921
0.98,35,direct,1,199,199,True,0,603,22260921
0.98,36,direct,2,198,198,True,0,603,22260921
0.98,37,direct,0,198,198,True,0,603,22260921
0.98,38,direct,0,199,199,True,0,603,22260921
0.98,39,direct,7,199,199,True,0,603,22260921
0.98,40,direct,2,199,199,True,0,603,22260921
0.98,41,direct,1,196,196,True,0,603,22260921
0.98,42,direct,5,198,198,True,0,603,22260921
0.98,43,direct,7,199,199,True,0,603,22260921
0.98,44,direct,3,199,199,True,0,603,22260921
0.98,45,direct,6,199,199,True,0,603,22260921
0.98,46,direct,0,198,198,True,0,603,22260921
0.98,47,direct,3,199,199,True,0,603,22260921
0.98,48,direct,3,198,198,True,0,603,22260921
0.98,49,direct,3,199,199,True,0,603,22260921
0.98,50,direct,5,199,199,True,0,603,22260921
0.98,51,direct,4,198,198,True,0,603,22260921
0.98,52,direct,2,199,199,True,0,603,22260921
0.98,53,direct,0,197,197,True,0,603,22260921
0.98,54,direct,1,197,197,True,0,603,22260921
0.98,55,direct,2,200,200,True,0,603,22260921
0.98,56,direct,1,198,198,True,0,603,22260921
0.98,57,direct,0,199,199,True,0,603,22260921
0.98,58,direct,5,198,198,True,0,603,22260921
0.98,59,direct,6,199,199,True,0,603,22260921
0.98,60,direct,0,199,199,True,0,603,22260921
0.98,61,direct,0,199,199,True,0,603,22260921
0.98,62,direct,3,200,200,True,0,603,22260921
0.98,63,direct,5,200,200,True,0,603,22260921
0.98,64,direct,3,198,198,True,0,603,22260921
0.98,65,direct,7,200,200,True,0,603,22260921
0.98,66,direct,6,197,197,True,0,603,22260921
0.98,67,direct,3,199,199,True,0,603,22260921
0.98,68,direct,0,199,199,True,0,603,22260921
0.98,69,direct,5,199,199,True,0,603,22260921
0.98,70,direct,3,199,199,True,0,603,22260921
0.98,71,direct,5,200,200,True,0,603,22260921
0.98,72,direct,2,199,199,True,0,603,22260921
0.98,73,direct,0,199,199,True,0,603,22260921
0.98,74,direct,0,200,200,True,0,603,22260921
0.98,75,direct,2,198,198,True,0,603,22260921
0.98,76,direct,2,198,198,True,0,603,22260921
0.98,77,direct,7,199,199,True,0,603,22260921
0.98,78,direct,2,198,198,True,0,603,22260921
0.98,79,direct,1,198,198,True,0,603,22260921
0.98,80,direct,5,200,200,True,0,603,22260921
0.98,81,direct,6,198,198,True,0,603,22260921
0.98,82,direct,7,199,199,True,0,603,22260921
0.98,83,direct,3,199,199,True,0,603,22260921
0.98,84,direct,4,199,199,True,0,603,22260921
0.98,85,direct,1,199,199,True,0,603,22260921
0.98,86,direct,0,199,199,True,0,603,22260921
0.98,87,direct,2,199,199,True,0,603,22260921
0.98,88,direct,3,200,200,True,0,603,22260921
0.98,89,direct,7,198,198,True,0,603,22260921
0.98,90,direct,0,199,199,True,0,603,22260921
0.98,91,direct,5,198,198,True,0,603,22260921
0.98,92,direct,5,199,199,True,0,603,22260921
0.98,93,direct,4,198,198,True,0,603,22260921
0.98,94,direct,7,199,199,True,0,603,22260921
0.98,95,direct,6,199,199,True,0,603,22260921
0.98,96,direct,4,197,197,True,0,603,22260921
0.98,97,direct,3,199,199,True,0,603,22260921
0.98,98,direct,7,199,199,True,0,603,22260921
0.98,99,direct,3,199,199,True,0,603,22260921
0.98,100,direct,2,197,197,True,0,603,22260921
0.98,101,direct,6,198,198,True,0,603,22260921
0.98,102,direct,1,199,199,True,0,603,22260921
0.98,103,direct,1,198,198,True,0,603,22260921
0.98,104,direct,7,199,199,True,0,603,22260921
0.98,105,direct,0,197,197,True,0,603,22260921
0.98,106,direct,0,200,200,True,0,603,22260921
0.98,107,direct,7,198,198,True,0,603,22260921
0.98,108,direct,3,199,199,True,0,603,22260921
0.98,109,direct,1,198,198,True,0,603,22260921
0.98,110,direct,5,199,199,True,0,603,22260921
0.98,111,direct,1,198,198,True,0,603,22260921
0.98,112,direct,6,199,199,True,0,603,22260921
0.98,113,direct,7,199,199,True,0,603,22260921
0.98,114,direct,5,198,198,True,0,603,22260921
0.98,115,direct,3,197,197,True,0,603,22260921
0.98,116,direct,3,198,198,True,0,603,22260921
0.98,117,direct,3,198,198,True,0,603,22260921
0.98,118,direct,4,200,200,True,0,603,22260921
0.98,119,direct,5,199,199,True,0,603,22260921
0.98,120,direct,2,199,199,True,0,603,22260921
0.98,121,direct,3,200,200,True,0,603,22260921
0.98,122,direct,1,198,198,True,0,603,22260921
0.98,123,direct,0,198,198,True,0,603,22260921
0.98,124,direct,1,197,197,True,0,603,22260921
0.98,125,direct,1,198,198,True,0,603,22260921
0.98,126,direct,0,198,198,True,0,603,22260921
0.98,127,direct,0,200,200,True,0,603,22260921
0.98,128,direct,1,197,197,True,0,603,22260921
0.98,129,direct,5,199,199,True,0,603,22260921
0.98,130,direct,0,200,200,True,0,603,22260921
0.98,131,direct,0,198,198,True,0,603,22260921
0.98,132,direct,2,199,199,True,0,603,22260921
0.98,133,direct,5,200,200,True,0,603,22260921
0.98,134,direct,1,199,199,True,0,603,22260921
0.98,135,direct,1,198,198,True,0,603,22260921
0.98,136,direct,2,198,198,True,0,603,22260921
0.98,137,direct,3,199,199,True,0,603,22260921
0.98,138,direct,5,198,198,True,0,603,22260921
0.98,139,direct,2,197,197,True,0,603,22260921
0.98,140,direct,3,198,198,True,0,603,22260921
0.98,141,direct,7,197,197,True,0,603,22260921
0.98,142,direct,2,197,197,True,0,603,22260921
0.98,143,direct,2,198,198,True,0,603,22260921
0.98,144,direct,6,199,199,True,0,603,22260921
0.98,145,direct,0,198,198,True,0,603,22260921
0.98,146,direct,1,198,198,True,0,603,22260921
0.98,147,direct,3,197,197,True,0,603,22260921
0.98,148,direct,1,200,200,True,0,603,22260921
0.98,149,direct,7,198,198,True,0,603,22260921
0.98,150,direct,5,200,200,True,0,603,22260921
0.98,151,direct,1,198,198,True,0,603,22260921
0.98,152,direct,2,198,198,True,0,603,22260921
0.98,153,direct,1,198,198,True,0,603,22260921
0.98,154,direct,6,198,198,True,0,603,22260921
0.98,155,direct,1,199,199,True,0,603,22260921
0.98,156,direct,0,199,199,True,0,603,22260921
0.98,157,direct,6,198,198,True,0,603,22260921
0.98,158,direct,3,198,198,True,0,603,22260921
0.98,159,direct,6,198,198,True,0,603,22260921
0.98,160,direct,0,199,199,True,0,603,22260921
0.98,161,direct,2,199,199,True,0,603,22260921
0.98,162,direct,7,200,200,True,0,603,22260921
0.98,163,direct,3,198,198,True,0,603,22260921
0.98,164,direct,3,199,199,True,0,603,22260921
0.98,165,direct,3,197,197,True,0,603,22260921
0.98,166,direct,1,196,196,True,0,603,22260921
0.98,167,direct,6,199,199,True,0,603,22260921
0.98,168,direct,1,200,200,True,0,603,22260921
0.98,169,direct,7,199,199,True,0,603,22260921
0.98,170,direct,7,198,198,True,0,603,22260921
0.98,171,direct,7,199,199,True,0,603,22260921
0.98,172,direct,6,198,198,True,0,603,22260921
0.98,173,direct,5,199,199,True,0,603,22260921
0.98,174,direct,4,198,198,True,0,603,22260921
0.98,175,direct,0,199,199,True,0,603,22260921
0.98,176,direct,5,198,198,True,0,603,22260921
0.98,177,direct,3,199,199,True,0,603,22260921
0.98,178,direct,6,197,197,True,0,603,22260921
0.98,179,direct,2,198,198,True,0,603,22260921
0.98,180,direct,4,198,198,True,0,603,22260921
0.98,181,direct,6,199,199,True,0,603,22260921
0.98,182,direct,7,199,199,True,0,603,22260921
0.98,183,direct,4,199,199,True,0,603,22260921
0.98,184,direct,5,199,199,True,0,603,22260921
0.98,185,direct,0,197,197,True,0,603,22260921
0.98,186,direct,7,199,199,True,0,603,22260921
0.98,187,direct,4,199,199,True,0,603,22260921
0.98,188,direct,4,198,198,True,0,603,22260921
0.98,189,direct,1,197,197,True,0,603,22260921
0.98,190,direct,4,199,199,True,0,603,22260921
0.98,191,direct,2,200,200,True,0,603,22260921
0.98,192,direct,0,198,198,True,0,603,22260921
0.98,193,direct,6,200,200,True,0,603,22260921
0.98,194,direct,7,200,200,True,0,603,22260921
0.98,195,direct,1,200,200,True,0,603,22260921
0.98,196,direct,5,199,199,True,0,603,22260921
0.98,197,direct,3,198,198,True,0,603,22260921
0.98,198,direct,5,199,199,True,0,603,22260921
0.98,199,direct,5,198,198,True,0,603,22260921
0.98,200,direct,2,198,198,True,0,603,22260921
0.98,201,direct,2,198,198,True,0,603,22260921
0.98,202,direct,2,200,200,True,0,603,22260921
0.98,203,direct,7,199,199,True,0,603,22260921
0.98,204,direct,2,199,199,True,0,603,22260921
0.98,205,direct,0,198,198,True,0,603,22260921
0.98,206,direct,0,199,199,True,0,603,22260921
0.98,207,direct,3,199,199,True,0,603,22260921
0.98,208,direct,7,199,199,True,0,603,22260921
0.98,209,direct,1,198,198,True,0,603,22260921
0.98,210,direct,0,200,200,True,0,603,22260921
0.98,211,direct,2,198,198,True,0,603,22260921
0.98,212,direct,7,198,198,True,0,603,22260921
0.98,213,direct,0,197,197,True,0,603,22260921
0.98,214,direct,4,197,197,True,0,603,22260921
0.98,215,direct,4,199,199,True,0,603,22260921
0.98,216,direct,2,199,199,True,0,603,22260921
0.98,217,direct,1,198,198,True,0,603,22260921
0.98,218,direct,4,198,198,True,0,603,22260921
0.98,219,direct,1,198,198,True,0,603,22260921
0.98,220,direct,0,197,197,True,0,603,22260921
0.98,221,direct,0,199,199,True,0,603,22260921
0.98,222,direct,3,199,199,True,0,603,22260921
0.98,223,direct,5,197,197,True,0,603,22260921
0.98,224,direct,1,200,200,True,0,603,22260921
0.98,225,direct,3,199,199,True,0,603,22260921
0.98,226,direct,2,198,198,True,0,603,22260921
0.98,227,direct,1,200,200,True,0,603,22260921
0.98,228,direct,4,200,200,True,0,603,22260921
0.98,229,direct,1,199,199,True,0,603,22260921
0.98,230,direct,2,199,199,True,0,603,22260921
0.98,231,direct,1,199,199,True,0,603,22260921
0.98,232,direct,6,199,199,True,0,603,22260921
0.98,233,direct,3,200,200,True,0,603,22260921
0.98,234,direct,0,197,197,True,0,603,22260921
0.98,235,direct,7,199,199,True,0,603,22260921
0.98,236,direct,3,199,199,True,0,603,22260921
0.98,237,direct,1,200,200,True,0,603,22260921
0.98,238,direct,0,198,198,True,0,603,22260921
0.98,239,direct,7,199,199,True,0,603,22260921
0.98,240,direct,0,199,199,True,0,603,22260921
0.98,241,direct,0,200,200,True,0,603,22260921
0.98,242,direct,1,198,198,True,0,603,22260921
0.98,243,direct,0,199,199,True,0,603,22260921
0.98,244,direct,6,199,199,True,0,603,22260921
0.98,245,direct,1,198,198,True,0,603,22260921
0.98,246,direct,2,197,197,True,0,603,22260921
0.98,247,direct,6,198,198,True,0,603,22260921
0.98,248,direct,4,199,199,True,0,603,22260921
0.98,249,direct,0,198,198,True,0,603,22260921
0.98,250,direct,5,199,199,True,0,603,22260921
0.98,251,direct,3,197,197,True,0,603,22260921
0.98,252,direct,1,197,197,True,0,603,22260921
0.98,253,direct,0,198,198,True,0,603,22260921
0.98,254,direct,5,199,199,True,0,603,22260921
0.98,255,direct,3,198,198,True,0,603,22260921
0.98,256,direct,1,198,198,True,0,603,22260921
0.98,257,direct,6,198,198,True,0,603,22260921
0.98,258,direct,4,199,199,True,0,603,22260921
0.98,259,direct,4,199,199,True,0,603,22260921
0.98,260,direct,6,200,200,True,0,603,22260921
0.98,261,direct,4,199,199,True,0,603,22260921
0.98,262,direct,2,199,199,True,0,603,22260921
0.98,263,direct,5,199,199,True,0,603,22260921
0.98,264,direct,1,199,199,True,0,603,22260921
0.98,265,direct,6,199,199,True,0,603,22260921
0.98,266,direct,0,198,198,True,0,603,22260921
0.98,267,direct,5,200,200,True,0,603,22260921
0.98,268,direct,1,199,199,True,0,603,22260921
0.98,269,direct,3,198,198,True,0,603,22260921
0.98,270,direct,1,198,198,True,0,603,22260921
0.98,271,direct,5,199,199,True,0,603,22260921
0.98,272,direct,0,198,198,True,0,603,22260921
0.98,273,direct,6,199,199,True,0,603,22260921
0.98,274,direct,0,197,197,True,0,603,22260921
0.98,275,direct,0,197,197,True,0,603,22260921
0.98,276,direct,1,197,197,True,0,603,22260921
0.98,277,direct,2,198,198,True,0,603,22260921
0.98,278,direct,0,198,198,True,0,603,22260921
0.98,279,direct,2,198,198,True,0,603,22260921
0.98,280,direct,4,199,199,True,0,603,22260921
0.98,281,direct,3,197,197,True,0,603,22260921
0.98,282,direct,4,197,197,True,0,603,22260921
0.98,283,direct,0,198,198,True,0,603,22260921
0.98,284,direct,6,199,199,True,0,603,22260921
0.98,285,direct,4,199,199,True,0,603,22260921
0.98,286,direct,4,198,198,True,0,603,22260921
0.98,287,direct,1,197,197,True,0,603,22260921
0.98,288,direct,4,199,199,True,0,603,22260921
0.98,289,direct,4,198,198,True,0,603,22260921
0.98,290,direct,5,198,198,True,0,603,22260921
0.98,291,direct,4,198,198,True,0,603,22260921
0.98,292,direct,5,199,199,True,0,603,22260921
0.98,293,direct,6,198,198,True,0,603,22260921
0.98,294,direct,1,199,199,True,0,603,22260921
0.98,295,direct,7,199,199,True,0,603,22260921
0.98,296,direct,6,199,199,True,0,603,22260921
0.98,297,direct,2,199,199,True,0,603,22260921
0.98,298,direct,0,197,197,True,0,603,22260921
0.98,299,direct,5,199,199,True,0,603,22260921
0.98,300,direct,1,199,199,True,0,603,22260921
0.98,301,direct,1,199,199,True,0,603,22260921
0.98,302,direct,0,196,196,True,0,603,22260921
0.98,303,direct,0,198,198,True,0,603,22260921
0.98,304,direct,0,200,200,True,0,603,22260921
0.98,305,direct,5,199,199,True,0,603,22260921
0.98,306,direct,0,197,197,True,0,603,22260921
0.98,307,direct,2,200,200,True,0,603,22260921
0.98,308,direct,3,198,198,True,0,603,22260921
0.98,309,direct,0,199,199,True,0,603,22260921
0.98,310,direct,6,200,200,True,0,603,22260921
0.98,311,direct,2,198,198,True,0,603,22260921
0.98,312,direct,5,199,199,True,0,603,22260921
0.98,313,direct,4,198,198,True,0,603,22260921
0.98,314,direct,5,198,198,True,0,603,22260921
0.98,315,direct,4,199,199,True,0,603,22260921
0.98,316,direct,3,199,199,True,0,603,22260921
0.98,317,direct,5,198,198,True,0,603,22260921
0.98,318,direct,2,197,197,True,0,603,22260921
0.98,319,direct,1,197,197,True,0,603,22260921
0.98,320,direct,1,198,198,True,0,603,22260921
0.98,321,direct,4,198,198,True,0,603,22260921
0.98,322,direct,0,199,199,True,0,603,22260921
0.98,323,direct,5,199,199,True,0,603,22260921
0.98,324,direct,6,199,199,True,0,603,22260921
0.98,325,direct,1,199,199,True,0,603,22260921
0.98,326,direct,4,199,199,True,0,603,22260921
0.98,327,direct,4,199,199,True,0,603,22260921
0.98,328,direct,0,197,197,True,0,603,22260921
0.98,329,direct,6,199,199,True,0,603,22260921
0.98,330,direct,6,198,198,True,0,603,22260921
0.98,331,direct,6,199,199,True,0,603,22260921
0.98,332,direct,4,198,198,True,0,603,22260921
0.98,333,direct,4,199,199,True,0,603,22260921
0.98,334,direct,6,199,199,True,0,603,22260921
0.98,335,direct,0,197,197,True,0,603,22260921
0.98,336,direct,6,198,198,True,0,603,22260921
0.98,337,direct,1,198,198,True,0,603,22260921
0.98,338,direct,4,199,199,True,0,603,22260921
0.98,339,direct,3,200,200,True,0,603,22260921
0.98,340,direct,1,198,198,True,0,603,22260921
0.98,341,direct,0,200,200,True,0,603,22260921
0.98,342,direct,0,199,199,True,0,603,22260921
0.98,343,direct,1,198,198,True,0,603,22260921
0.98,344,direct,4,199,199,True,0,603,22260921
0.98,345,direct,4,198,198,True,0,603,22260921
0.98,346,direct,4,198,198,True,0,603,22260921
0.98,347,direct,4,199,199,True,0,603,22260921
0.98,348,direct,3,198,198,True,0,603,22260921
0.98,349,direct,6,199,199,True,0,603,22260921
0.98,350,direct,4,200,200,True,0,603,22260921
0.98,351,direct,2,199,199,True,0,603,22260921
0.98,352,direct,0,197,197,True,0,603,22260921
0.98,353,direct,1,199,199,True,0,603,22260921
0.98,354,direct,1,199,199,True,0,603,22260921
0.98,355,direct,2,198,198,True,0,603,22260921
0.98,356,direct,0,197,197,True,0,603,22260921
0.98,357,direct,2,198,198,True,0,603,22260921
0.98,358,direct,3,198,198,True,0,603,22260921
0.98,359,direct,3,199,199,True,0,603,22260921
0.98,360,direct,0,197,197,True,0,603,22260921
0.98,361,direct,1,198,198,True,0,603,22260921
0.98,362,direct,6,199,199,True,0,603,22260921
0.98,363,direct,3,199,199,True,0,603,22260921
0.98,364,direct,3,199,199,True,0,603,22260921
0.98,365,direct,0,199,199,True,0,603,22260921
0.98,366,direct,0,196,196,True,0,603,22260921
0.98,367,direct,4,198,198,True,0,603,22260921
0.98,368,direct,2,198,198,True,0,603,22260921
0.98,369,direct,4,199,199,True,0,603,22260921
0.98,370,direct,7,199,199,True,0,603,22260921
0.98,371,direct,4,200,200,True,0,603,22260921
0.98,372,direct,0,199,199,True,0,603,22260921
0.98,373,direct,4,200,200,True,0,603,22260921
0.98,374,direct,3,198,198,True,0,603,22260921
0.98,375,direct,2,198,198,True,0,603,22260921
0.98,376,direct,0,199,199,True,0,603,22260921
0.98,377,direct,5,199,199,True,0,603,22260921
0.98,378,direct,0,198,198,True,0,603,22260921
0.98,379,direct,0,198,198,True,0,603,22260921
0.98,380,direct,7,200,200,True,0,603,22260921
0.98,381,direct,6,200,200,True,0,603,22260921
0.98,382,direct,0,198,198,True,0,603,22260921
0.98,383,direct,5,198,198,True,0,603,22260921
0.98,384,direct,6,198,198,True,0,603,22260921
0.98,385,direct,4,198,198,True,0,603,22260921
0.98,386,direct,7,198,198,True,0,603,22260921
0.98,387,direct,5,200,200,True,0,603,22260921
0.98,388,direct,0,199,199,True,0,603,22260921
0.98,389,direct,2,197,197,True,0,603,22260921
0.98,390,direct,4,198,198,True,0,603,22260921
0.98,391,direct,7,197,197,True,0,603,22260921
0.98,392,direct,1,199,199,True,0,603,22260921
0.98,393,direct,3,198,198,True,0,603,22260921
0.98,394,direct,3,198,198,True,0,603,22260921
0.98,395,direct,2,199,199,True,0,603,22260921
0.98,396,direct,2,197,197,True,0,603,22260921
0.98,397,direct,0,196,196,True,0,603,22260921
0.98,398,direct,5,198,198,True,0,603,22260921
0.98,399,direct,4,197,197,True,0,603,22260921
0.98,400,direct,4,198,198,True,0,603,22260921
0.98,401,direct,0,198,198,True,0,603,22260921
0.98,402,direct,3,200,200,True,0,603,22260921
0.98,403,direct,3,199,199,True,0,603,22260921
0.98,404,direct,3,198,198,True,0,603,22260921
0.98,405,direct,2,200,200,True,0,603,22260921
0.98,406,direct,1,198,198,True,0,603,22260921
0.98,407,direct,1,198,198,True,0,603,22260921
0.98,408,direct,3,198,198,True,0,603,22260921
0.98,409,direct,7,199,199,True,0,603,22260921
0.98,410,direct,1,198,198,True,0,603,22260921
0.98,411,direct,0,197,197,True,0,603,22260921
0.98,412,direct,7,199,199,True,0,603,22260921
0.98,413,direct,3,198,198,True,0,603,22260921
0.98,414,direct,1,198,198,True,0,603,22260921
0.98,415,direct,6,199,199,True,0,603,22260921
0.98,416,direct,2,197,197,True,0,603,22260921
0.98,417,direct,0,197,197,True,0,603,22260921
0.98,418,direct,3,198,198,True,0,603,22260921
0.98,419,direct,0,198,198,True,0,603,22260921
0.98,420,direct,3,200,200,True,0,603,22260921
0.98,421,direct,2,200,200,True,0,603,22260921
0.98,422,direct,4,199,199,True,0,603,22260921
0.98,423,direct,1,199,199,True,0,603,22260921
0.98,424,direct,3,200,200,True,0,603,22260921
0.98,425,direct,4,198,198,True,0,603,22260921
0.98,426,direct,1,198,198,True,0,603,22260921
0.98,427,direct,1,200,200,True,0,603,22260921
0.98,428,direct,0,198,198,True,0,603,22260921
0.98,429,direct,0,200,200,True,0,603,22260921
0.98,430,direct,3,199,199,True,0,603,22260921
0.98,431,direct,0,198,198,True,0,603,22260921
0.98,432,direct,4,198,198,True,0,603,22260921
0.98,433,direct,5,200,200,True,0,603,22260921
0.98,434,direct,3,199,199,True,0,603,22260921
0.98,435,direct,5,199,199,True,0,603,22260921
0.98,436,direct,3,196,196,True,0,603,22260921
0.98,437,direct,6,198,198,True,0,603,22260921
0.98,438,direct,1,200,200,True,0,603,22260921
0.98,439,direct,1,199,199,True,0,603,22260921
0.98,440,direct,5,198,198,True,0,603,22260921
0.98,441,direct,6,199,199,True,0,603,22260921
0.98,442,direct,5,200,200,True,0,603,22260921
0.98,443,direct,1,198,198,True,0,603,22260921
0.98,444,direct,2,199,199,True,0,603,22260921
0.98,445,direct,2,200,200,True,0,603,22260921
0.98,446,direct,0,199,199,True,0,603,22260921
0.98,447,direct,2,198,198,True,0,603,22260921
0.98,448,direct,2,198,198,True,0,603,22260921
0.98,449,direct,6,199,199,True,0,603,22260921
0.98,450,direct,2,199,199,True,0,603,22260921
0.98,451,direct,0,198,198,True,0,603,22260921
0.98,452,direct,3,197,197,True,0,603,22260921
0.98,453,direct,6,198,198,True,0,603,22260921
0.98,454,direct,1,198,198,True,0,603,22260921
0.98,455,direct,0,195,195,True,0,603,22260921
0.98,456,direct,1,199,199,True,0,603,22260921
0.98,457,direct,1,198,198,True,0,603,22260921
0.98,458,direct,5,199,199,True,0,603,22260921
0.98,459,direct,0,199,199,True,0,603,22260921
0.98,460,direct,6,199,199,True,0,603,22260921
0.98,461,direct,0,199,199,True,0,603,22260921
0.98,462,direct,0,199,199,True,0,603,22260921
0.98,463,direct,1,199,199,True,0,603,22260921
0.98,464,direct,5,198,198,True,0,603,22260921
0.98,465,direct,1,199,199,True,0,603,22260921
0.98,466,direct,2,196,196,True,0,603,22260921
0.98,467,direct,1,200,200,True,0,603,22260921
0.98,468,direct,0,198,198,True,0,603,22260921
0.98,469,direct,7,198,198,True,0,603,22260921
0.98,470,direct,2,198,198,True,0,603,22260921
0.98,471,direct,2,199,199,True,0,603,22260921
0.98,472,direct,2,200,200,True,0,603,22260921
0.98,473,direct,0,199,199,True,0,603,22260921
0.98,474,direct,2,199,199,True,0,603,22260921
0.98,475,direct,4,199,199,True,0,603,22260921
0.98,476,direct,6,199,199,True,0,603,22260921
0.98,477,direct,7,198,198,True,0,603,22260921
0.98,478,direct,6,199,199,True,0,603,22260921
0.98,479,direct,4,198,198,True,0,603,22260921
0.98,480,direct,5,200,200,True,0,603,22260921
0.98,481,direct,5,197,197,True,0,603,22260921
0.98,482,direct,5,198,198,True,0,603,22260921
0.98,483,direct,3,199,199,True,0,603,22260921
0.98,484,direct,3,200,200,True,0,603,22260921
0.98,485,direct,7,199,199,True,0,603,22260921
0.98,486,direct,0,197,197,True,0,603,22260921
0.98,487,direct,1,200,200,True,0,603,22260921
0.98,488,direct,1,198,198,True,0,603,22260921
0.98,489,direct,3,199,199,True,0,603,22260921
0.98,490,direct,0,199,199,True,0,603,22260921
0.98,491,direct,1,197,197,True,0,603,22260921
0.98,492,direct,6,199,199,True,0,603,22260921
0.98,493,direct,5,199,199,True,0,603,22260921
0.98,494,direct,0,199,199,True,0,603,22260921
0.98,495,direct,4,199,199,True,0,603,22260921
0.98,496,direct,4,198,198,True,0,603,22260921
0.98,497,direct,7,198,198,True,0,603,22260921
0.98,498,direct,6,199,199,True,0,603,22260921
0.98,499,direct,0,198,198,True,0,603,22260921
0.98,500,direct,4,198,198,True,0,603,22260921
0.98,501,direct,7,199,199,True,0,603,22260921
0.98,502,direct,7,199,199,True,0,603,22260921
0.98,503,direct,0,200,200,True,0,603,22260921
0.98,504,direct,1,198,198,True,0,603,22260921
0.98,505,direct,0,200,200,True,0,603,22260921
0.98,506,direct,0,197,197,True,0,603,22260921
0.98,507,direct,6,199,199,True,0,603,22260921
0.98,508,direct,7,199,199,True,0,603,22260921
0.98,509,direct,2,199,199,True,0,603,22260921
0.98,510,direct,4,199,199,True,0,603,22260921
0.98,511,direct,6,198,198,True,0,603,22260921
0.98,512,direct,7,199,199,True,0,603,22260921
0.98,513,direct,1,197,197,True,0,603,22260921
0.98,514,direct,0,198,198,True,0,603,22260921
0.98,515,direct,7,199,199,True,0,603,22260921
0.98,516,direct,4,198,198,True,0,603,22260921
0.98,517,direct,1,199,199,True,0,603,22260921
0.98,518,direct,0,200,200,True,0,603,22260921
0.98,519,direct,6,198,198,True,0,603,22260921
0.98,520,direct,5,199,199,True,0,603,22260921
0.98,521,direct,0,199,199,True,0,603,22260921
0.98,522,direct,1,200,200,True,0,603,22260921
0.98,523,direct,0,197,197,True,0,603,22260921
0.98,524,direct,4,198,198,True,0,603,22260921
0.98,525,direct,3,199,199,True,0,603,22260921
0.98,526,direct,1,198,198,True,0,603,22260921
0.98,527,direct,0,199,199,True,0,603,22260921
0.98,528,direct,6,199,199,True,0,603,22260921
0.98,529,direct,5,199,199,True,0,603,22260921
0.98,530,direct,4,200,200,True,0,603,22260921
0.98,531,direct,5,200,200,True,0,603,22260921
0.98,532,direct,4,200,200,True,0,603,22260921
0.98,533,direct,0,199,199,True,0,603,22260921
0.98,534,direct,5,199,199,True,0,603,22260921
0.98,535,direct,4,199,199,True,0,603,22260921
0.98,536,direct,4,198,198,True,0,603,22260921
0.98,537,direct,3,198,198,True,0,603,22260921
0.98,538,direct,2,198,198,True,0,603,22260921
0.98,539,direct,7,198,198,True,0,603,22260921
0.98,540,direct,7,199,199,True,0,603,22260921
0.98,541,direct,4,199,199,True,0,603,22260921
0.98,542,direct,3,198,198,True,0,603,22260921
0.98,543,direct,2,198,198,True,0,603,22260921
0.98,544,direct,4,200,200,True,0,603,22260921
0.98,545,direct,4,198,198,True,0,603,22260921
0.98,546,direct,4,198,198,True,0,603,22260921
0.98,547,direct,0,198,198,True,0,603,22260921
0.98,548,direct,0,197,197,True,0,603,22260921
0.98,549,direct,2,199,199,True,0,603,22260921
0.98,550,direct,2,198,198,True,0,603,22260921
0.98,551,direct,2,200,200,True,0,603,22260921
0.98,552,direct,3,198,198,True,0,603,22260921
0.98,553,direct,1,199,199,True,0,603,22260921
0.98,554,direct,5,199,199,True,0,603,22260921
0.98,555,direct,4,200,200,True,0,603,22260921
0.98,556,direct,3,199,199,True,0,603,22260921
0.98,557,direct,6,198,198,True,0,603,22260921
0.98,558,direct,6,200,200,True,0,603,22260921
0.98,559,direct,1,199,199,True,0,603,22260921
0.98,560,direct,0,198,198,True,0,603,22260921
0.98,561,direct,4,197,197,True,0,603,22260921
0.98,562,direct,0,199,199,True,0,603,22260921
0.98,563,direct,1,200,200,True,0,603,22260921
0.98,564,direct,7,198,198,True,0,603,22260921
0.98,565,direct,4,200,200,True,0,603,22260921
0.98,566,direct,3,200,200,True,0,603,22260921
0.98,567,direct,1,198,198,True,0,603,22260921
0.98,568,direct,2,198,198,True,0,603,22260921
0.98,569,direct,7,198,198,True,0,603,22260921
0.98,570,direct,1,198,198,True,0,603,22260921
0.98,571,direct,7,197,197,True,0,603,22260921
0.98,572,direct,7,200,200,True,0,603,22260921
0.98,573,direct,3,198,198,True,0,603,22260921
0.98,574,direct,0,198,198,True,0,603,22260921
0.98,575,direct,1,197,197,True,0,603,22260921
0.98,576,direct,1,198,198,True,0,603,22260921
0.98,577,direct,6,199,199,True,0,603,22260921
0.98,578,direct,0,199,199,True,0,603,22260921
0.98,579,direct,6,199,199,True,0,603,22260921
0.98,580,direct,1,199,199,True,0,603,22260921
0.98,581,direct,2,198,198,True,0,603,22260921
0.98,582,direct,2,197,197,True,0,603,22260921
0.98,583,direct,0,197,197,True,0,603,22260921
0.98,584,direct,6,199,199,True,0,603,22260921
0.98,585,direct,4,196,196,True,0,603,22260921
0.98,586,direct,5,199,199,True,0,603,22260921
0.98,587,direct,7,199,199,True,0,603,22260921
0.98,588,direct,5,199,199,True,0,603,22260921
0.98,589,direct,2,199,199,True,0,603,22260921
0.98,590,direct,2,198,198,True,0,603,22260921
0.98,591,direct,0,198,198,True,0,603,22260921
0.98,592,direct,3,197,197,True,0,603,22260921
0.98,593,direct,6,199,199,True,0,603,22260921
0.98,594,direct,1,198,198,True,0,603,22260921
0.98,595,direct,0,199,199,True,0,603,22260921
0.98,596,direct,4,199,199,True,0,603,22260921
0.98,597,direct,4,199,199,True,0,603,22260921
0.98,598,direct,0,198,198,True,0,603,22260921
0.98,599,direct,0,199,199,True,0,603,22260921
0.98,600,direct,1,197,197,True,0,603,22260921
0.98,601,direct,6,199,199,True,0,603,22260921
0.98,602,direct,5,198,198,True,0,603,22260921
0.98,603,direct,1,198,198,True,0,603,22260921
0.98,604,direct,1,198,198,True,0,603,22260921
0.98,605,direct,0,197,197,True,0,603,22260921
0.98,606,direct,5,199,199,True,0,603,22260921
0.98,607,direct,5,199,199,True,0,603,22260921
0.98,608,direct,1,199,199,True,0,603,22260921
0.98,609,direct,7,200,200,True,0,603,22260921
0.98,610,direct,0,199,199,True,0,603,22260921
0.98,611,direct,0,199,199,True,0,603,22260921
0.98,612,direct,1,199,199,True,0,603,22260921
0.98,613,direct,4,198,198,True,0,603,22260921
0.98,614,direct,4,198,198,True,0,603,22260921
0.98,615,direct,2,198,198,True,0,603,22260921
0.98,616,direct,7,199,199,True,0,603,22260921
0.98,617,direct,1,198,198,True,0,603,22260921
0.98,618,direct,4,198,198,True,0,603,22260921
0.98,619,direct,2,198,198,True,0,603,22260921
0.98,620,direct,7,198,198,True,0,603,22260921
0.98,621,direct,0,197,197,True,0,603,22260921
0.98,622,direct,6,198,198,True,0,603,22260921
0.98,623,direct,0,197,197,True,0,603,22260921
0.98,624,direct,5,199,199,True,0,603,22260921
0.98,625,direct,2,200,200,True,0,603,22260921
0.98,626,direct,0,199,199,True,0,603,22260921
0.98,627,direct,1,199,199,True,0,603,22260921
0.98,628,direct,2,198,198,True,0,603,22260921
0.98,629,direct,2,199,199,True,0,603,22260921
0.98,630,direct,0,198,198,True,0,603,22260921
0.98,631,direct,6,199,199,True,0,603,22260921
0.98,632,direct,0,199,199,True,0,603,22260921
0.98,633,direct,4,199,199,True,0,603,22260921
0.98,634,direct,1,200,200,True,0,603,22260921
0.98,635,direct,4,198,198,True,0,603,22260921
0.98,636,direct,1,199,199,True,0,603,22260921
0.98,637,direct,7,199,199,True,0,603,22260921
0.98,638,direct,3,199,199,True,0,603,22260921
0.98,639,direct,5,199,199,True,0,603,22260921
0.98,640,direct,2,199,199,True,0,603,22260921
0.98,641,direct,2,198,198,True,0,603,22260921
0.98,642,direct,5,198,198,True,0,603,22260921
0.98,643,direct,4,200,200,True,0,603,22260921
0.98,644,direct,7,200,200,True,0,603,22260921
0.98,645,direct,0,198,198,True,0,603,22260921
0.98,646,direct,1,199,199,True,0,603,22260921
0.98,647,direct,4,199,199,True,0,603,22260921
0.98,648,direct,7,199,199,True,0,603,22260921
0.98,649,direct,1,200,200,True,0,603,22260921
0.98,650,direct,0,199,199,True,0,603,22260921
0.98,651,direct,2,198,198,True,0,603,22260921
0.98,652,direct,7,198,198,True,0,603,22260921
0.98,653,direct,3,199,199,True,0,603,22260921
0.98,654,direct,1,198,198,True,0,603,22260921
0.98,655,direct,1,199,199,True,0,603,22260921
0.98,656,direct,7,199,199,True,0,603,22260921
0.98,657,direct,2,198,198,True,0,603,22260921
0.98,658,direct,2,199,199,True,0,603,22260921
0.98,659,direct,2,199,199,True,0,603,22260921
0.98,660,direct,2,199,199,True,0,603,22260921
0.98,661,direct,0,197,197,True,0,603,22260921
0.98,662,direct,6,199,199,True,0,603,22260921
0.98,663,direct,6,198,198,True,0,603,22260921
0.98,664,direct,5,198,198,True,0,603,22260921
0.98,665,direct,0,198,198,True,0,603,22260921
0.98,666,direct,2,199,199,True,0,603,22260921
0.98,667,direct,0,198,198,True,0,603,22260921
0.98,668,direct,5,198,198,True,0,603,22260921
0.98,669,direct,2,198,198,True,0,603,22260921
0.98,670,direct,7,199,199,True,0,603,22260921
0.98,671,direct,5,197,197,True,0,603,22260921
0.98,672,direct,1,198,198,True,0,603,22260921
0.98,673,direct,7,198,198,True,0,603,22260921
0.98,674,direct,0,197,197,True,0,603,22260921
0.98,675,direct,0,198,198,True,0,603,22260921
0.98,676,direct,4,199,199,True,0,603,22260921
0.98,677,direct,5,198,198,True,0,603,22260921
0.98,678,direct,5,198,198,True,0,603,22260921
0.98,679,direct,4,199,199,True,0,603,22260921
0.98,680,direct,3,198,198,True,0,603,22260921
0.98,681,direct,7,197,197,True,0,603,22260921
0.98,682,direct,2,200,200,True,0,603,22260921
0.98,683,direct,7,199,199,True,0,603,22260921
0.98,684,direct,7,199,199,True,0,603,22260921
0.98,685,direct,1,199,199,True,0,603,22260921
0.98,686,direct,2,200,200,True,0,603,22260921
0.98,687,direct,3,199,199,True,0,603,22260921
0.98,688,direct,2,200,200,True,0,603,22260921
0.98,689,direct,4,198,198,True,0,603,22260921
0.98,690,direct,0,200,200,True,0,603,22260921
0.98,691,direct,5,200,200,True,0,603,22260921
0.98,692,direct,5,199,199,True,0,603,22260921
0.98,693,direct,7,199,199,True,0,603,22260921
0.98,694,direct,5,198,198,True,0,603,22260921
0.98,695,direct,2,198,198,True,0,603,22260921
0.98,696,direct,4,199,199,True,0,603,22260921
0.98,697,direct,0,199,199,True,0,603,22260921
0.98,698,direct,0,199,199,True,0,603,22260921
0.98,699,direct,6,198,198,True,0,603,22260921
0.98,700,direct,1,198,198,True,0,603,22260921
0.98,701,direct,5,199,199,True,0,603,22260921
0.98,702,direct,6,200,200,True,0,603,22260921
0.98,703,direct,1,200,200,True,0,603,22260921
0.98,704,direct,4,200,200,True,0,603,22260921
0.98,705,direct,1,198,198,True,0,603,22260921
0.98,706,direct,4,198,198,True,0,603,22260921
0.98,707,direct,3,198,198,True,0,603,22260921
0.98,708,direct,0,198,198,True,0,603,22260921
0.98,709,direct,0,199,199,True,0,603,22260921
0.98,710,direct,4,199,199,True,0,603,22260921
0.98,711,direct,1,200,200,True,0,603,22260921
0.98,712,direct,7,200,200,True,0,603,22260921
0.98,713,direct,0,199,199,True,0,603,22260921
0.98,714,direct,7,198,198,True,0,603,22260921
0.98,715,direct,5,199,199,True,0,603,22260921
0.98,716,direct,6,198,198,True,0,603,22260921
0.98,717,direct,5,200,200,True,0,603,22260921
0.98,718,direct,2,199,199,True,0,603,22260921
0.98,719,direct,4,199,199,True,0,603,22260921
0.98,720,direct,2,198,198,True,0,603,22260921
0.98,721,direct,5,199,199,True,0,603,22260921
0.98,722,direct,4,199,199,True,0,603,22260921
0.98,723,direct,1,198,198,True,0,603,22260921
0.98,724,direct,3,200,200,True,0,603,22260921
0.98,725,direct,5,200,200,True,0,603,22260921
0.98,726,direct,3,199,199,True,0,603,22260921
0.98,727,direct,4,198,198,True,0,603,22260921
0.98,728,direct,3,198,198,True,0,603,22260921
0.98,729,direct,6,199,199,True,0,603,22260921
0.98,730,direct,0,197,197,True,0,603,22260921
0.98,731,direct,4,198,198,True,0,603,22260921
0.98,732,direct,0,197,197,True,0,603,22260921
0.98,733,direct,4,198,198,True,0,603,22260921
0.98,734,direct,4,199,199,True,0,603,22260921
0.98,735,direct,3,199,199,True,0,603,22260921
0.98,736,direct,3,199,199,True,0,603,22260921
0.98,737,direct,0,200,200,True,0,603,22260921
0.98,738,direct,0,200,200,True,0,603,22260921
0.98,739,direct,4,199,199,True,0,603,22260921
0.98,740,direct,7,200,200,True,0,603,22260921
0.98,741,direct,6,198,198,True,0,603,22260921
0.98,742,direct,2,198,198,True,0,603,22260921
0.98,743,direct,0,198,198,True,0,603,22260921
0.98,744,direct,7,199,199,True,0,603,22260921
0.98,745,direct,6,199,199,True,0,603,22260921
0.98,746,direct,4,200,200,True,0,603,22260921
0.98,747,direct,5,199,199,True,0,603,22260921
0.98,748,direct,1,198,198,True,0,603,22260921
0.98,749,direct,0,198,198,True,0,603,22260921
0.98,750,direct,2,199,199,True,0,603,22260921
0.98,751,direct,6,200,200,True,0,603,22260921
0.98,752,direct,0,198,198,True,0,603,22260921
0.98,753,direct,0,198,198,True,0,603,22260921
0.98,754,direct,3,198,198,True,0,603,22260921
0.98,755,direct,0,198,198,True,0,603,22260921
0.98,756,direct,7,199,199,True,0,603,22260921
0.98,757,direct,1,198,198,True,0,603,22260921
0.98,758,direct,6,200,200,True,0,603,22260921
0.98,759,direct,4,198,198,True,0,603,22260921
0.98,760,direct,3,199,199,True,0,603,22260921
0.98,761,direct,2,198,198,True,0,603,22260921
0.98,762,direct,3,199,199,True,0,603,22260921
0.98,763,direct,0,198,198,True,0,603,22260921
0.98,764,direct,2,198,198,True,0,603,22260921
0.98,765,direct,1,197,197,True,0,603,22260921
0.98,766,direct,5,200,200,True,0,603,22260921
0.98,767,direct,0,199,199,True,0,603,22260921
0.98,768,direct,1,199,199,True,0,603,22260921
0.98,769,direct,2,197,197,True,0,603,22260921
0.98,770,direct,1,198,198,True,0,603,22260921
0.98,771,direct,2,198,198,True,0,603,22260921
0.98,772,direct,5,199,199,True,0,603,22260921
0.98,773,direct,6,198,198,True,0,603,22260921
0.98,774,direct,5,197,197,True,0,603,22260921
0.98,775,direct,3,197,197,True,0,603,22260921
0.98,776,direct,4,198,198,True,0,603,22260921
0.98,777,direct,3,197,197,True,0,603,22260921
0.98,778,direct,3,196,196,True,0,603,22260921
0.98,779,direct,0,199,199,True,0,603,22260921
0.98,780,direct,3,198,198,True,0,603,22260921
0.98,781,direct,0,199,199,True,0,603,22260921
0.98,782,direct,6,198,198,True,0,603,22260921
0.98,783,direct,0,199,199,True,0,603,22260921
0.98,784,direct,6,199,199,True,0,603,22260921
0.98,785,direct,3,196,196,True,0,603,22260921
0.98,786,direct,3,200,200,True,0,603,22260921
0.98,787,direct,1,200,200,True,0,603,22260921
0.98,788,direct,1,197,197,True,0,603,22260921
0.98,789,direct,3,198,198,True,0,603,22260921
0.98,790,direct,1,198,198,True,0,603,22260921
0.98,791,direct,1,199,199,True,0,603,22260921
0.98,792,direct,6,198,198,True,0,603,22260921
0.98,793,direct,0,198,198,True,0,603,22260921
0.98,794,direct,4,199,199,True,0,603,22260921
0.98,795,direct,2,197,197,True,0,603,22260921
0.98,796,direct,2,198,198,True,0,603,22260921
0.98,797,direct,1,198,198,True,0,603,22260921
0.98,798,direct,2,199,199,True,0,603,22260921
0.98,799,direct,1,198,198,True,0,603,22260921
0.98,800,direct,1,197,197,True,0,603,22260921
0.98,801,direct,6,199,199,True,0,603,22260921
0.98,802,direct,6,199,199,True,0,603,22260921
0.98,803,direct,3,199,199,True,0,603,22260921
0.98,804,direct,4,200,200,True,0,603,22260921
0.98,805,direct,6,198,198,True,0,603,22260921
0.98,806,direct,1,200,200,True,0,603,22260921
0.98,807,direct,1,199,199,True,0,603,22260921
0.98,808,direct,7,198,198,True,0,603,22260921
0.98,809,direct,5,199,199,True,0,603,22260921
0.98,810,direct,7,198,198,True,0,603,22260921
0.98,811,direct,0,198,198,True,0,603,22260921
0.98,812,direct,7,200,200,True,0,603,22260921
0.98,813,direct,1,197,197,True,0,603,22260921
0.98,814,direct,5,199,199,True,0,603,22260921
0.98,815,direct,3,199,199,True,0,603,22260921
0.98,816,direct,6,199,199,True,0,603,22260921
0.98,817,direct,0,198,198,True,0,603,22260921
0.98,818,direct,1,197,197,True,0,603,22260921
0.98,819,direct,1,198,198,True,0,603,22260921
0.98,820,direct,5,199,199,True,0,603,22260921
0.98,821,direct,0,198,198,True,0,603,22260921
0.98,822,direct,7,198,198,True,0,603,22260921
0.98,823,direct,1,198,198,True,0,603,22260921
0.98,824,direct,1,198,198,True,0,603,22260921
0.98,825,direct,6,198,198,True,0,603,22260921
0.98,826,direct,0,199,199,True,0,603,22260921
0.98,827,direct,5,198,198,True,0,603,22260921
0.98,828,direct,0,200,200,True,0,603,22260921
0.98,829,direct,3,200,200,True,0,603,22260921
0.98,830,direct,2,199,199,True,0,603,22260921
0.98,831,direct,4,199,199,True,0,603,22260921
0.98,832,direct,5,198,198,True,0,603,22260921
0.98,833,direct,6,199,199,True,0,603,22260921
0.98,834,direct,0,198,198,True,0,603,22260921
0.98,835,direct,3,200,200,True,0,603,22260921
0.98,836,direct,3,199,199,True,0,603,22260921
0.98,837,direct,5,200,200,True,0,603,22260921
0.98,838,direct,7,198,198,True,0,603,22260921
0.98,839,direct,2,199,199,True,0,603,22260921
0.98,840,direct,3,199,199,True,0,603,22260921
0.98,841,direct,7,198,198,True,0,603,22260921
0.98,842,direct,0,197,197,True,0,603,22260921
0.98,843,direct,6,199,199,True,0,603,22260921
0.98,844,direct,7,200,200,True,0,603,22260921
0.98,845,direct,6,199,199,True,0,603,22260921
0.98,846,direct,6,198,198,True,0,603,22260921
0.98,847,direct,4,199,199,True,0,603,22260921
0.98,848,direct,6,199,199,True,0,603,22260921
0.98,849,direct,3,197,197,True,0,603,22260921
0.98,850,direct,7,199,199,True,0,603,22260921
0.98,851,direct,0,199,199,True,0,603,22260921
0.98,852,direct,3,198,198,True,0,603,22260921
0.98,853,direct,1,198,198,True,0,603,22260921
0.98,854,direct,5,199,199,True,0,603,22260921
0.98,855,direct,0,198,198,True,0,603,22260921
0.98,856,direct,1,200,200,True,0,603,22260921
0.98,857,direct,4,199,199,True,0,603,22260921
0.98,858,direct,5,198,198,True,0,603,22260921
0.98,859,direct,0,199,199,True,0,603,22260921
0.98,860,direct,0,197,197,True,0,603,22260921
0.98,861,direct,3,200,200,True,0,603,22260921
0.98,862,direct,3,199,199,True,0,603,22260921
0.98,863,direct,1,200,200,True,0,603,22260921
0.98,864,direct,1,199,199,True,0,603,22260921
0.98,865,direct,2,198,198,True,0,603,22260921
0.98,866,direct,0,199,199,True,0,603,22260921
0.98,867,direct,0,198,198,True,0,603,22260921
0.98,868,direct,5,197,197,True,0,603,22260921
0.98,869,direct,1,198,198,True,0,603,22260921
0.98,870,direct,1,198,198,True,0,603,22260921
0.98,871,direct,1,198,198,True,0,603,22260921
0.98,872,direct,2,200,200,True,0,603,22260921
0.98,873,direct,2,199,199,True,0,603,22260921
0.98,874,direct,7,200,200,True,0,603,22260921
0.98,875,direct,0,198,198,True,0,603,22260921
0.98,876,direct,4,199,199,True,0,603,22260921
0.98,877,direct,4,199,199,True,0,603,22260921
0.98,878,direct,2,199,199,True,0,603,22260921
0.98,879,direct,1,199,199,True,0,603,22260921
0.98,880,direct,0,198,198,True,0,603,22260921
0.98,881,direct,3,198,198,True,0,603,22260921
0.98,882,direct,3,200,200,True,0,603,22260921
0.98,883,direct,1,199,199,True,0,603,22260921
0.98,884,direct,6,199,199,True,0,603,22260921
0.98,885,direct,1,199,199,True,0,603,22260921
0.98,886,direct,6,200,200,True,0,603,22260921
0.98,887,direct,7,198,198,True,0,603,22260921
0.98,888,direct,1,199,199,True,0,603,22260921
0.98,889,direct,2,197,197,True,0,603,22260921
0.98,890,direct,2,197,197,True,0,603,22260921
0.98,891,direct,0,200,200,True,0,603,22260921
0.98,892,direct,4,200,200,True,0,603,22260921
0.98,893,direct,3,197,197,True,0,603,22260921
0.98,894,direct,6,200,200,True,0,603,22260921
0.98,895,direct,2,199,199,True,0,603,22260921
0.98,896,direct,6,198,198,True,0,603,22260921
0.98,897,direct,0,199,199,True,0,603,22260921
0.98,898,direct,1,198,198,True,0,603,22260921
0.98,899,direct,5,200,200,True,0,603,22260921
0.98,900,direct,2,198,198,True,0,603,22260921
0.98,901,direct,2,198,198,True,0,603,22260921
0.98,902,direct,3,198,198,True,0,603,22260921
0.98,903,direct,5,198,198,True,0,603,22260921
0.98,904,direct,4,197,197,True,0,603,22260921
0.98,905,direct,5,198,198,True,0,603,22260921
0.98,906,direct,0,198,198,True,0,603,22260921
0.98,907,direct,5,197,197,True,0,603,22260921
0.98,908,direct,4,199,199,True,0,603,22260921
0.98,909,direct,3,199,199,True,0,603,22260921
0.98,910,direct,0,197,197,True,0,603,22260921
0.98,911,direct,4,200,200,True,0,603,22260921
0.98,912,direct,7,199,199,True,0,603,22260921
0.98,913,direct,0,198,198,True,0,603,22260921
0.98,914,direct,2,200,200,True,0,603,22260921
0.98,915,direct,2,198,198,True,0,603,22260921
0.98,916,direct,7,199,199,True,0,603,22260921
0.98,917,direct,4,199,199,True,0,603,22260921
0.98,918,direct,4,199,199,True,0,603,22260921
0.98,919,direct,6,199,199,True,0,603,22260921
0.98,920,direct,1,198,198,True,0,603,22260921
0.98,921,direct,2,199,199,True,0,603,22260921
0.98,922,direct,4,198,198,True,0,603,22260921
0.98,923,direct,2,200,200,True,0,603,22260921
0.98,924,direct,1,199,199,True,0,603,22260921
0.98,925,direct,5,198,198,True,0,603,22260921
0.98,926,direct,5,200,200,True,0,603,22260921
0.98,927,direct,6,200,200,True,0,603,22260921
0.98,928,direct,5,199,199,True,0,603,22260921
0.98,929,direct,1,196,196,True,0,603,22260921
0.98,930,direct,0,198,198,True,0,603,22260921
0.98,931,direct,1,199,199,True,0,603,22260921
0.98,932,direct,2,198,198,True,0,603,22260921
0.98,933,direct,3,198,198,True,0,603,22260921
0.98,934,direct,6,199,199,True,0,603,22260921
0.98,935,direct,4,198,198,True,0,603,22260921
0.98,936,direct,5,200,200,True,0,603,22260921
0.98,937,direct,5,200,200,True,0,603,22260921
0.98,938,direct,1,199,199,True,0,603,22260921
0.98,939,direct,6,198,198,True,0,603,22260921
0.98,940,direct,1,199,199,True,0,603,22260921
0.98,941,direct,2,200,200,True,0,603,22260921
0.98,942,direct,4,199,199,True,0,603,22260921
0.98,943,direct,4,199,199,True,0,603,22260921
0.98,944,direct,2,199,199,True,0,603,22260921
0.98,945,direct,5,199,199,True,0,603,22260921
0.98,946,direct,3,199,199,True,0,603,22260921
0.98,947,direct,3,197,197,True,0,603,22260921
0.98,948,direct,4,199,199,True,0,603,22260921
0.98,949,direct,5,199,199,True,0,603,22260921
0.98,950,direct,1,199,199,True,0,603,22260921
0.98,951,direct,4,197,197,True,0,603,22260921
0.98,952,direct,5,200,200,True,0,603,22260921
0.98,953,direct,0,198,198,True,0,603,22260921
0.98,954,direct,1,197,197,True,0,603,22260921
0.98,955,direct,7,199,199,True,0,603,22260921
0.98,956,direct,6,199,199,True,0,603,22260921
0.98,957,direct,1,198,198,True,0,603,22260921
0.98,958,direct,0,195,195,True,0,603,22260921
0.98,959,direct,4,197,197,True,0,603,22260921
0.98,960,direct,5,197,197,True,0,603,22260921
0.98,961,direct,2,196,196,True,0,603,22260921
0.98,962,direct,4,199,199,True,0,603,22260921
0.98,963,direct,4,200,200,True,0,603,22260921
0.98,964,direct,4,198,198,True,0,603,22260921
0.98,965,direct,3,199,199,True,0,603,22260921
0.98,966,direct,0,197,197,True,0,603,22260921
0.98,967,direct,0,198,198,True,0,603,22260921
0.98,968,direct,2,200,200,True,0,603,22260921
0.98,969,direct,5,199,199,True,0,603,22260921
0.98,970,direct,5,198,198,True,0,603,22260921
0.98,971,direct,6,199,199,True,0,603,22260921
0.98,972,direct,2,198,198,True,0,603,22260921
0.98,973,direct,1,196,196,True,0,603,22260921
0.98,974,direct,4,199,199,True,0,603,22260921
0.98,975,direct,0,198,198,True,0,603,22260921
0.98,976,direct,4,199,199,True,0,603,22260921
0.98,977,direct,4,198,198,True,0,603,22260921
0.98,978,direct,0,200,200,True,0,603,22260921
0.98,979,direct,7,198,198,True,0,603,22260921
0.98,980,direct,2,197,197,True,0,603,22260921
0.98,981,direct,0,197,197,True,0,603,22260921
0.98,982,direct,0,197,197,True,0,603,22260921
0.98,983,direct,2,199,199,True,0,603,22260921
0.98,984,direct,0,198,198,True,0,603,22260921
0.98,985,direct,3,199,199,True,0,603,22260921
0.98,986,direct,1,199,199,True,0,603,22260921
0.98,987,direct,0,198,198,True,0,603,22260921
0.98,988,direct,1,198,198,True,0,603,22260921
0.98,989,direct,2,198,198,True,0,603,22260921
0.98,990,direct,1,197,197,True,0,603,22260921
0.98,991,direct,1,199,199,True,0,603,22260921
0.98,992,direct,0,199,199,True,0,603,22260921
0.98,993,direct,5,199,199,True,0,603,22260921
0.98,994,direct,4,198,198,True,0,603,22260921
0.98,995,direct,2,199,199,True,0,603,22260921
0.98,996,direct,4,200,200,True,0,603,22260921
0.98,997,direct,0,199,199,True,0,603,22260921
0.98,998,direct,3,200,200,True,0,603,22260921
0.98,999,direct,1,199,199,True,0,603,22260921
0.98,0,fixed_repeated,5,199,199,True,54,764,22260921
0.98,1,fixed_repeated,0,198,198,True,36,710,22260921
0.98,2,fixed_repeated,2,199,199,True,85,857,22260921
0.98,3,fixed_repeated,4,198,198,True,36,710,22260921
0.98,4,fixed_repeated,2,198,198,True,36,710,22260921
0.98,5,fixed_repeated,1,196,196,True,36,710,22260921
0.98,6,fixed_repeated,5,197,197,True,167,1103,22260921
0.98,7,fixed_repeated,0,199,199,True,54,764,22260921
0.98,8,fixed_repeated,7,199,199,True,36,710,22260921
0.98,9,fixed_repeated,5,200,200,True,54,764,22260921
0.98,10,fixed_repeated,2,199,199,True,36,710,22260921
0.98,11,fixed_repeated,6,200,200,True,85,857,22260921
0.98,12,fixed_repeated,1,198,198,True,54,764,22260921
0.98,13,fixed_repeated,5,199,199,True,54,764,22260921
0.98,14,fixed_repeated,1,199,199,True,36,710,22260921
0.98,15,fixed_repeated,0,198,198,True,70,812,22260921
0.98,16,fixed_repeated,3,199,199,True,36,710,22260921
0.98,17,fixed_repeated,5,199,199,True,54,764,22260921
0.98,18,fixed_repeated,1,200,200,True,36,710,22260921
0.98,19,fixed_repeated,3,197,197,True,85,857,22260921
0.98,20,fixed_repeated,2,199,199,True,36,710,22260921
0.98,21,fixed_repeated,4,199,199,True,36,710,22260921
0.98,22,fixed_repeated,3,198,198,True,85,857,22260921
0.98,23,fixed_repeated,1,199,199,True,70,812,22260921
0.98,24,fixed_repeated,1,200,200,True,36,710,22260921
0.98,25,fixed_repeated,3,200,200,True,54,764,22260921
0.98,26,fixed_repeated,1,200,200,True,85,857,22260921
0.98,27,fixed_repeated,2,198,198,True,36,710,22260921
0.98,28,fixed_repeated,3,198,198,True,100,902,22260921
0.98,29,fixed_repeated,1,199,199,True,70,812,22260921
0.98,30,fixed_repeated,4,198,198,True,100,902,22260921
0.98,31,fixed_repeated,0,199,199,True,36,710,22260921
0.98,32,fixed_repeated,6,200,200,True,36,710,22260921
0.98,33,fixed_repeated,1,197,197,True,85,857,22260921
0.98,34,fixed_repeated,3,199,199,True,54,764,22260921
0.98,35,fixed_repeated,1,199,199,True,36,710,22260921
0.98,36,fixed_repeated,2,198,198,True,54,764,22260921
0.98,37,fixed_repeated,0,198,198,True,54,764,22260921
0.98,38,fixed_repeated,0,199,199,True,36,710,22260921
0.98,39,fixed_repeated,7,199,199,True,36,710,22260921
0.98,40,fixed_repeated,2,199,199,True,36,710,22260921
0.98,41,fixed_repeated,1,196,196,True,85,857,22260921
0.98,42,fixed_repeated,5,198,198,True,36,710,22260921
0.98,43,fixed_repeated,7,199,199,True,36,710,22260921
0.98,44,fixed_repeated,3,199,199,True,54,764,22260921
0.98,45,fixed_repeated,6,199,199,True,70,812,22260921
0.98,46,fixed_repeated,0,198,198,True,36,710,22260921
0.98,47,fixed_repeated,3,199,199,True,36,710,22260921
0.98,48,fixed_repeated,3,198,198,True,70,812,22260921
0.98,49,fixed_repeated,3,199,199,True,36,710,22260921
0.98,50,fixed_repeated,5,199,199,True,36,710,22260921
0.98,51,fixed_repeated,4,198,198,True,85,857,22260921
0.98,52,fixed_repeated,2,199,199,True,36,710,22260921
0.98,53,fixed_repeated,0,197,197,True,85,857,22260921
0.98,54,fixed_repeated,1,197,197,True,54,764,22260921
0.98,55,fixed_repeated,2,200,200,True,70,812,22260921
0.98,56,fixed_repeated,1,198,198,True,85,857,22260921
0.98,57,fixed_repeated,0,199,199,True,54,764,22260921
0.98,58,fixed_repeated,5,198,198,True,36,710,22260921
0.98,59,fixed_repeated,6,199,199,True,36,710,22260921
0.98,60,fixed_repeated,0,199,199,True,36,710,22260921
0.98,61,fixed_repeated,0,199,199,True,36,710,22260921
0.98,62,fixed_repeated,3,200,200,True,54,764,22260921
0.98,63,fixed_repeated,5,200,200,True,36,710,22260921
0.98,64,fixed_repeated,3,198,198,True,36,710,22260921
0.98,65,fixed_repeated,7,200,200,True,36,710,22260921
0.98,66,fixed_repeated,6,197,197,True,70,812,22260921
0.98,67,fixed_repeated,3,199,199,True,36,710,22260921
0.98,68,fixed_repeated,0,199,199,True,70,812,22260921
0.98,69,fixed_repeated,5,199,199,True,70,812,22260921
0.98,70,fixed_repeated,3,199,199,True,36,710,22260921
0.98,71,fixed_repeated,5,200,200,True,127,983,22260921
0.98,72,fixed_repeated,2,199,199,True,36,710,22260921
0.98,73,fixed_repeated,0,199,199,True,36,710,22260921
0.98,74,fixed_repeated,0,200,200,True,54,764,22260921
0.98,75,fixed_repeated,2,198,198,True,36,710,22260921
0.98,76,fixed_repeated,2,198,198,True,36,710,22260921
0.98,77,fixed_repeated,7,199,199,True,70,812,22260921
0.98,78,fixed_repeated,2,198,198,True,70,812,22260921
0.98,79,fixed_repeated,1,198,198,True,36,710,22260921
0.98,80,fixed_repeated,5,200,200,True,36,710,22260921
0.98,81,fixed_repeated,6,198,198,True,54,764,22260921
0.98,82,fixed_repeated,7,199,199,True,70,812,22260921
0.98,83,fixed_repeated,3,199,199,True,154,1064,22260921
0.98,84,fixed_repeated,4,199,199,True,85,857,22260921
0.98,85,fixed_repeated,1,199,199,True,36,710,22260921
0.98,86,fixed_repeated,0,199,199,True,85,857,22260921
0.98,87,fixed_repeated,2,199,199,True,54,764,22260921
0.98,88,fixed_repeated,3,200,200,True,70,812,22260921
0.98,89,fixed_repeated,7,198,198,True,54,764,22260921
0.98,90,fixed_repeated,0,199,199,True,54,764,22260921
0.98,91,fixed_repeated,5,198,198,True,114,944,22260921
0.98,92,fixed_repeated,5,199,199,True,127,983,22260921
0.98,93,fixed_repeated,4,198,198,True,36,710,22260921
0.98,94,fixed_repeated,7,199,199,True,54,764,22260921
0.98,95,fixed_repeated,6,199,199,True,54,764,22260921
0.98,96,fixed_repeated,4,197,197,True,36,710,22260921
0.98,97,fixed_repeated,3,199,199,True,36,710,22260921
0.98,98,fixed_repeated,7,199,199,True,36,710,22260921
0.98,99,fixed_repeated,3,199,199,True,36,710,22260921
0.98,100,fixed_repeated,2,197,197,True,36,710,22260921
0.98,101,fixed_repeated,6,198,198,True,70,812,22260921
0.98,102,fixed_repeated,1,199,199,True,85,857,22260921
0.98,103,fixed_repeated,1,198,198,True,54,764,22260921
0.98,104,fixed_repeated,7,199,199,True,70,812,22260921
0.98,105,fixed_repeated,0,197,197,True,36,710,22260921
0.98,106,fixed_repeated,0,200,200,True,54,764,22260921
0.98,107,fixed_repeated,7,198,198,True,36,710,22260921
0.98,108,fixed_repeated,3,199,199,True,36,710,22260921
0.98,109,fixed_repeated,1,198,198,True,54,764,22260921
0.98,110,fixed_repeated,5,199,199,True,36,710,22260921
0.98,111,fixed_repeated,1,198,198,True,114,944,22260921
0.98,112,fixed_repeated,6,199,199,True,54,764,22260921
0.98,113,fixed_repeated,7,199,199,True,70,812,22260921
0.98,114,fixed_repeated,5,198,198,True,36,710,22260921
0.98,115,fixed_repeated,3,197,197,True,36,710,22260921
0.98,116,fixed_repeated,3,198,198,True,36,710,22260921
0.98,117,fixed_repeated,3,198,198,True,36,710,22260921
0.98,118,fixed_repeated,4,200,200,True,36,710,22260921
0.98,119,fixed_repeated,5,199,199,True,36,710,22260921
0.98,120,fixed_repeated,2,199,199,True,36,710,22260921
0.98,121,fixed_repeated,3,200,200,True,70,812,22260921
0.98,122,fixed_repeated,1,198,198,True,85,857,22260921
0.98,123,fixed_repeated,0,198,198,True,36,710,22260921
0.98,124,fixed_repeated,1,197,197,True,36,710,22260921
0.98,125,fixed_repeated,1,198,198,True,54,764,22260921
0.98,126,fixed_repeated,0,198,198,True,36,710,22260921
0.98,127,fixed_repeated,0,200,200,True,54,764,22260921
0.98,128,fixed_repeated,1,197,197,True,36,710,22260921
0.98,129,fixed_repeated,5,199,199,True,54,764,22260921
0.98,130,fixed_repeated,0,200,200,True,54,764,22260921
0.98,131,fixed_repeated,0,198,198,True,36,710,22260921
0.98,132,fixed_repeated,2,199,199,True,36,710,22260921
0.98,133,fixed_repeated,5,200,200,True,54,764,22260921
0.98,134,fixed_repeated,1,199,199,True,36,710,22260921
0.98,135,fixed_repeated,1,198,198,True,36,710,22260921
0.98,136,fixed_repeated,2,198,198,True,36,710,22260921
0.98,137,fixed_repeated,3,199,199,True,70,812,22260921
0.98,138,fixed_repeated,5,198,198,True,54,764,22260921
0.98,139,fixed_repeated,2,197,197,True,70,812,22260921
0.98,140,fixed_repeated,3,198,198,True,54,764,22260921
0.98,141,fixed_repeated,7,197,197,True,54,764,22260921
0.98,142,fixed_repeated,2,197,197,True,36,710,22260921
0.98,143,fixed_repeated,2,198,198,True,36,710,22260921
0.98,144,fixed_repeated,6,199,199,True,54,764,22260921
0.98,145,fixed_repeated,0,198,198,True,54,764,22260921
0.98,146,fixed_repeated,1,198,198,True,36,710,22260921
0.98,147,fixed_repeated,3,197,197,True,54,764,22260921
0.98,148,fixed_repeated,1,200,200,True,36,710,22260921
0.98,149,fixed_repeated,7,198,198,True,36,710,22260921
0.98,150,fixed_repeated,5,200,200,True,54,764,22260921
0.98,151,fixed_repeated,1,198,198,True,36,710,22260921
0.98,152,fixed_repeated,2,198,198,True,36,710,22260921
0.98,153,fixed_repeated,1,198,198,True,54,764,22260921
0.98,154,fixed_repeated,6,198,198,True,36,710,22260921
0.98,155,fixed_repeated,1,199,199,True,70,812,22260921
0.98,156,fixed_repeated,0,199,199,True,54,764,22260921
0.98,157,fixed_repeated,6,198,198,True,36,710,22260921
0.98,158,fixed_repeated,3,198,198,True,85,857,22260921
0.98,159,fixed_repeated,6,198,198,True,36,710,22260921
0.98,160,fixed_repeated,0,199,199,True,70,812,22260921
0.98,161,fixed_repeated,2,199,199,True,36,710,22260921
0.98,162,fixed_repeated,7,200,200,True,36,710,22260921
0.98,163,fixed_repeated,3,198,198,True,54,764,22260921
0.98,164,fixed_repeated,3,199,199,True,36,710,22260921
0.98,165,fixed_repeated,3,197,197,True,36,710,22260921
0.98,166,fixed_repeated,1,196,196,True,36,710,22260921
0.98,167,fixed_repeated,6,199,199,True,54,764,22260921
0.98,168,fixed_repeated,1,200,200,True,36,710,22260921
0.98,169,fixed_repeated,7,199,199,True,36,710,22260921
0.98,170,fixed_repeated,7,198,198,True,100,902,22260921
0.98,171,fixed_repeated,7,199,199,True,36,710,22260921
0.98,172,fixed_repeated,6,198,198,True,36,710,22260921
0.98,173,fixed_repeated,5,199,199,True,85,857,22260921
0.98,174,fixed_repeated,4,198,198,True,54,764,22260921
0.98,175,fixed_repeated,0,199,199,True,36,710,22260921
0.98,176,fixed_repeated,5,198,198,True,154,1064,22260921
0.98,177,fixed_repeated,3,199,199,True,36,710,22260921
0.98,178,fixed_repeated,6,197,197,True,36,710,22260921
0.98,179,fixed_repeated,2,198,198,True,85,857,22260921
0.98,180,fixed_repeated,4,198,198,True,54,764,22260921
0.98,181,fixed_repeated,6,199,199,True,36,710,22260921
0.98,182,fixed_repeated,7,199,199,True,36,710,22260921
0.98,183,fixed_repeated,4,199,199,True,36,710,22260921
0.98,184,fixed_repeated,5,199,199,True,54,764,22260921
0.98,185,fixed_repeated,0,197,197,True,36,710,22260921
0.98,186,fixed_repeated,7,199,199,True,36,710,22260921
0.98,187,fixed_repeated,4,199,199,True,36,710,22260921
0.98,188,fixed_repeated,4,198,198,True,36,710,22260921
0.98,189,fixed_repeated,1,197,197,True,114,944,22260921
0.98,190,fixed_repeated,4,199,199,True,36,710,22260921
0.98,191,fixed_repeated,2,200,200,True,85,857,22260921
0.98,192,fixed_repeated,0,198,198,True,36,710,22260921
0.98,193,fixed_repeated,6,200,200,True,54,764,22260921
0.98,194,fixed_repeated,7,200,200,True,36,710,22260921
0.98,195,fixed_repeated,1,200,200,True,70,812,22260921
0.98,196,fixed_repeated,5,199,199,True,54,764,22260921
0.98,197,fixed_repeated,3,198,198,True,54,764,22260921
0.98,198,fixed_repeated,5,199,199,True,54,764,22260921
0.98,199,fixed_repeated,5,198,198,True,36,710,22260921
0.98,200,fixed_repeated,2,198,198,True,85,857,22260921
0.98,201,fixed_repeated,2,198,198,True,54,764,22260921
0.98,202,fixed_repeated,2,200,200,True,54,764,22260921
0.98,203,fixed_repeated,7,199,199,True,85,857,22260921
0.98,204,fixed_repeated,2,199,199,True,100,902,22260921
0.98,205,fixed_repeated,0,198,198,True,36,710,22260921
0.98,206,fixed_repeated,0,199,199,True,100,902,22260921
0.98,207,fixed_repeated,3,199,199,True,54,764,22260921
0.98,208,fixed_repeated,7,199,199,True,36,710,22260921
0.98,209,fixed_repeated,1,198,198,True,85,857,22260921
0.98,210,fixed_repeated,0,200,200,True,54,764,22260921
0.98,211,fixed_repeated,2,198,198,True,36,710,22260921
0.98,212,fixed_repeated,7,198,198,True,54,764,22260921
0.98,213,fixed_repeated,0,197,197,True,114,944,22260921
0.98,214,fixed_repeated,4,197,197,True,36,710,22260921
0.98,215,fixed_repeated,4,199,199,True,70,812,22260921
0.98,216,fixed_repeated,2,199,199,True,36,710,22260921
0.98,217,fixed_repeated,1,198,198,True,70,812,22260921
0.98,218,fixed_repeated,4,198,198,True,36,710,22260921
0.98,219,fixed_repeated,1,198,198,True,36,710,22260921
0.98,220,fixed_repeated,0,197,197,True,36,710,22260921
0.98,221,fixed_repeated,0,199,199,True,85,857,22260921
0.98,222,fixed_repeated,3,199,199,True,54,764,22260921
0.98,223,fixed_repeated,5,197,197,True,36,710,22260921
0.98,224,fixed_repeated,1,200,200,True,70,812,22260921
0.98,225,fixed_repeated,3,199,199,True,54,764,22260921
0.98,226,fixed_repeated,2,198,198,True,54,764,22260921
0.98,227,fixed_repeated,1,200,200,True,36,710,22260921
0.98,228,fixed_repeated,4,200,200,True,100,902,22260921
0.98,229,fixed_repeated,1,199,199,True,36,710,22260921
0.98,230,fixed_repeated,2,199,199,True,70,812,22260921
0.98,231,fixed_repeated,1,199,199,True,36,710,22260921
0.98,232,fixed_repeated,6,199,199,True,36,710,22260921
0.98,233,fixed_repeated,3,200,200,True,70,812,22260921
0.98,234,fixed_repeated,0,197,197,True,36,710,22260921
0.98,235,fixed_repeated,7,199,199,True,36,710,22260921
0.98,236,fixed_repeated,3,199,199,True,54,764,22260921
0.98,237,fixed_repeated,1,200,200,True,36,710,22260921
0.98,238,fixed_repeated,0,198,198,True,54,764,22260921
0.98,239,fixed_repeated,7,199,199,True,54,764,22260921
0.98,240,fixed_repeated,0,199,199,True,36,710,22260921
0.98,241,fixed_repeated,0,200,200,True,36,710,22260921
0.98,242,fixed_repeated,1,198,198,True,70,812,22260921
0.98,243,fixed_repeated,0,199,199,True,36,710,22260921
0.98,244,fixed_repeated,6,199,199,True,54,764,22260921
0.98,245,fixed_repeated,1,198,198,True,70,812,22260921
0.98,246,fixed_repeated,2,197,197,True,36,710,22260921
0.98,247,fixed_repeated,6,198,198,True,36,710,22260921
0.98,248,fixed_repeated,4,199,199,True,36,710,22260921
0.98,249,fixed_repeated,0,198,198,True,54,764,22260921
0.98,250,fixed_repeated,5,199,199,True,36,710,22260921
0.98,251,fixed_repeated,3,197,197,True,70,812,22260921
0.98,252,fixed_repeated,1,197,197,True,36,710,22260921
0.98,253,fixed_repeated,0,198,198,True,36,710,22260921
0.98,254,fixed_repeated,5,199,199,True,54,764,22260921
0.98,255,fixed_repeated,3,198,198,True,70,812,22260921
0.98,256,fixed_repeated,1,198,198,True,36,710,22260921
0.98,257,fixed_repeated,6,198,198,True,54,764,22260921
0.98,258,fixed_repeated,4,199,199,True,36,710,22260921
0.98,259,fixed_repeated,4,199,199,True,36,710,22260921
0.98,260,fixed_repeated,6,200,200,True,54,764,22260921
0.98,261,fixed_repeated,4,199,199,True,36,710,22260921
0.98,262,fixed_repeated,2,199,199,True,36,710,22260921
0.98,263,fixed_repeated,5,199,199,True,36,710,22260921
0.98,264,fixed_repeated,1,199,199,True,36,710,22260921
0.98,265,fixed_repeated,6,199,199,True,70,812,22260921
0.98,266,fixed_repeated,0,198,198,True,36,710,22260921
0.98,267,fixed_repeated,5,200,200,True,70,812,22260921
0.98,268,fixed_repeated,1,199,199,True,36,710,22260921
0.98,269,fixed_repeated,3,198,198,True,85,857,22260921
0.98,270,fixed_repeated,1,198,198,True,54,764,22260921
0.98,271,fixed_repeated,5,199,199,True,54,764,22260921
0.98,272,fixed_repeated,0,198,198,True,36,710,22260921
0.98,273,fixed_repeated,6,199,199,True,100,902,22260921
0.98,274,fixed_repeated,0,197,197,True,70,812,22260921
0.98,275,fixed_repeated,0,197,197,True,36,710,22260921
0.98,276,fixed_repeated,1,197,197,True,36,710,22260921
0.98,277,fixed_repeated,2,198,198,True,36,710,22260921
0.98,278,fixed_repeated,0,198,198,True,36,710,22260921
0.98,279,fixed_repeated,2,198,198,True,36,710,22260921
0.98,280,fixed_repeated,4,199,199,True,36,710,22260921
0.98,281,fixed_repeated,3,197,197,True,127,983,22260921
0.98,282,fixed_repeated,4,197,197,True,70,812,22260921
0.98,283,fixed_repeated,0,198,198,True,54,764,22260921
0.98,284,fixed_repeated,6,199,199,True,70,812,22260921
0.98,285,fixed_repeated,4,199,199,True,36,710,22260921
0.98,286,fixed_repeated,4,198,198,True,54,764,22260921
0.98,287,fixed_repeated,1,197,197,True,100,902,22260921
0.98,288,fixed_repeated,4,199,199,True,70,812,22260921
0.98,289,fixed_repeated,4,198,198,True,70,812,22260921
0.98,290,fixed_repeated,5,198,198,True,70,812,22260921
0.98,291,fixed_repeated,4,198,198,True,36,710,22260921
0.98,292,fixed_repeated,5,199,199,True,70,812,22260921
0.98,293,fixed_repeated,6,198,198,True,70,812,22260921
0.98,294,fixed_repeated,1,199,199,True,36,710,22260921
0.98,295,fixed_repeated,7,199,199,True,36,710,22260921
0.98,296,fixed_repeated,6,199,199,True,36,710,22260921
0.98,297,fixed_repeated,2,199,199,True,54,764,22260921
0.98,298,fixed_repeated,0,197,197,True,36,710,22260921
0.98,299,fixed_repeated,5,199,199,True,36,710,22260921
0.98,300,fixed_repeated,1,199,199,True,54,764,22260921
0.98,301,fixed_repeated,1,199,199,True,54,764,22260921
0.98,302,fixed_repeated,0,196,196,True,100,902,22260921
0.98,303,fixed_repeated,0,198,198,True,36,710,22260921
0.98,304,fixed_repeated,0,200,200,True,54,764,22260921
0.98,305,fixed_repeated,5,199,199,True,36,710,22260921
0.98,306,fixed_repeated,0,197,197,True,54,764,22260921
0.98,307,fixed_repeated,2,200,200,True,36,710,22260921
0.98,308,fixed_repeated,3,198,198,True,85,857,22260921
0.98,309,fixed_repeated,0,199,199,True,54,764,22260921
0.98,310,fixed_repeated,6,200,200,True,36,710,22260921
0.98,311,fixed_repeated,2,198,198,True,36,710,22260921
0.98,312,fixed_repeated,5,199,199,True,36,710,22260921
0.98,313,fixed_repeated,4,198,198,True,36,710,22260921
0.98,314,fixed_repeated,5,198,198,True,114,944,22260921
0.98,315,fixed_repeated,4,199,199,True,70,812,22260921
0.98,316,fixed_repeated,3,199,199,True,70,812,22260921
0.98,317,fixed_repeated,5,198,198,True,54,764,22260921
0.98,318,fixed_repeated,2,197,197,True,154,1064,22260921
0.98,319,fixed_repeated,1,197,197,True,36,710,22260921
0.98,320,fixed_repeated,1,198,198,True,36,710,22260921
0.98,321,fixed_repeated,4,198,198,True,114,944,22260921
0.98,322,fixed_repeated,0,199,199,True,36,710,22260921
0.98,323,fixed_repeated,5,199,199,True,54,764,22260921
0.98,324,fixed_repeated,6,199,199,True,36,710,22260921
0.98,325,fixed_repeated,1,199,199,True,70,812,22260921
0.98,326,fixed_repeated,4,199,199,True,114,944,22260921
0.98,327,fixed_repeated,4,199,199,True,54,764,22260921
0.98,328,fixed_repeated,0,197,197,True,85,857,22260921
0.98,329,fixed_repeated,6,199,199,True,36,710,22260921
0.98,330,fixed_repeated,6,198,198,True,36,710,22260921
0.98,331,fixed_repeated,6,199,199,True,36,710,22260921
0.98,332,fixed_repeated,4,198,198,True,36,710,22260921
0.98,333,fixed_repeated,4,199,199,True,54,764,22260921
0.98,334,fixed_repeated,6,199,199,True,54,764,22260921
0.98,335,fixed_repeated,0,197,197,True,36,710,22260921
0.98,336,fixed_repeated,6,198,198,True,54,764,22260921
0.98,337,fixed_repeated,1,198,198,True,36,710,22260921
0.98,338,fixed_repeated,4,199,199,True,54,764,22260921
0.98,339,fixed_repeated,3,200,200,True,36,710,22260921
0.98,340,fixed_repeated,1,198,198,True,54,764,22260921
0.98,341,fixed_repeated,0,200,200,True,70,812,22260921
0.98,342,fixed_repeated,0,199,199,True,36,710,22260921
0.98,343,fixed_repeated,1,198,198,True,36,710,22260921
0.98,344,fixed_repeated,4,199,199,True,36,710,22260921
0.98,345,fixed_repeated,4,198,198,True,36,710,22260921
0.98,346,fixed_repeated,4,198,198,True,54,764,22260921
0.98,347,fixed_repeated,4,199,199,True,54,764,22260921
0.98,348,fixed_repeated,3,198,198,True,54,764,22260921
0.98,349,fixed_repeated,6,199,199,True,70,812,22260921
0.98,350,fixed_repeated,4,200,200,True,54,764,22260921
0.98,351,fixed_repeated,2,199,199,True,36,710,22260921
0.98,352,fixed_repeated,0,197,197,True,36,710,22260921
0.98,353,fixed_repeated,1,199,199,True,70,812,22260921
0.98,354,fixed_repeated,1,199,199,True,36,710,22260921
0.98,355,fixed_repeated,2,198,198,True,36,710,22260921
0.98,356,fixed_repeated,0,197,197,True,36,710,22260921
0.98,357,fixed_repeated,2,198,198,True,85,857,22260921
0.98,358,fixed_repeated,3,198,198,True,54,764,22260921
0.98,359,fixed_repeated,3,199,199,True,70,812,22260921
0.98,360,fixed_repeated,0,197,197,True,54,764,22260921
0.98,361,fixed_repeated,1,198,198,True,70,812,22260921
0.98,362,fixed_repeated,6,199,199,True,36,710,22260921
0.98,363,fixed_repeated,3,199,199,True,36,710,22260921
0.98,364,fixed_repeated,3,199,199,True,54,764,22260921
0.98,365,fixed_repeated,0,199,199,True,36,710,22260921
0.98,366,fixed_repeated,0,196,196,True,36,710,22260921
0.98,367,fixed_repeated,4,198,198,True,36,710,22260921
0.98,368,fixed_repeated,2,198,198,True,70,812,22260921
0.98,369,fixed_repeated,4,199,199,True,36,710,22260921
0.98,370,fixed_repeated,7,199,199,True,36,710,22260921
0.98,371,fixed_repeated,4,200,200,True,36,710,22260921
0.98,372,fixed_repeated,0,199,199,True,36,710,22260921
0.98,373,fixed_repeated,4,200,200,True,85,857,22260921
0.98,374,fixed_repeated,3,198,198,True,54,764,22260921
0.98,375,fixed_repeated,2,198,198,True,36,710,22260921
0.98,376,fixed_repeated,0,199,199,True,54,764,22260921
0.98,377,fixed_repeated,5,199,199,True,54,764,22260921
0.98,378,fixed_repeated,0,198,198,True,54,764,22260921
0.98,379,fixed_repeated,0,198,198,True,100,902,22260921
0.98,380,fixed_repeated,7,200,200,True,54,764,22260921
0.98,381,fixed_repeated,6,200,200,True,36,710,22260921
0.98,382,fixed_repeated,0,198,198,True,54,764,22260921
0.98,383,fixed_repeated,5,198,198,True,36,710,22260921
0.98,384,fixed_repeated,6,198,198,True,114,944,22260921
0.98,385,fixed_repeated,4,198,198,True,54,764,22260921
0.98,386,fixed_repeated,7,198,198,True,36,710,22260921
0.98,387,fixed_repeated,5,200,200,True,36,710,22260921
0.98,388,fixed_repeated,0,199,199,True,54,764,22260921
0.98,389,fixed_repeated,2,197,197,True,36,710,22260921
0.98,390,fixed_repeated,4,198,198,True,36,710,22260921
0.98,391,fixed_repeated,7,197,197,True,54,764,22260921
0.98,392,fixed_repeated,1,199,199,True,36,710,22260921
0.98,393,fixed_repeated,3,198,198,True,85,857,22260921
0.98,394,fixed_repeated,3,198,198,True,54,764,22260921
0.98,395,fixed_repeated,2,199,199,True,54,764,22260921
0.98,396,fixed_repeated,2,197,197,True,36,710,22260921
0.98,397,fixed_repeated,0,196,196,True,36,710,22260921
0.98,398,fixed_repeated,5,198,198,True,36,710,22260921
0.98,399,fixed_repeated,4,197,197,True,36,710,22260921
0.98,400,fixed_repeated,4,198,198,True,36,710,22260921
0.98,401,fixed_repeated,0,198,198,True,36,710,22260921
0.98,402,fixed_repeated,3,200,200,True,54,764,22260921
0.98,403,fixed_repeated,3,199,199,True,36,710,22260921
0.98,404,fixed_repeated,3,198,198,True,54,764,22260921
0.98,405,fixed_repeated,2,200,200,True,36,710,22260921
0.98,406,fixed_repeated,1,198,198,True,36,710,22260921
0.98,407,fixed_repeated,1,198,198,True,85,857,22260921
0.98,408,fixed_repeated,3,198,198,True,70,812,22260921
0.98,409,fixed_repeated,7,199,199,True,36,710,22260921
0.98,410,fixed_repeated,1,198,198,True,154,1064,22260921
0.98,411,fixed_repeated,0,197,197,True,36,710,22260921
0.98,412,fixed_repeated,7,199,199,True,36,710,22260921
0.98,413,fixed_repeated,3,198,198,True,36,710,22260921
0.98,414,fixed_repeated,1,198,198,True,36,710,22260921
0.98,415,fixed_repeated,6,199,199,True,36,710,22260921
0.98,416,fixed_repeated,2,197,197,True,70,812,22260921
0.98,417,fixed_repeated,0,197,197,True,127,983,22260921
0.98,418,fixed_repeated,3,198,198,True,141,1025,22260921
0.98,419,fixed_repeated,0,198,198,True,36,710,22260921
0.98,420,fixed_repeated,3,200,200,True,54,764,22260921
0.98,421,fixed_repeated,2,200,200,True,36,710,22260921
0.98,422,fixed_repeated,4,199,199,True,54,764,22260921
0.98,423,fixed_repeated,1,199,199,True,36,710,22260921
0.98,424,fixed_repeated,3,200,200,True,70,812,22260921
0.98,425,fixed_repeated,4,198,198,True,36,710,22260921
0.98,426,fixed_repeated,1,198,198,True,36,710,22260921
0.98,427,fixed_repeated,1,200,200,True,70,812,22260921
0.98,428,fixed_repeated,0,198,198,True,70,812,22260921
0.98,429,fixed_repeated,0,200,200,True,36,710,22260921
0.98,430,fixed_repeated,3,199,199,True,70,812,22260921
0.98,431,fixed_repeated,0,198,198,True,54,764,22260921
0.98,432,fixed_repeated,4,198,198,True,54,764,22260921
0.98,433,fixed_repeated,5,200,200,True,36,710,22260921
0.98,434,fixed_repeated,3,199,199,True,70,812,22260921
0.98,435,fixed_repeated,5,199,199,True,36,710,22260921
0.98,436,fixed_repeated,3,196,196,True,36,710,22260921
0.98,437,fixed_repeated,6,198,198,True,54,764,22260921
0.98,438,fixed_repeated,1,200,200,True,36,710,22260921
0.98,439,fixed_repeated,1,199,199,True,36,710,22260921
0.98,440,fixed_repeated,5,198,198,True,54,764,22260921
0.98,441,fixed_repeated,6,199,199,True,85,857,22260921
0.98,442,fixed_repeated,5,200,200,True,54,764,22260921
0.98,443,fixed_repeated,1,198,198,True,36,710,22260921
0.98,444,fixed_repeated,2,199,199,True,36,710,22260921
0.98,445,fixed_repeated,2,200,200,True,54,764,22260921
0.98,446,fixed_repeated,0,199,199,True,141,1025,22260921
0.98,447,fixed_repeated,2,198,198,True,54,764,22260921
0.98,448,fixed_repeated,2,198,198,True,36,710,22260921
0.98,449,fixed_repeated,6,199,199,True,36,710,22260921
0.98,450,fixed_repeated,2,199,199,True,36,710,22260921
0.98,451,fixed_repeated,0,198,198,True,36,710,22260921
0.98,452,fixed_repeated,3,197,197,True,36,710,22260921
0.98,453,fixed_repeated,6,198,198,True,54,764,22260921
0.98,454,fixed_repeated,1,198,198,True,36,710,22260921
0.98,455,fixed_repeated,0,195,195,True,36,710,22260921
0.98,456,fixed_repeated,1,199,199,True,54,764,22260921
0.98,457,fixed_repeated,1,198,198,True,36,710,22260921
0.98,458,fixed_repeated,5,199,199,True,85,857,22260921
0.98,459,fixed_repeated,0,199,199,True,36,710,22260921
0.98,460,fixed_repeated,6,199,199,True,70,812,22260921
0.98,461,fixed_repeated,0,199,199,True,36,710,22260921
0.98,462,fixed_repeated,0,199,199,True,70,812,22260921
0.98,463,fixed_repeated,1,199,199,True,100,902,22260921
0.98,464,fixed_repeated,5,198,198,True,36,710,22260921
0.98,465,fixed_repeated,1,199,199,True,85,857,22260921
0.98,466,fixed_repeated,2,196,196,True,54,764,22260921
0.98,467,fixed_repeated,1,200,200,True,70,812,22260921
0.98,468,fixed_repeated,0,198,198,True,36,710,22260921
0.98,469,fixed_repeated,7,198,198,True,36,710,22260921
0.98,470,fixed_repeated,2,198,198,True,36,710,22260921
0.98,471,fixed_repeated,2,199,199,True,70,812,22260921
0.98,472,fixed_repeated,2,200,200,True,36,710,22260921
0.98,473,fixed_repeated,0,199,199,True,36,710,22260921
0.98,474,fixed_repeated,2,199,199,True,36,710,22260921
0.98,475,fixed_repeated,4,199,199,True,70,812,22260921
0.98,476,fixed_repeated,6,199,199,True,36,710,22260921
0.98,477,fixed_repeated,7,198,198,True,54,764,22260921
0.98,478,fixed_repeated,6,199,199,True,70,812,22260921
0.98,479,fixed_repeated,4,198,198,True,36,710,22260921
0.98,480,fixed_repeated,5,200,200,True,36,710,22260921
0.98,481,fixed_repeated,5,197,197,True,54,764,22260921
0.98,482,fixed_repeated,5,198,198,True,70,812,22260921
0.98,483,fixed_repeated,3,199,199,True,36,710,22260921
0.98,484,fixed_repeated,3,200,200,True,70,812,22260921
0.98,485,fixed_repeated,7,199,199,True,36,710,22260921
0.98,486,fixed_repeated,0,197,197,True,54,764,22260921
0.98,487,fixed_repeated,1,200,200,True,36,710,22260921
0.98,488,fixed_repeated,1,198,198,True,54,764,22260921
0.98,489,fixed_repeated,3,199,199,True,54,764,22260921
0.98,490,fixed_repeated,0,199,199,True,36,710,22260921
0.98,491,fixed_repeated,1,197,197,True,127,983,22260921
0.98,492,fixed_repeated,6,199,199,True,54,764,22260921
0.98,493,fixed_repeated,5,199,199,True,85,857,22260921
0.98,494,fixed_repeated,0,199,199,True,54,764,22260921
0.98,495,fixed_repeated,4,199,199,True,70,812,22260921
0.98,496,fixed_repeated,4,198,198,True,70,812,22260921
0.98,497,fixed_repeated,7,198,198,True,36,710,22260921
0.98,498,fixed_repeated,6,199,199,True,36,710,22260921
0.98,499,fixed_repeated,0,198,198,True,36,710,22260921
0.98,500,fixed_repeated,4,198,198,True,54,764,22260921
0.98,501,fixed_repeated,7,199,199,True,36,710,22260921
0.98,502,fixed_repeated,7,199,199,True,54,764,22260921
0.98,503,fixed_repeated,0,200,200,True,54,764,22260921
0.98,504,fixed_repeated,1,198,198,True,114,944,22260921
0.98,505,fixed_repeated,0,200,200,True,36,710,22260921
0.98,506,fixed_repeated,0,197,197,True,70,812,22260921
0.98,507,fixed_repeated,6,199,199,True,36,710,22260921
0.98,508,fixed_repeated,7,199,199,True,36,710,22260921
0.98,509,fixed_repeated,2,199,199,True,36,710,22260921
0.98,510,fixed_repeated,4,199,199,True,36,710,22260921
0.98,511,fixed_repeated,6,198,198,True,70,812,22260921
0.98,512,fixed_repeated,7,199,199,True,36,710,22260921
0.98,513,fixed_repeated,1,197,197,True,36,710,22260921
0.98,514,fixed_repeated,0,198,198,True,36,710,22260921
0.98,515,fixed_repeated,7,199,199,True,36,710,22260921
0.98,516,fixed_repeated,4,198,198,True,54,764,22260921
0.98,517,fixed_repeated,1,199,199,True,36,710,22260921
0.98,518,fixed_repeated,0,200,200,True,36,710,22260921
0.98,519,fixed_repeated,6,198,198,True,36,710,22260921
0.98,520,fixed_repeated,5,199,199,True,36,710,22260921
0.98,521,fixed_repeated,0,199,199,True,70,812,22260921
0.98,522,fixed_repeated,1,200,200,True,36,710,22260921
0.98,523,fixed_repeated,0,197,197,True,36,710,22260921
0.98,524,fixed_repeated,4,198,198,True,114,944,22260921
0.98,525,fixed_repeated,3,199,199,True,36,710,22260921
0.98,526,fixed_repeated,1,198,198,True,36,710,22260921
0.98,527,fixed_repeated,0,199,199,True,36,710,22260921
0.98,528,fixed_repeated,6,199,199,True,54,764,22260921
0.98,529,fixed_repeated,5,199,199,True,54,764,22260921
0.98,530,fixed_repeated,4,200,200,True,36,710,22260921
0.98,531,fixed_repeated,5,200,200,True,36,710,22260921
0.98,532,fixed_repeated,4,200,200,True,54,764,22260921
0.98,533,fixed_repeated,0,199,199,True,54,764,22260921
0.98,534,fixed_repeated,5,199,199,True,36,710,22260921
0.98,535,fixed_repeated,4,199,199,True,36,710,22260921
0.98,536,fixed_repeated,4,198,198,True,54,764,22260921
0.98,537,fixed_repeated,3,198,198,True,36,710,22260921
0.98,538,fixed_repeated,2,198,198,True,36,710,22260921
0.98,539,fixed_repeated,7,198,198,True,36,710,22260921
0.98,540,fixed_repeated,7,199,199,True,36,710,22260921
0.98,541,fixed_repeated,4,199,199,True,36,710,22260921
0.98,542,fixed_repeated,3,198,198,True,36,710,22260921
0.98,543,fixed_repeated,2,198,198,True,36,710,22260921
0.98,544,fixed_repeated,4,200,200,True,54,764,22260921
0.98,545,fixed_repeated,4,198,198,True,54,764,22260921
0.98,546,fixed_repeated,4,198,198,True,54,764,22260921
0.98,547,fixed_repeated,0,198,198,True,36,710,22260921
0.98,548,fixed_repeated,0,197,197,True,36,710,22260921
0.98,549,fixed_repeated,2,199,199,True,100,902,22260921
0.98,550,fixed_repeated,2,198,198,True,36,710,22260921
0.98,551,fixed_repeated,2,200,200,True,54,764,22260921
0.98,552,fixed_repeated,3,198,198,True,54,764,22260921
0.98,553,fixed_repeated,1,199,199,True,36,710,22260921
0.98,554,fixed_repeated,5,199,199,True,54,764,22260921
0.98,555,fixed_repeated,4,200,200,True,54,764,22260921
0.98,556,fixed_repeated,3,199,199,True,36,710,22260921
0.98,557,fixed_repeated,6,198,198,True,70,812,22260921
0.98,558,fixed_repeated,6,200,200,True,54,764,22260921
0.98,559,fixed_repeated,1,199,199,True,114,944,22260921
0.98,560,fixed_repeated,0,198,198,True,36,710,22260921
0.98,561,fixed_repeated,4,197,197,True,36,710,22260921
0.98,562,fixed_repeated,0,199,199,True,36,710,22260921
0.98,563,fixed_repeated,1,200,200,True,36,710,22260921
0.98,564,fixed_repeated,7,198,198,True,54,764,22260921
0.98,565,fixed_repeated,4,200,200,True,54,764,22260921
0.98,566,fixed_repeated,3,200,200,True,70,812,22260921
0.98,567,fixed_repeated,1,198,198,True,36,710,22260921
0.98,568,fixed_repeated,2,198,198,True,70,812,22260921
0.98,569,fixed_repeated,7,198,198,True,54,764,22260921
0.98,570,fixed_repeated,1,198,198,True,54,764,22260921
0.98,571,fixed_repeated,7,197,197,True,36,710,22260921
0.98,572,fixed_repeated,7,200,200,True,85,857,22260921
0.98,573,fixed_repeated,3,198,198,True,85,857,22260921
0.98,574,fixed_repeated,0,198,198,True,100,902,22260921
0.98,575,fixed_repeated,1,197,197,True,54,764,22260921
0.98,576,fixed_repeated,1,198,198,True,54,764,22260921
0.98,577,fixed_repeated,6,199,199,True,54,764,22260921
0.98,578,fixed_repeated,0,199,199,True,36,710,22260921
0.98,579,fixed_repeated,6,199,199,True,54,764,22260921
0.98,580,fixed_repeated,1,199,199,True,36,710,22260921
0.98,581,fixed_repeated,2,198,198,True,154,1064,22260921
0.98,582,fixed_repeated,2,197,197,True,85,857,22260921
0.98,583,fixed_repeated,0,197,197,True,54,764,22260921
0.98,584,fixed_repeated,6,199,199,True,70,812,22260921
0.98,585,fixed_repeated,4,196,196,True,36,710,22260921
0.98,586,fixed_repeated,5,199,199,True,36,710,22260921
0.98,587,fixed_repeated,7,199,199,True,36,710,22260921
0.98,588,fixed_repeated,5,199,199,True,54,764,22260921
0.98,589,fixed_repeated,2,199,199,True,54,764,22260921
0.98,590,fixed_repeated,2,198,198,True,36,710,22260921
0.98,591,fixed_repeated,0,198,198,True,70,812,22260921
0.98,592,fixed_repeated,3,197,197,True,70,812,22260921
0.98,593,fixed_repeated,6,199,199,True,36,710,22260921
0.98,594,fixed_repeated,1,198,198,True,54,764,22260921
0.98,595,fixed_repeated,0,199,199,True,70,812,22260921
0.98,596,fixed_repeated,4,199,199,True,127,983,22260921
0.98,597,fixed_repeated,4,199,199,True,36,710,22260921
0.98,598,fixed_repeated,0,198,198,True,36,710,22260921
0.98,599,fixed_repeated,0,199,199,True,36,710,22260921
0.98,600,fixed_repeated,1,197,197,True,85,857,22260921
0.98,601,fixed_repeated,6,199,199,True,70,812,22260921
0.98,602,fixed_repeated,5,198,198,True,54,764,22260921
0.98,603,fixed_repeated,1,198,198,True,114,944,22260921
0.98,604,fixed_repeated,1,198,198,True,36,710,22260921
0.98,605,fixed_repeated,0,197,197,True,100,902,22260921
0.98,606,fixed_repeated,5,199,199,True,36,710,22260921
0.98,607,fixed_repeated,5,199,199,True,85,857,22260921
0.98,608,fixed_repeated,1,199,199,True,85,857,22260921
0.98,609,fixed_repeated,7,200,200,True,54,764,22260921
0.98,610,fixed_repeated,0,199,199,True,70,812,22260921
0.98,611,fixed_repeated,0,199,199,True,54,764,22260921
0.98,612,fixed_repeated,1,199,199,True,36,710,22260921
0.98,613,fixed_repeated,4,198,198,True,36,710,22260921
0.98,614,fixed_repeated,4,198,198,True,36,710,22260921
0.98,615,fixed_repeated,2,198,198,True,36,710,22260921
0.98,616,fixed_repeated,7,199,199,True,54,764,22260921
0.98,617,fixed_repeated,1,198,198,True,36,710,22260921
0.98,618,fixed_repeated,4,198,198,True,36,710,22260921
0.98,619,fixed_repeated,2,198,198,True,36,710,22260921
0.98,620,fixed_repeated,7,198,198,True,36,710,22260921
0.98,621,fixed_repeated,0,197,197,True,85,857,22260921
0.98,622,fixed_repeated,6,198,198,True,36,710,22260921
0.98,623,fixed_repeated,0,197,197,True,36,710,22260921
0.98,624,fixed_repeated,5,199,199,True,36,710,22260921
0.98,625,fixed_repeated,2,200,200,True,36,710,22260921
0.98,626,fixed_repeated,0,199,199,True,36,710,22260921
0.98,627,fixed_repeated,1,199,199,True,54,764,22260921
0.98,628,fixed_repeated,2,198,198,True,36,710,22260921
0.98,629,fixed_repeated,2,199,199,True,54,764,22260921
0.98,630,fixed_repeated,0,198,198,True,54,764,22260921
0.98,631,fixed_repeated,6,199,199,True,85,857,22260921
0.98,632,fixed_repeated,0,199,199,True,36,710,22260921
0.98,633,fixed_repeated,4,199,199,True,85,857,22260921
0.98,634,fixed_repeated,1,200,200,True,36,710,22260921
0.98,635,fixed_repeated,4,198,198,True,36,710,22260921
0.98,636,fixed_repeated,1,199,199,True,70,812,22260921
0.98,637,fixed_repeated,7,199,199,True,36,710,22260921
0.98,638,fixed_repeated,3,199,199,True,36,710,22260921
0.98,639,fixed_repeated,5,199,199,True,36,710,22260921
0.98,640,fixed_repeated,2,199,199,True,100,902,22260921
0.98,641,fixed_repeated,2,198,198,True,85,857,22260921
0.98,642,fixed_repeated,5,198,198,True,36,710,22260921
0.98,643,fixed_repeated,4,200,200,True,36,710,22260921
0.98,644,fixed_repeated,7,200,200,True,36,710,22260921
0.98,645,fixed_repeated,0,198,198,True,36,710,22260921
0.98,646,fixed_repeated,1,199,199,True,54,764,22260921
0.98,647,fixed_repeated,4,199,199,True,54,764,22260921
0.98,648,fixed_repeated,7,199,199,True,100,902,22260921
0.98,649,fixed_repeated,1,200,200,True,54,764,22260921
0.98,650,fixed_repeated,0,199,199,True,54,764,22260921
0.98,651,fixed_repeated,2,198,198,True,54,764,22260921
0.98,652,fixed_repeated,7,198,198,True,36,710,22260921
0.98,653,fixed_repeated,3,199,199,True,70,812,22260921
0.98,654,fixed_repeated,1,198,198,True,36,710,22260921
0.98,655,fixed_repeated,1,199,199,True,70,812,22260921
0.98,656,fixed_repeated,7,199,199,True,36,710,22260921
0.98,657,fixed_repeated,2,198,198,True,36,710,22260921
0.98,658,fixed_repeated,2,199,199,True,36,710,22260921
0.98,659,fixed_repeated,2,199,199,True,54,764,22260921
0.98,660,fixed_repeated,2,199,199,True,36,710,22260921
0.98,661,fixed_repeated,0,197,197,True,36,710,22260921
0.98,662,fixed_repeated,6,199,199,True,54,764,22260921
0.98,663,fixed_repeated,6,198,198,True,54,764,22260921
0.98,664,fixed_repeated,5,198,198,True,54,764,22260921
0.98,665,fixed_repeated,0,198,198,True,36,710,22260921
0.98,666,fixed_repeated,2,199,199,True,36,710,22260921
0.98,667,fixed_repeated,0,198,198,True,70,812,22260921
0.98,668,fixed_repeated,5,198,198,True,70,812,22260921
0.98,669,fixed_repeated,2,198,198,True,54,764,22260921
0.98,670,fixed_repeated,7,199,199,True,36,710,22260921
0.98,671,fixed_repeated,5,197,197,True,54,764,22260921
0.98,672,fixed_repeated,1,198,198,True,36,710,22260921
0.98,673,fixed_repeated,7,198,198,True,36,710,22260921
0.98,674,fixed_repeated,0,197,197,True,36,710,22260921
0.98,675,fixed_repeated,0,198,198,True,54,764,22260921
0.98,676,fixed_repeated,4,199,199,True,36,710,22260921
0.98,677,fixed_repeated,5,198,198,True,85,857,22260921
0.98,678,fixed_repeated,5,198,198,True,36,710,22260921
0.98,679,fixed_repeated,4,199,199,True,54,764,22260921
0.98,680,fixed_repeated,3,198,198,True,36,710,22260921
0.98,681,fixed_repeated,7,197,197,True,70,812,22260921
0.98,682,fixed_repeated,2,200,200,True,36,710,22260921
0.98,683,fixed_repeated,7,199,199,True,36,710,22260921
0.98,684,fixed_repeated,7,199,199,True,54,764,22260921
0.98,685,fixed_repeated,1,199,199,True,54,764,22260921
0.98,686,fixed_repeated,2,200,200,True,54,764,22260921
0.98,687,fixed_repeated,3,199,199,True,54,764,22260921
0.98,688,fixed_repeated,2,200,200,True,70,812,22260921
0.98,689,fixed_repeated,4,198,198,True,85,857,22260921
0.98,690,fixed_repeated,0,200,200,True,85,857,22260921
0.98,691,fixed_repeated,5,200,200,True,70,812,22260921
0.98,692,fixed_repeated,5,199,199,True,36,710,22260921
0.98,693,fixed_repeated,7,199,199,True,36,710,22260921
0.98,694,fixed_repeated,5,198,198,True,54,764,22260921
0.98,695,fixed_repeated,2,198,198,True,36,710,22260921
0.98,696,fixed_repeated,4,199,199,True,54,764,22260921
0.98,697,fixed_repeated,0,199,199,True,70,812,22260921
0.98,698,fixed_repeated,0,199,199,True,36,710,22260921
0.98,699,fixed_repeated,6,198,198,True,36,710,22260921
0.98,700,fixed_repeated,1,198,198,True,36,710,22260921
0.98,701,fixed_repeated,5,199,199,True,70,812,22260921
0.98,702,fixed_repeated,6,200,200,True,36,710,22260921
0.98,703,fixed_repeated,1,200,200,True,36,710,22260921
0.98,704,fixed_repeated,4,200,200,True,36,710,22260921
0.98,705,fixed_repeated,1,198,198,True,36,710,22260921
0.98,706,fixed_repeated,4,198,198,True,36,710,22260921
0.98,707,fixed_repeated,3,198,198,True,36,710,22260921
0.98,708,fixed_repeated,0,198,198,True,36,710,22260921
0.98,709,fixed_repeated,0,199,199,True,141,1025,22260921
0.98,710,fixed_repeated,4,199,199,True,36,710,22260921
0.98,711,fixed_repeated,1,200,200,True,114,944,22260921
0.98,712,fixed_repeated,7,200,200,True,54,764,22260921
0.98,713,fixed_repeated,0,199,199,True,54,764,22260921
0.98,714,fixed_repeated,7,198,198,True,36,710,22260921
0.98,715,fixed_repeated,5,199,199,True,85,857,22260921
0.98,716,fixed_repeated,6,198,198,True,36,710,22260921
0.98,717,fixed_repeated,5,200,200,True,54,764,22260921
0.98,718,fixed_repeated,2,199,199,True,54,764,22260921
0.98,719,fixed_repeated,4,199,199,True,85,857,22260921
0.98,720,fixed_repeated,2,198,198,True,36,710,22260921
0.98,721,fixed_repeated,5,199,199,True,36,710,22260921
0.98,722,fixed_repeated,4,199,199,True,36,710,22260921
0.98,723,fixed_repeated,1,198,198,True,70,812,22260921
0.98,724,fixed_repeated,3,200,200,True,85,857,22260921
0.98,725,fixed_repeated,5,200,200,True,70,812,22260921
0.98,726,fixed_repeated,3,199,199,True,54,764,22260921
0.98,727,fixed_repeated,4,198,198,True,36,710,22260921
0.98,728,fixed_repeated,3,198,198,True,36,710,22260921
0.98,729,fixed_repeated,6,199,199,True,36,710,22260921
0.98,730,fixed_repeated,0,197,197,True,54,764,22260921
0.98,731,fixed_repeated,4,198,198,True,100,902,22260921
0.98,732,fixed_repeated,0,197,197,True,54,764,22260921
0.98,733,fixed_repeated,4,198,198,True,114,944,22260921
0.98,734,fixed_repeated,4,199,199,True,36,710,22260921
0.98,735,fixed_repeated,3,199,199,True,36,710,22260921
0.98,736,fixed_repeated,3,199,199,True,36,710,22260921
0.98,737,fixed_repeated,0,200,200,True,54,764,22260921
0.98,738,fixed_repeated,0,200,200,True,70,812,22260921
0.98,739,fixed_repeated,4,199,199,True,85,857,22260921
0.98,740,fixed_repeated,7,200,200,True,54,764,22260921
0.98,741,fixed_repeated,6,198,198,True,36,710,22260921
0.98,742,fixed_repeated,2,198,198,True,36,710,22260921
0.98,743,fixed_repeated,0,198,198,True,36,710,22260921
0.98,744,fixed_repeated,7,199,199,True,36,710,22260921
0.98,745,fixed_repeated,6,199,199,True,36,710,22260921
0.98,746,fixed_repeated,4,200,200,True,54,764,22260921
0.98,747,fixed_repeated,5,199,199,True,36,710,22260921
0.98,748,fixed_repeated,1,198,198,True,36,710,22260921
0.98,749,fixed_repeated,0,198,198,True,54,764,22260921
0.98,750,fixed_repeated,2,199,199,True,54,764,22260921
0.98,751,fixed_repeated,6,200,200,True,36,710,22260921
0.98,752,fixed_repeated,0,198,198,True,36,710,22260921
0.98,753,fixed_repeated,0,198,198,True,36,710,22260921
0.98,754,fixed_repeated,3,198,198,True,36,710,22260921
0.98,755,fixed_repeated,0,198,198,True,36,710,22260921
0.98,756,fixed_repeated,7,199,199,True,36,710,22260921
0.98,757,fixed_repeated,1,198,198,True,36,710,22260921
0.98,758,fixed_repeated,6,200,200,True,54,764,22260921
0.98,759,fixed_repeated,4,198,198,True,54,764,22260921
0.98,760,fixed_repeated,3,199,199,True,36,710,22260921
0.98,761,fixed_repeated,2,198,198,True,36,710,22260921
0.98,762,fixed_repeated,3,199,199,True,36,710,22260921
0.98,763,fixed_repeated,0,198,198,True,36,710,22260921
0.98,764,fixed_repeated,2,198,198,True,54,764,22260921
0.98,765,fixed_repeated,1,197,197,True,54,764,22260921
0.98,766,fixed_repeated,5,200,200,True,70,812,22260921
0.98,767,fixed_repeated,0,199,199,True,141,1025,22260921
0.98,768,fixed_repeated,1,199,199,True,36,710,22260921
0.98,769,fixed_repeated,2,197,197,True,114,944,22260921
0.98,770,fixed_repeated,1,198,198,True,36,710,22260921
0.98,771,fixed_repeated,2,198,198,True,114,944,22260921
0.98,772,fixed_repeated,5,199,199,True,70,812,22260921
0.98,773,fixed_repeated,6,198,198,True,36,710,22260921
0.98,774,fixed_repeated,5,197,197,True,85,857,22260921
0.98,775,fixed_repeated,3,197,197,True,54,764,22260921
0.98,776,fixed_repeated,4,198,198,True,36,710,22260921
0.98,777,fixed_repeated,3,197,197,True,36,710,22260921
0.98,778,fixed_repeated,3,196,196,True,114,944,22260921
0.98,779,fixed_repeated,0,199,199,True,54,764,22260921
0.98,780,fixed_repeated,3,198,198,True,36,710,22260921
0.98,781,fixed_repeated,0,199,199,True,36,710,22260921
0.98,782,fixed_repeated,6,198,198,True,36,710,22260921
0.98,783,fixed_repeated,0,199,199,True,100,902,22260921
0.98,784,fixed_repeated,6,199,199,True,54,764,22260921
0.98,785,fixed_repeated,3,196,196,True,36,710,22260921
0.98,786,fixed_repeated,3,200,200,True,54,764,22260921
0.98,787,fixed_repeated,1,200,200,True,36,710,22260921
0.98,788,fixed_repeated,1,197,197,True,70,812,22260921
0.98,789,fixed_repeated,3,198,198,True,54,764,22260921
0.98,790,fixed_repeated,1,198,198,True,54,764,22260921
0.98,791,fixed_repeated,1,199,199,True,54,764,22260921
0.98,792,fixed_repeated,6,198,198,True,54,764,22260921
0.98,793,fixed_repeated,0,198,198,True,54,764,22260921
0.98,794,fixed_repeated,4,199,199,True,36,710,22260921
0.98,795,fixed_repeated,2,197,197,True,36,710,22260921
0.98,796,fixed_repeated,2,198,198,True,36,710,22260921
0.98,797,fixed_repeated,1,198,198,True,100,902,22260921
0.98,798,fixed_repeated,2,199,199,True,85,857,22260921
0.98,799,fixed_repeated,1,198,198,True,36,710,22260921
0.98,800,fixed_repeated,1,197,197,True,36,710,22260921
0.98,801,fixed_repeated,6,199,199,True,36,710,22260921
0.98,802,fixed_repeated,6,199,199,True,36,710,22260921
0.98,803,fixed_repeated,3,199,199,True,36,710,22260921
0.98,804,fixed_repeated,4,200,200,True,54,764,22260921
0.98,805,fixed_repeated,6,198,198,True,85,857,22260921
0.98,806,fixed_repeated,1,200,200,True,54,764,22260921
0.98,807,fixed_repeated,1,199,199,True,36,710,22260921
0.98,808,fixed_repeated,7,198,198,True,70,812,22260921
0.98,809,fixed_repeated,5,199,199,True,36,710,22260921
0.98,810,fixed_repeated,7,198,198,True,36,710,22260921
0.98,811,fixed_repeated,0,198,198,True,36,710,22260921
0.98,812,fixed_repeated,7,200,200,True,36,710,22260921
0.98,813,fixed_repeated,1,197,197,True,54,764,22260921
0.98,814,fixed_repeated,5,199,199,True,36,710,22260921
0.98,815,fixed_repeated,3,199,199,True,54,764,22260921
0.98,816,fixed_repeated,6,199,199,True,54,764,22260921
0.98,817,fixed_repeated,0,198,198,True,54,764,22260921
0.98,818,fixed_repeated,1,197,197,True,54,764,22260921
0.98,819,fixed_repeated,1,198,198,True,85,857,22260921
0.98,820,fixed_repeated,5,199,199,True,54,764,22260921
0.98,821,fixed_repeated,0,198,198,True,70,812,22260921
0.98,822,fixed_repeated,7,198,198,True,36,710,22260921
0.98,823,fixed_repeated,1,198,198,True,70,812,22260921
0.98,824,fixed_repeated,1,198,198,True,54,764,22260921
0.98,825,fixed_repeated,6,198,198,True,36,710,22260921
0.98,826,fixed_repeated,0,199,199,True,70,812,22260921
0.98,827,fixed_repeated,5,198,198,True,54,764,22260921
0.98,828,fixed_repeated,0,200,200,True,85,857,22260921
0.98,829,fixed_repeated,3,200,200,True,85,857,22260921
0.98,830,fixed_repeated,2,199,199,True,54,764,22260921
0.98,831,fixed_repeated,4,199,199,True,36,710,22260921
0.98,832,fixed_repeated,5,198,198,True,36,710,22260921
0.98,833,fixed_repeated,6,199,199,True,54,764,22260921
0.98,834,fixed_repeated,0,198,198,True,36,710,22260921
0.98,835,fixed_repeated,3,200,200,True,54,764,22260921
0.98,836,fixed_repeated,3,199,199,True,36,710,22260921
0.98,837,fixed_repeated,5,200,200,True,54,764,22260921
0.98,838,fixed_repeated,7,198,198,True,36,710,22260921
0.98,839,fixed_repeated,2,199,199,True,54,764,22260921
0.98,840,fixed_repeated,3,199,199,True,85,857,22260921
0.98,841,fixed_repeated,7,198,198,True,100,902,22260921
0.98,842,fixed_repeated,0,197,197,True,70,812,22260921
0.98,843,fixed_repeated,6,199,199,True,54,764,22260921
0.98,844,fixed_repeated,7,200,200,True,54,764,22260921
0.98,845,fixed_repeated,6,199,199,True,54,764,22260921
0.98,846,fixed_repeated,6,198,198,True,54,764,22260921
0.98,847,fixed_repeated,4,199,199,True,36,710,22260921
0.98,848,fixed_repeated,6,199,199,True,36,710,22260921
0.98,849,fixed_repeated,3,197,197,True,36,710,22260921
0.98,850,fixed_repeated,7,199,199,True,36,710,22260921
0.98,851,fixed_repeated,0,199,199,True,127,983,22260921
0.98,852,fixed_repeated,3,198,198,True,36,710,22260921
0.98,853,fixed_repeated,1,198,198,True,54,764,22260921
0.98,854,fixed_repeated,5,199,199,True,180,1142,22260921
0.98,855,fixed_repeated,0,198,198,True,36,710,22260921
0.98,856,fixed_repeated,1,200,200,True,85,857,22260921
0.98,857,fixed_repeated,4,199,199,True,36,710,22260921
0.98,858,fixed_repeated,5,198,198,True,36,710,22260921
0.98,859,fixed_repeated,0,199,199,True,36,710,22260921
0.98,860,fixed_repeated,0,197,197,True,54,764,22260921
0.98,861,fixed_repeated,3,200,200,True,36,710,22260921
0.98,862,fixed_repeated,3,199,199,True,36,710,22260921
0.98,863,fixed_repeated,1,200,200,True,36,710,22260921
0.98,864,fixed_repeated,1,199,199,True,36,710,22260921
0.98,865,fixed_repeated,2,198,198,True,36,710,22260921
0.98,866,fixed_repeated,0,199,199,True,36,710,22260921
0.98,867,fixed_repeated,0,198,198,True,70,812,22260921
0.98,868,fixed_repeated,5,197,197,True,85,857,22260921
0.98,869,fixed_repeated,1,198,198,True,36,710,22260921
0.98,870,fixed_repeated,1,198,198,True,36,710,22260921
0.98,871,fixed_repeated,1,198,198,True,54,764,22260921
0.98,872,fixed_repeated,2,200,200,True,54,764,22260921
0.98,873,fixed_repeated,2,199,199,True,36,710,22260921
0.98,874,fixed_repeated,7,200,200,True,36,710,22260921
0.98,875,fixed_repeated,0,198,198,True,36,710,22260921
0.98,876,fixed_repeated,4,199,199,True,36,710,22260921
0.98,877,fixed_repeated,4,199,199,True,54,764,22260921
0.98,878,fixed_repeated,2,199,199,True,54,764,22260921
0.98,879,fixed_repeated,1,199,199,True,36,710,22260921
0.98,880,fixed_repeated,0,198,198,True,85,857,22260921
0.98,881,fixed_repeated,3,198,198,True,54,764,22260921
0.98,882,fixed_repeated,3,200,200,True,36,710,22260921
0.98,883,fixed_repeated,1,199,199,True,54,764,22260921
0.98,884,fixed_repeated,6,199,199,True,36,710,22260921
0.98,885,fixed_repeated,1,199,199,True,36,710,22260921
0.98,886,fixed_repeated,6,200,200,True,36,710,22260921
0.98,887,fixed_repeated,7,198,198,True,36,710,22260921
0.98,888,fixed_repeated,1,199,199,True,36,710,22260921
0.98,889,fixed_repeated,2,197,197,True,54,764,22260921
0.98,890,fixed_repeated,2,197,197,True,36,710,22260921
0.98,891,fixed_repeated,0,200,200,True,36,710,22260921
0.98,892,fixed_repeated,4,200,200,True,36,710,22260921
0.98,893,fixed_repeated,3,197,197,True,36,710,22260921
0.98,894,fixed_repeated,6,200,200,True,36,710,22260921
0.98,895,fixed_repeated,2,199,199,True,54,764,22260921
0.98,896,fixed_repeated,6,198,198,True,114,944,22260921
0.98,897,fixed_repeated,0,199,199,True,36,710,22260921
0.98,898,fixed_repeated,1,198,198,True,36,710,22260921
0.98,899,fixed_repeated,5,200,200,True,54,764,22260921
0.98,900,fixed_repeated,2,198,198,True,54,764,22260921
0.98,901,fixed_repeated,2,198,198,True,36,710,22260921
0.98,902,fixed_repeated,3,198,198,True,70,812,22260921
0.98,903,fixed_repeated,5,198,198,True,36,710,22260921
0.98,904,fixed_repeated,4,197,197,True,85,857,22260921
0.98,905,fixed_repeated,5,198,198,True,36,710,22260921
0.98,906,fixed_repeated,0,198,198,True,54,764,22260921
0.98,907,fixed_repeated,5,197,197,True,85,857,22260921
0.98,908,fixed_repeated,4,199,199,True,85,857,22260921
0.98,909,fixed_repeated,3,199,199,True,100,902,22260921
0.98,910,fixed_repeated,0,197,197,True,36,710,22260921
0.98,911,fixed_repeated,4,200,200,True,85,857,22260921
0.98,912,fixed_repeated,7,199,199,True,54,764,22260921
0.98,913,fixed_repeated,0,198,198,True,36,710,22260921
0.98,914,fixed_repeated,2,200,200,True,36,710,22260921
0.98,915,fixed_repeated,2,198,198,True,70,812,22260921
0.98,916,fixed_repeated,7,199,199,True,85,857,22260921
0.98,917,fixed_repeated,4,199,199,True,114,944,22260921
0.98,918,fixed_repeated,4,199,199,True,36,710,22260921
0.98,919,fixed_repeated,6,199,199,True,54,764,22260921
0.98,920,fixed_repeated,1,198,198,True,36,710,22260921
0.98,921,fixed_repeated,2,199,199,True,36,710,22260921
0.98,922,fixed_repeated,4,198,198,True,54,764,22260921
0.98,923,fixed_repeated,2,200,200,True,54,764,22260921
0.98,924,fixed_repeated,1,199,199,True,36,710,22260921
0.98,925,fixed_repeated,5,198,198,True,70,812,22260921
0.98,926,fixed_repeated,5,200,200,True,36,710,22260921
0.98,927,fixed_repeated,6,200,200,True,114,944,22260921
0.98,928,fixed_repeated,5,199,199,True,36,710,22260921
0.98,929,fixed_repeated,1,196,196,True,54,764,22260921
0.98,930,fixed_repeated,0,198,198,True,54,764,22260921
0.98,931,fixed_repeated,1,199,199,True,85,857,22260921
0.98,932,fixed_repeated,2,198,198,True,36,710,22260921
0.98,933,fixed_repeated,3,198,198,True,54,764,22260921
0.98,934,fixed_repeated,6,199,199,True,36,710,22260921
0.98,935,fixed_repeated,4,198,198,True,36,710,22260921
0.98,936,fixed_repeated,5,200,200,True,54,764,22260921
0.98,937,fixed_repeated,5,200,200,True,54,764,22260921
0.98,938,fixed_repeated,1,199,199,True,114,944,22260921
0.98,939,fixed_repeated,6,198,198,True,70,812,22260921
0.98,940,fixed_repeated,1,199,199,True,36,710,22260921
0.98,941,fixed_repeated,2,200,200,True,54,764,22260921
0.98,942,fixed_repeated,4,199,199,True,36,710,22260921
0.98,943,fixed_repeated,4,199,199,True,36,710,22260921
0.98,944,fixed_repeated,2,199,199,True,54,764,22260921
0.98,945,fixed_repeated,5,199,199,True,70,812,22260921
0.98,946,fixed_repeated,3,199,199,True,36,710,22260921
0.98,947,fixed_repeated,3,197,197,True,85,857,22260921
0.98,948,fixed_repeated,4,199,199,True,70,812,22260921
0.98,949,fixed_repeated,5,199,199,True,114,944,22260921
0.98,950,fixed_repeated,1,199,199,True,70,812,22260921
0.98,951,fixed_repeated,4,197,197,True,100,902,22260921
0.98,952,fixed_repeated,5,200,200,True,54,764,22260921
0.98,953,fixed_repeated,0,198,198,True,85,857,22260921
0.98,954,fixed_repeated,1,197,197,True,36,710,22260921
0.98,955,fixed_repeated,7,199,199,True,85,857,22260921
0.98,956,fixed_repeated,6,199,199,True,36,710,22260921
0.98,957,fixed_repeated,1,198,198,True,70,812,22260921
0.98,958,fixed_repeated,0,195,195,True,54,764,22260921
0.98,959,fixed_repeated,4,197,197,True,114,944,22260921
0.98,960,fixed_repeated,5,197,197,True,36,710,22260921
0.98,961,fixed_repeated,2,196,196,True,70,812,22260921
0.98,962,fixed_repeated,4,199,199,True,54,764,22260921
0.98,963,fixed_repeated,4,200,200,True,36,710,22260921
0.98,964,fixed_repeated,4,198,198,True,36,710,22260921
0.98,965,fixed_repeated,3,199,199,True,70,812,22260921
0.98,966,fixed_repeated,0,197,197,True,70,812,22260921
0.98,967,fixed_repeated,0,198,198,True,36,710,22260921
0.98,968,fixed_repeated,2,200,200,True,54,764,22260921
0.98,969,fixed_repeated,5,199,199,True,36,710,22260921
0.98,970,fixed_repeated,5,198,198,True,36,710,22260921
0.98,971,fixed_repeated,6,199,199,True,36,710,22260921
0.98,972,fixed_repeated,2,198,198,True,100,902,22260921
0.98,973,fixed_repeated,1,196,196,True,36,710,22260921
0.98,974,fixed_repeated,4,199,199,True,54,764,22260921
0.98,975,fixed_repeated,0,198,198,True,54,764,22260921
0.98,976,fixed_repeated,4,199,199,True,70,812,22260921
0.98,977,fixed_repeated,4,198,198,True,36,710,22260921
0.98,978,fixed_repeated,0,200,200,True,54,764,22260921
0.98,979,fixed_repeated,7,198,198,True,54,764,22260921
0.98,980,fixed_repeated,2,197,197,True,36,710,22260921
0.98,981,fixed_repeated,0,197,197,True,36,710,22260921
0.98,982,fixed_repeated,0,197,197,True,36,710,22260921
0.98,983,fixed_repeated,2,199,199,True,36,710,22260921
0.98,984,fixed_repeated,0,198,198,True,36,710,22260921
0.98,985,fixed_repeated,3,199,199,True,36,710,22260921
0.98,986,fixed_repeated,1,199,199,True,36,710,22260921
0.98,987,fixed_repeated,0,198,198,True,36,710,22260921
0.98,988,fixed_repeated,1,198,198,True,54,764,22260921
0.98,989,fixed_repeated,2,198,198,True,36,710,22260921
0.98,990,fixed_repeated,1,197,197,True,36,710,22260921
0.98,991,fixed_repeated,1,199,199,True,36,710,22260921
0.98,992,fixed_repeated,0,199,199,True,36,710,22260921
0.98,993,fixed_repeated,5,199,199,True,36,710,22260921
0.98,994,fixed_repeated,4,198,198,True,85,857,22260921
0.98,995,fixed_repeated,2,199,199,True,36,710,22260921
0.98,996,fixed_repeated,4,200,200,True,36,710,22260921
0.98,997,fixed_repeated,0,199,199,True,36,710,22260921
0.98,998,fixed_repeated,3,200,200,True,36,710,22260921
0.98,999,fixed_repeated,1,199,199,True,70,812,22260921
0.98,0,exact_spending,5,199,199,True,165,1097,22260921
0.98,1,exact_spending,0,198,198,True,396,1790,22260921
0.98,2,exact_spending,2,199,199,True,322,1568,22260921
0.98,3,exact_spending,4,198,198,True,133,1001,22260921
0.98,4,exact_spending,2,198,198,True,133,1001,22260921
0.98,5,exact_spending,1,196,196,True,303,1511,22260921
0.98,6,exact_spending,5,197,197,True,597,2393,22260921
0.98,7,exact_spending,0,199,199,True,378,1736,22260921
0.98,8,exact_spending,7,199,199,True,240,1322,22260921
0.98,9,exact_spending,5,200,200,True,165,1097,22260921
0.98,10,exact_spending,2,199,199,True,262,1388,22260921
0.98,11,exact_spending,6,200,200,True,378,1736,22260921
0.98,12,exact_spending,1,198,198,True,192,1178,22260921
0.98,13,exact_spending,5,199,199,True,217,1253,22260921
0.98,14,exact_spending,1,199,199,True,262,1388,22260921
0.98,15,exact_spending,0,198,198,True,303,1511,22260921
0.98,16,exact_spending,3,199,199,True,165,1097,22260921
0.98,17,exact_spending,5,199,199,True,262,1388,22260921
0.98,18,exact_spending,1,200,200,True,133,1001,22260921
0.98,19,exact_spending,3,197,197,True,262,1388,22260921
0.98,20,exact_spending,2,199,199,True,217,1253,22260921
0.98,21,exact_spending,4,199,199,True,283,1451,22260921
0.98,22,exact_spending,3,198,198,True,217,1253,22260921
0.98,23,exact_spending,1,199,199,True,217,1253,22260921
0.98,24,exact_spending,1,200,200,True,303,1511,22260921
0.98,25,exact_spending,3,200,200,True,414,1844,22260921
0.98,26,exact_spending,1,200,200,True,360,1682,22260921
0.98,27,exact_spending,2,198,198,True,341,1625,22260921
0.98,28,exact_spending,3,198,198,True,322,1568,22260921
0.98,29,exact_spending,1,199,199,True,240,1322,22260921
0.98,30,exact_spending,4,198,198,True,262,1388,22260921
0.98,31,exact_spending,0,199,199,True,133,1001,22260921
0.98,32,exact_spending,6,200,200,True,217,1253,22260921
0.98,33,exact_spending,1,197,197,True,217,1253,22260921
0.98,34,exact_spending,3,199,199,True,217,1253,22260921
0.98,35,exact_spending,1,199,199,True,240,1322,22260921
0.98,36,exact_spending,2,198,198,True,303,1511,22260921
0.98,37,exact_spending,0,198,198,True,217,1253,22260921
0.98,38,exact_spending,0,199,199,True,240,1322,22260921
0.98,39,exact_spending,7,199,199,True,217,1253,22260921
0.98,40,exact_spending,2,199,199,True,133,1001,22260921
0.98,41,exact_spending,1,196,196,True,283,1451,22260921
0.98,42,exact_spending,5,198,198,True,133,1001,22260921
0.98,43,exact_spending,7,199,199,True,341,1625,22260921
0.98,44,exact_spending,3,199,199,True,240,1322,22260921
0.98,45,exact_spending,6,199,199,True,240,1322,22260921
0.98,46,exact_spending,0,198,198,True,192,1178,22260921
0.98,47,exact_spending,3,199,199,True,217,1253,22260921
0.98,48,exact_spending,3,198,198,True,283,1451,22260921
0.98,49,exact_spending,3,199,199,True,133,1001,22260921
0.98,50,exact_spending,5,199,199,True,240,1322,22260921
0.98,51,exact_spending,4,198,198,True,360,1682,22260921
0.98,52,exact_spending,2,199,199,True,240,1322,22260921
0.98,53,exact_spending,0,197,197,True,283,1451,22260921
0.98,54,exact_spending,1,197,197,True,303,1511,22260921
0.98,55,exact_spending,2,200,200,True,240,1322,22260921
0.98,56,exact_spending,1,198,198,True,262,1388,22260921
0.98,57,exact_spending,0,199,199,True,165,1097,22260921
0.98,58,exact_spending,5,198,198,True,133,1001,22260921
0.98,59,exact_spending,6,199,199,True,341,1625,22260921
0.98,60,exact_spending,0,199,199,True,432,1898,22260921
0.98,61,exact_spending,0,199,199,True,192,1178,22260921
0.98,62,exact_spending,3,200,200,True,240,1322,22260921
0.98,63,exact_spending,5,200,200,True,262,1388,22260921
0.98,64,exact_spending,3,198,198,True,322,1568,22260921
0.98,65,exact_spending,7,200,200,True,133,1001,22260921
0.98,66,exact_spending,6,197,197,True,192,1178,22260921
0.98,67,exact_spending,3,199,199,True,192,1178,22260921
0.98,68,exact_spending,0,199,199,True,217,1253,22260921
0.98,69,exact_spending,5,199,199,True,449,1949,22260921
0.98,70,exact_spending,3,199,199,True,432,1898,22260921
0.98,71,exact_spending,5,200,200,True,378,1736,22260921
0.98,72,exact_spending,2,199,199,True,303,1511,22260921
0.98,73,exact_spending,0,199,199,True,283,1451,22260921
0.98,74,exact_spending,0,200,200,True,192,1178,22260921
0.98,75,exact_spending,2,198,198,True,240,1322,22260921
0.98,76,exact_spending,2,198,198,True,378,1736,22260921
0.98,77,exact_spending,7,199,199,True,303,1511,22260921
0.98,78,exact_spending,2,198,198,True,192,1178,22260921
0.98,79,exact_spending,1,198,198,True,262,1388,22260921
0.98,80,exact_spending,5,200,200,True,262,1388,22260921
0.98,81,exact_spending,6,198,198,True,360,1682,22260921
0.98,82,exact_spending,7,199,199,True,341,1625,22260921
0.98,83,exact_spending,3,199,199,True,396,1790,22260921
0.98,84,exact_spending,4,199,199,True,262,1388,22260921
0.98,85,exact_spending,1,199,199,True,240,1322,22260921
0.98,86,exact_spending,0,199,199,True,262,1388,22260921
0.98,87,exact_spending,2,199,199,True,532,2198,22260921
0.98,88,exact_spending,3,200,200,True,303,1511,22260921
0.98,89,exact_spending,7,198,198,True,217,1253,22260921
0.98,90,exact_spending,0,199,199,True,240,1322,22260921
0.98,91,exact_spending,5,198,198,True,341,1625,22260921
0.98,92,exact_spending,5,199,199,True,341,1625,22260921
0.98,93,exact_spending,4,198,198,True,283,1451,22260921
0.98,94,exact_spending,7,199,199,True,262,1388,22260921
0.98,95,exact_spending,6,199,199,True,217,1253,22260921
0.98,96,exact_spending,4,197,197,True,165,1097,22260921
0.98,97,exact_spending,3,199,199,True,262,1388,22260921
0.98,98,exact_spending,7,199,199,True,360,1682,22260921
0.98,99,exact_spending,3,199,199,True,192,1178,22260921
0.98,100,exact_spending,2,197,197,True,133,1001,22260921
0.98,101,exact_spending,6,198,198,True,192,1178,22260921
0.98,102,exact_spending,1,199,199,True,262,1388,22260921
0.98,103,exact_spending,1,198,198,True,322,1568,22260921
0.98,104,exact_spending,7,199,199,True,283,1451,22260921
0.98,105,exact_spending,0,197,197,True,165,1097,22260921
0.98,106,exact_spending,0,200,200,True,192,1178,22260921
0.98,107,exact_spending,7,198,198,True,133,1001,22260921
0.98,108,exact_spending,3,199,199,True,262,1388,22260921
0.98,109,exact_spending,1,198,198,True,396,1790,22260921
0.98,110,exact_spending,5,199,199,True,283,1451,22260921
0.98,111,exact_spending,1,198,198,True,360,1682,22260921
0.98,112,exact_spending,6,199,199,True,217,1253,22260921
0.98,113,exact_spending,7,199,199,True,262,1388,22260921
0.98,114,exact_spending,5,198,198,True,240,1322,22260921
0.98,115,exact_spending,3,197,197,True,165,1097,22260921
0.98,116,exact_spending,3,198,198,True,165,1097,22260921
0.98,117,exact_spending,3,198,198,True,262,1388,22260921
0.98,118,exact_spending,4,200,200,True,303,1511,22260921
0.98,119,exact_spending,5,199,199,True,262,1388,22260921
0.98,120,exact_spending,2,199,199,True,217,1253,22260921
0.98,121,exact_spending,3,200,200,True,262,1388,22260921
0.98,122,exact_spending,1,198,198,True,378,1736,22260921
0.98,123,exact_spending,0,198,198,True,360,1682,22260921
0.98,124,exact_spending,1,197,197,True,262,1388,22260921
0.98,125,exact_spending,1,198,198,True,217,1253,22260921
0.98,126,exact_spending,0,198,198,True,217,1253,22260921
0.98,127,exact_spending,0,200,200,True,322,1568,22260921
0.98,128,exact_spending,1,197,197,True,341,1625,22260921
0.98,129,exact_spending,5,199,199,True,240,1322,22260921
0.98,130,exact_spending,0,200,200,True,449,1949,22260921
0.98,131,exact_spending,0,198,198,True,133,1001,22260921
0.98,132,exact_spending,2,199,199,True,217,1253,22260921
0.98,133,exact_spending,5,200,200,True,283,1451,22260921
0.98,134,exact_spending,1,199,199,True,192,1178,22260921
0.98,135,exact_spending,1,198,198,True,217,1253,22260921
0.98,136,exact_spending,2,198,198,True,303,1511,22260921
0.98,137,exact_spending,3,199,199,True,303,1511,22260921
0.98,138,exact_spending,5,198,198,True,192,1178,22260921
0.98,139,exact_spending,2,197,197,True,240,1322,22260921
0.98,140,exact_spending,3,198,198,True,192,1178,22260921
0.98,141,exact_spending,7,197,197,True,192,1178,22260921
0.98,142,exact_spending,2,197,197,True,192,1178,22260921
0.98,143,exact_spending,2,198,198,True,396,1790,22260921
0.98,144,exact_spending,6,199,199,True,283,1451,22260921
0.98,145,exact_spending,0,198,198,True,217,1253,22260921
0.98,146,exact_spending,1,198,198,True,283,1451,22260921
0.98,147,exact_spending,3,197,197,True,240,1322,22260921
0.98,148,exact_spending,1,200,200,True,262,1388,22260921
0.98,149,exact_spending,7,198,198,True,283,1451,22260921
0.98,150,exact_spending,5,200,200,True,192,1178,22260921
0.98,151,exact_spending,1,198,198,True,217,1253,22260921
0.98,152,exact_spending,2,198,198,True,133,1001,22260921
0.98,153,exact_spending,1,198,198,True,262,1388,22260921
0.98,154,exact_spending,6,198,198,True,217,1253,22260921
0.98,155,exact_spending,1,199,199,True,283,1451,22260921
0.98,156,exact_spending,0,199,199,True,192,1178,22260921
0.98,157,exact_spending,6,198,198,True,133,1001,22260921
0.98,158,exact_spending,3,198,198,True,341,1625,22260921
0.98,159,exact_spending,6,198,198,True,217,1253,22260921
0.98,160,exact_spending,0,199,199,True,217,1253,22260921
0.98,161,exact_spending,2,199,199,True,466,2000,22260921
0.98,162,exact_spending,7,200,200,True,192,1178,22260921
0.98,163,exact_spending,3,198,198,True,240,1322,22260921
0.98,164,exact_spending,3,199,199,True,192,1178,22260921
0.98,165,exact_spending,3,197,197,True,165,1097,22260921
0.98,166,exact_spending,1,196,196,True,240,1322,22260921
0.98,167,exact_spending,6,199,199,True,240,1322,22260921
0.98,168,exact_spending,1,200,200,True,165,1097,22260921
0.98,169,exact_spending,7,199,199,True,240,1322,22260921
0.98,170,exact_spending,7,198,198,True,341,1625,22260921
0.98,171,exact_spending,7,199,199,True,240,1322,22260921
0.98,172,exact_spending,6,198,198,True,165,1097,22260921
0.98,173,exact_spending,5,199,199,True,283,1451,22260921
0.98,174,exact_spending,4,198,198,True,283,1451,22260921
0.98,175,exact_spending,0,199,199,True,217,1253,22260921
0.98,176,exact_spending,5,198,198,True,549,2249,22260921
0.98,177,exact_spending,3,199,199,True,322,1568,22260921
0.98,178,exact_spending,6,197,197,True,133,1001,22260921
0.98,179,exact_spending,2,198,198,True,283,1451,22260921
0.98,180,exact_spending,4,198,198,True,217,1253,22260921
0.98,181,exact_spending,6,199,199,True,192,1178,22260921
0.98,182,exact_spending,7,199,199,True,165,1097,22260921
0.98,183,exact_spending,4,199,199,True,262,1388,22260921
0.98,184,exact_spending,5,199,199,True,262,1388,22260921
0.98,185,exact_spending,0,197,197,True,262,1388,22260921
0.98,186,exact_spending,7,199,199,True,165,1097,22260921
0.98,187,exact_spending,4,199,199,True,283,1451,22260921
0.98,188,exact_spending,4,198,198,True,192,1178,22260921
0.98,189,exact_spending,1,197,197,True,341,1625,22260921
0.98,190,exact_spending,4,199,199,True,240,1322,22260921
0.98,191,exact_spending,2,200,200,True,396,1790,22260921
0.98,192,exact_spending,0,198,198,True,262,1388,22260921
0.98,193,exact_spending,6,200,200,True,165,1097,22260921
0.98,194,exact_spending,7,200,200,True,192,1178,22260921
0.98,195,exact_spending,1,200,200,True,360,1682,22260921
0.98,196,exact_spending,5,199,199,True,192,1178,22260921
0.98,197,exact_spending,3,198,198,True,396,1790,22260921
0.98,198,exact_spending,5,199,199,True,262,1388,22260921
0.98,199,exact_spending,5,198,198,True,341,1625,22260921
0.98,200,exact_spending,2,198,198,True,303,1511,22260921
0.98,201,exact_spending,2,198,198,True,192,1178,22260921
0.98,202,exact_spending,2,200,200,True,262,1388,22260921
0.98,203,exact_spending,7,199,199,True,283,1451,22260921
0.98,204,exact_spending,2,199,199,True,378,1736,22260921
0.98,205,exact_spending,0,198,198,True,192,1178,22260921
0.98,206,exact_spending,0,199,199,True,414,1844,22260921
0.98,207,exact_spending,3,199,199,True,597,2393,22260921
0.98,208,exact_spending,7,199,199,True,240,1322,22260921
0.98,209,exact_spending,1,198,198,True,449,1949,22260921
0.98,210,exact_spending,0,200,200,True,240,1322,22260921
0.98,211,exact_spending,2,198,198,True,217,1253,22260921
0.98,212,exact_spending,7,198,198,True,262,1388,22260921
0.98,213,exact_spending,0,197,197,True,432,1898,22260921
0.98,214,exact_spending,4,197,197,True,240,1322,22260921
0.98,215,exact_spending,4,199,199,True,303,1511,22260921
0.98,216,exact_spending,2,199,199,True,322,1568,22260921
0.98,217,exact_spending,1,198,198,True,378,1736,22260921
0.98,218,exact_spending,4,198,198,True,217,1253,22260921
0.98,219,exact_spending,1,198,198,True,283,1451,22260921
0.98,220,exact_spending,0,197,197,True,165,1097,22260921
0.98,221,exact_spending,0,199,199,True,500,2102,22260921
0.98,222,exact_spending,3,199,199,True,165,1097,22260921
0.98,223,exact_spending,5,197,197,True,322,1568,22260921
0.98,224,exact_spending,1,200,200,True,414,1844,22260921
0.98,225,exact_spending,3,199,199,True,322,1568,22260921
0.98,226,exact_spending,2,198,198,True,217,1253,22260921
0.98,227,exact_spending,1,200,200,True,192,1178,22260921
0.98,228,exact_spending,4,200,200,True,283,1451,22260921
0.98,229,exact_spending,1,199,199,True,133,1001,22260921
0.98,230,exact_spending,2,199,199,True,322,1568,22260921
0.98,231,exact_spending,1,199,199,True,303,1511,22260921
0.98,232,exact_spending,6,199,199,True,192,1178,22260921
0.98,233,exact_spending,3,200,200,True,283,1451,22260921
0.98,234,exact_spending,0,197,197,True,133,1001,22260921
0.98,235,exact_spending,7,199,199,True,192,1178,22260921
0.98,236,exact_spending,3,199,199,True,283,1451,22260921
0.98,237,exact_spending,1,200,200,True,283,1451,22260921
0.98,238,exact_spending,0,198,198,True,192,1178,22260921
0.98,239,exact_spending,7,199,199,True,432,1898,22260921
0.98,240,exact_spending,0,199,199,True,133,1001,22260921
0.98,241,exact_spending,0,200,200,True,217,1253,22260921
0.98,242,exact_spending,1,198,198,True,360,1682,22260921
0.98,243,exact_spending,0,199,199,True,217,1253,22260921
0.98,244,exact_spending,6,199,199,True,192,1178,22260921
0.98,245,exact_spending,1,198,198,True,432,1898,22260921
0.98,246,exact_spending,2,197,197,True,165,1097,22260921
0.98,247,exact_spending,6,198,198,True,165,1097,22260921
0.98,248,exact_spending,4,199,199,True,303,1511,22260921
0.98,249,exact_spending,0,198,198,True,240,1322,22260921
0.98,250,exact_spending,5,199,199,True,165,1097,22260921
0.98,251,exact_spending,3,197,197,True,240,1322,22260921
0.98,252,exact_spending,1,197,197,True,262,1388,22260921
0.98,253,exact_spending,0,198,198,True,217,1253,22260921
0.98,254,exact_spending,5,199,199,True,283,1451,22260921
0.98,255,exact_spending,3,198,198,True,341,1625,22260921
0.98,256,exact_spending,1,198,198,True,192,1178,22260921
0.98,257,exact_spending,6,198,198,True,240,1322,22260921
0.98,258,exact_spending,4,199,199,True,262,1388,22260921
0.98,259,exact_spending,4,199,199,True,360,1682,22260921
0.98,260,exact_spending,6,200,200,True,322,1568,22260921
0.98,261,exact_spending,4,199,199,True,303,1511,22260921
0.98,262,exact_spending,2,199,199,True,192,1178,22260921
0.98,263,exact_spending,5,199,199,True,192,1178,22260921
0.98,264,exact_spending,1,199,199,True,240,1322,22260921
0.98,265,exact_spending,6,199,199,True,322,1568,22260921
0.98,266,exact_spending,0,198,198,True,192,1178,22260921
0.98,267,exact_spending,5,200,200,True,449,1949,22260921
0.98,268,exact_spending,1,199,199,True,217,1253,22260921
0.98,269,exact_spending,3,198,198,True,283,1451,22260921
0.98,270,exact_spending,1,198,198,True,192,1178,22260921
0.98,271,exact_spending,5,199,199,True,322,1568,22260921
0.98,272,exact_spending,0,198,198,True,240,1322,22260921
0.98,273,exact_spending,6,199,199,True,516,2150,22260921
0.98,274,exact_spending,0,197,197,True,341,1625,22260921
0.98,275,exact_spending,0,197,197,True,133,1001,22260921
0.98,276,exact_spending,1,197,197,True,165,1097,22260921
0.98,277,exact_spending,2,198,198,True,192,1178,22260921
0.98,278,exact_spending,0,198,198,True,165,1097,22260921
0.98,279,exact_spending,2,198,198,True,303,1511,22260921
0.98,280,exact_spending,4,199,199,True,165,1097,22260921
0.98,281,exact_spending,3,197,197,True,341,1625,22260921
0.98,282,exact_spending,4,197,197,True,341,1625,22260921
0.98,283,exact_spending,0,198,198,True,303,1511,22260921
0.98,284,exact_spending,6,199,199,True,322,1568,22260921
0.98,285,exact_spending,4,199,199,True,165,1097,22260921
0.98,286,exact_spending,4,198,198,True,192,1178,22260921
0.98,287,exact_spending,1,197,197,True,378,1736,22260921
0.98,288,exact_spending,4,199,199,True,360,1682,22260921
0.98,289,exact_spending,4,198,198,True,240,1322,22260921
0.98,290,exact_spending,5,198,198,True,341,1625,22260921
0.98,291,exact_spending,4,198,198,True,217,1253,22260921
0.98,292,exact_spending,5,199,199,True,283,1451,22260921
0.98,293,exact_spending,6,198,198,True,283,1451,22260921
0.98,294,exact_spending,1,199,199,True,500,2102,22260921
0.98,295,exact_spending,7,199,199,True,341,1625,22260921
0.98,296,exact_spending,6,199,199,True,378,1736,22260921
0.98,297,exact_spending,2,199,199,True,283,1451,22260921
0.98,298,exact_spending,0,197,197,True,192,1178,22260921
0.98,299,exact_spending,5,199,199,True,192,1178,22260921
0.98,300,exact_spending,1,199,199,True,165,1097,22260921
0.98,301,exact_spending,1,199,199,True,217,1253,22260921
0.98,302,exact_spending,0,196,196,True,341,1625,22260921
0.98,303,exact_spending,0,198,198,True,262,1388,22260921
0.98,304,exact_spending,0,200,200,True,192,1178,22260921
0.98,305,exact_spending,5,199,199,True,283,1451,22260921
0.98,306,exact_spending,0,197,197,True,283,1451,22260921
0.98,307,exact_spending,2,200,200,True,192,1178,22260921
0.98,308,exact_spending,3,198,198,True,449,1949,22260921
0.98,309,exact_spending,0,199,199,True,165,1097,22260921
0.98,310,exact_spending,6,200,200,True,217,1253,22260921
0.98,311,exact_spending,2,198,198,True,240,1322,22260921
0.98,312,exact_spending,5,199,199,True,240,1322,22260921
0.98,313,exact_spending,4,198,198,True,192,1178,22260921
0.98,314,exact_spending,5,198,198,True,341,1625,22260921
0.98,315,exact_spending,4,199,199,True,240,1322,22260921
0.98,316,exact_spending,3,199,199,True,262,1388,22260921
0.98,317,exact_spending,5,198,198,True,217,1253,22260921
0.98,318,exact_spending,2,197,197,True,432,1898,22260921
0.98,319,exact_spending,1,197,197,True,165,1097,22260921
0.98,320,exact_spending,1,198,198,True,378,1736,22260921
0.98,321,exact_spending,4,198,198,True,283,1451,22260921
0.98,322,exact_spending,0,199,199,True,192,1178,22260921
0.98,323,exact_spending,5,199,199,True,322,1568,22260921
0.98,324,exact_spending,6,199,199,True,192,1178,22260921
0.98,325,exact_spending,1,199,199,True,192,1178,22260921
0.98,326,exact_spending,4,199,199,True,322,1568,22260921
0.98,327,exact_spending,4,199,199,True,262,1388,22260921
0.98,328,exact_spending,0,197,197,True,217,1253,22260921
0.98,329,exact_spending,6,199,199,True,240,1322,22260921
0.98,330,exact_spending,6,198,198,True,165,1097,22260921
0.98,331,exact_spending,6,199,199,True,192,1178,22260921
0.98,332,exact_spending,4,198,198,True,165,1097,22260921
0.98,333,exact_spending,4,199,199,True,217,1253,22260921
0.98,334,exact_spending,6,199,199,True,217,1253,22260921
0.98,335,exact_spending,0,197,197,True,303,1511,22260921
0.98,336,exact_spending,6,198,198,True,217,1253,22260921
0.98,337,exact_spending,1,198,198,True,165,1097,22260921
0.98,338,exact_spending,4,199,199,True,322,1568,22260921
0.98,339,exact_spending,3,200,200,True,217,1253,22260921
0.98,340,exact_spending,1,198,198,True,240,1322,22260921
0.98,341,exact_spending,0,200,200,True,322,1568,22260921
0.98,342,exact_spending,0,199,199,True,414,1844,22260921
0.98,343,exact_spending,1,198,198,True,262,1388,22260921
0.98,344,exact_spending,4,199,199,True,192,1178,22260921
0.98,345,exact_spending,4,198,198,True,165,1097,22260921
0.98,346,exact_spending,4,198,198,True,341,1625,22260921
0.98,347,exact_spending,4,199,199,True,322,1568,22260921
0.98,348,exact_spending,3,198,198,True,303,1511,22260921
0.98,349,exact_spending,6,199,199,True,217,1253,22260921
0.98,350,exact_spending,4,200,200,True,217,1253,22260921
0.98,351,exact_spending,2,199,199,True,217,1253,22260921
0.98,352,exact_spending,0,197,197,True,133,1001,22260921
0.98,353,exact_spending,1,199,199,True,303,1511,22260921
0.98,354,exact_spending,1,199,199,True,192,1178,22260921
0.98,355,exact_spending,2,198,198,True,283,1451,22260921
0.98,356,exact_spending,0,197,197,True,165,1097,22260921
0.98,357,exact_spending,2,198,198,True,217,1253,22260921
0.98,358,exact_spending,3,198,198,True,192,1178,22260921
0.98,359,exact_spending,3,199,199,True,322,1568,22260921
0.98,360,exact_spending,0,197,197,True,217,1253,22260921
0.98,361,exact_spending,1,198,198,True,283,1451,22260921
0.98,362,exact_spending,6,199,199,True,262,1388,22260921
0.98,363,exact_spending,3,199,199,True,240,1322,22260921
0.98,364,exact_spending,3,199,199,True,303,1511,22260921
0.98,365,exact_spending,0,199,199,True,283,1451,22260921
0.98,366,exact_spending,0,196,196,True,217,1253,22260921
0.98,367,exact_spending,4,198,198,True,217,1253,22260921
0.98,368,exact_spending,2,198,198,True,283,1451,22260921
0.98,369,exact_spending,4,199,199,True,341,1625,22260921
0.98,370,exact_spending,7,199,199,True,192,1178,22260921
0.98,371,exact_spending,4,200,200,True,217,1253,22260921
0.98,372,exact_spending,0,199,199,True,133,1001,22260921
0.98,373,exact_spending,4,200,200,True,396,1790,22260921
0.98,374,exact_spending,3,198,198,True,303,1511,22260921
0.98,375,exact_spending,2,198,198,True,165,1097,22260921
0.98,376,exact_spending,0,199,199,True,240,1322,22260921
0.98,377,exact_spending,5,199,199,True,165,1097,22260921
0.98,378,exact_spending,0,198,198,True,283,1451,22260921
0.98,379,exact_spending,0,198,198,True,644,2534,22260921
0.98,380,exact_spending,7,200,200,True,217,1253,22260921
0.98,381,exact_spending,6,200,200,True,414,1844,22260921
0.98,382,exact_spending,0,198,198,True,165,1097,22260921
0.98,383,exact_spending,5,198,198,True,240,1322,22260921
0.98,384,exact_spending,6,198,198,True,396,1790,22260921
0.98,385,exact_spending,4,198,198,True,262,1388,22260921
0.98,386,exact_spending,7,198,198,True,240,1322,22260921
0.98,387,exact_spending,5,200,200,True,303,1511,22260921
0.98,388,exact_spending,0,199,199,True,165,1097,22260921
0.98,389,exact_spending,2,197,197,True,240,1322,22260921
0.98,390,exact_spending,4,198,198,True,303,1511,22260921
0.98,391,exact_spending,7,197,197,True,283,1451,22260921
0.98,392,exact_spending,1,199,199,True,262,1388,22260921
0.98,393,exact_spending,3,198,198,True,283,1451,22260921
0.98,394,exact_spending,3,198,198,True,360,1682,22260921
0.98,395,exact_spending,2,199,199,True,192,1178,22260921
0.98,396,exact_spending,2,197,197,True,217,1253,22260921
0.98,397,exact_spending,0,196,196,True,240,1322,22260921
0.98,398,exact_spending,5,198,198,True,449,1949,22260921
0.98,399,exact_spending,4,197,197,True,262,1388,22260921
0.98,400,exact_spending,4,198,198,True,217,1253,22260921
0.98,401,exact_spending,0,198,198,True,303,1511,22260921
0.98,402,exact_spending,3,200,200,True,217,1253,22260921
0.98,403,exact_spending,3,199,199,True,283,1451,22260921
0.98,404,exact_spending,3,198,198,True,165,1097,22260921
0.98,405,exact_spending,2,200,200,True,217,1253,22260921
0.98,406,exact_spending,1,198,198,True,396,1790,22260921
0.98,407,exact_spending,1,198,198,True,240,1322,22260921
0.98,408,exact_spending,3,198,198,True,341,1625,22260921
0.98,409,exact_spending,7,199,199,True,378,1736,22260921
0.98,410,exact_spending,1,198,198,True,414,1844,22260921
0.98,411,exact_spending,0,197,197,True,192,1178,22260921
0.98,412,exact_spending,7,199,199,True,322,1568,22260921
0.98,413,exact_spending,3,198,198,True,192,1178,22260921
0.98,414,exact_spending,1,198,198,True,165,1097,22260921
0.98,415,exact_spending,6,199,199,True,303,1511,22260921
0.98,416,exact_spending,2,197,197,True,341,1625,22260921
0.98,417,exact_spending,0,197,197,True,483,2051,22260921
0.98,418,exact_spending,3,198,198,True,378,1736,22260921
0.98,419,exact_spending,0,198,198,True,192,1178,22260921
0.98,420,exact_spending,3,200,200,True,165,1097,22260921
0.98,421,exact_spending,2,200,200,True,165,1097,22260921
0.98,422,exact_spending,4,199,199,True,240,1322,22260921
0.98,423,exact_spending,1,199,199,True,283,1451,22260921
0.98,424,exact_spending,3,200,200,True,240,1322,22260921
0.98,425,exact_spending,4,198,198,True,341,1625,22260921
0.98,426,exact_spending,1,198,198,True,165,1097,22260921
0.98,427,exact_spending,1,200,200,True,217,1253,22260921
0.98,428,exact_spending,0,198,198,True,262,1388,22260921
0.98,429,exact_spending,0,200,200,True,449,1949,22260921
0.98,430,exact_spending,3,199,199,True,240,1322,22260921
0.98,431,exact_spending,0,198,198,True,192,1178,22260921
0.98,432,exact_spending,4,198,198,True,322,1568,22260921
0.98,433,exact_spending,5,200,200,True,283,1451,22260921
0.98,434,exact_spending,3,199,199,True,240,1322,22260921
0.98,435,exact_spending,5,199,199,True,217,1253,22260921
0.98,436,exact_spending,3,196,196,True,217,1253,22260921
0.98,437,exact_spending,6,198,198,True,217,1253,22260921
0.98,438,exact_spending,1,200,200,True,283,1451,22260921
0.98,439,exact_spending,1,199,199,True,240,1322,22260921
0.98,440,exact_spending,5,198,198,True,303,1511,22260921
0.98,441,exact_spending,6,199,199,True,262,1388,22260921
0.98,442,exact_spending,5,200,200,True,192,1178,22260921
0.98,443,exact_spending,1,198,198,True,133,1001,22260921
0.98,444,exact_spending,2,199,199,True,283,1451,22260921
0.98,445,exact_spending,2,200,200,True,217,1253,22260921
0.98,446,exact_spending,0,199,199,True,483,2051,22260921
0.98,447,exact_spending,2,198,198,True,192,1178,22260921
0.98,448,exact_spending,2,198,198,True,283,1451,22260921
0.98,449,exact_spending,6,199,199,True,133,1001,22260921
0.98,450,exact_spending,2,199,199,True,133,1001,22260921
0.98,451,exact_spending,0,198,198,True,133,1001,22260921
0.98,452,exact_spending,3,197,197,True,262,1388,22260921
0.98,453,exact_spending,6,198,198,True,240,1322,22260921
0.98,454,exact_spending,1,198,198,True,192,1178,22260921
0.98,455,exact_spending,0,195,195,True,360,1682,22260921
0.98,456,exact_spending,1,199,199,True,262,1388,22260921
0.98,457,exact_spending,1,198,198,True,240,1322,22260921
0.98,458,exact_spending,5,199,199,True,240,1322,22260921
0.98,459,exact_spending,0,199,199,True,378,1736,22260921
0.98,460,exact_spending,6,199,199,True,262,1388,22260921
0.98,461,exact_spending,0,199,199,True,192,1178,22260921
0.98,462,exact_spending,0,199,199,True,262,1388,22260921
0.98,463,exact_spending,1,199,199,True,396,1790,22260921
0.98,464,exact_spending,5,198,198,True,240,1322,22260921
0.98,465,exact_spending,1,199,199,True,466,2000,22260921
0.98,466,exact_spending,2,196,196,True,240,1322,22260921
0.98,467,exact_spending,1,200,200,True,341,1625,22260921
0.98,468,exact_spending,0,198,198,True,240,1322,22260921
0.98,469,exact_spending,7,198,198,True,262,1388,22260921
0.98,470,exact_spending,2,198,198,True,283,1451,22260921
0.98,471,exact_spending,2,199,199,True,240,1322,22260921
0.98,472,exact_spending,2,200,200,True,432,1898,22260921
0.98,473,exact_spending,0,199,199,True,322,1568,22260921
0.98,474,exact_spending,2,199,199,True,165,1097,22260921
0.98,475,exact_spending,4,199,199,True,262,1388,22260921
0.98,476,exact_spending,6,199,199,True,483,2051,22260921
0.98,477,exact_spending,7,198,198,True,240,1322,22260921
0.98,478,exact_spending,6,199,199,True,262,1388,22260921
0.98,479,exact_spending,4,198,198,True,322,1568,22260921
0.98,480,exact_spending,5,200,200,True,360,1682,22260921
0.98,481,exact_spending,5,197,197,True,322,1568,22260921
0.98,482,exact_spending,5,198,198,True,414,1844,22260921
0.98,483,exact_spending,3,199,199,True,240,1322,22260921
0.98,484,exact_spending,3,200,200,True,322,1568,22260921
0.98,485,exact_spending,7,199,199,True,165,1097,22260921
0.98,486,exact_spending,0,197,197,True,341,1625,22260921
0.98,487,exact_spending,1,200,200,True,133,1001,22260921
0.98,488,exact_spending,1,198,198,True,283,1451,22260921
0.98,489,exact_spending,3,199,199,True,322,1568,22260921
0.98,490,exact_spending,0,199,199,True,240,1322,22260921
0.98,491,exact_spending,1,197,197,True,378,1736,22260921
0.98,492,exact_spending,6,199,199,True,360,1682,22260921
0.98,493,exact_spending,5,199,199,True,217,1253,22260921
0.98,494,exact_spending,0,199,199,True,192,1178,22260921
0.98,495,exact_spending,4,199,199,True,192,1178,22260921
0.98,496,exact_spending,4,198,198,True,322,1568,22260921
0.98,497,exact_spending,7,198,198,True,133,1001,22260921
0.98,498,exact_spending,6,199,199,True,192,1178,22260921
0.98,499,exact_spending,0,198,198,True,217,1253,22260921
0.98,500,exact_spending,4,198,198,True,283,1451,22260921
0.98,501,exact_spending,7,199,199,True,192,1178,22260921
0.98,502,exact_spending,7,199,199,True,165,1097,22260921
0.98,503,exact_spending,0,200,200,True,360,1682,22260921
0.98,504,exact_spending,1,198,198,True,341,1625,22260921
0.98,505,exact_spending,0,200,200,True,341,1625,22260921
0.98,506,exact_spending,0,197,197,True,283,1451,22260921
0.98,507,exact_spending,6,199,199,True,262,1388,22260921
0.98,508,exact_spending,7,199,199,True,283,1451,22260921
0.98,509,exact_spending,2,199,199,True,262,1388,22260921
0.98,510,exact_spending,4,199,199,True,217,1253,22260921
0.98,511,exact_spending,6,198,198,True,240,1322,22260921
0.98,512,exact_spending,7,199,199,True,217,1253,22260921
0.98,513,exact_spending,1,197,197,True,217,1253,22260921
0.98,514,exact_spending,0,198,198,True,217,1253,22260921
0.98,515,exact_spending,7,199,199,True,262,1388,22260921
0.98,516,exact_spending,4,198,198,True,396,1790,22260921
0.98,517,exact_spending,1,199,199,True,192,1178,22260921
0.98,518,exact_spending,0,200,200,True,262,1388,22260921
0.98,519,exact_spending,6,198,198,True,262,1388,22260921
0.98,520,exact_spending,5,199,199,True,165,1097,22260921
0.98,521,exact_spending,0,199,199,True,303,1511,22260921
0.98,522,exact_spending,1,200,200,True,165,1097,22260921
0.98,523,exact_spending,0,197,197,True,262,1388,22260921
0.98,524,exact_spending,4,198,198,True,360,1682,22260921
0.98,525,exact_spending,3,199,199,True,396,1790,22260921
0.98,526,exact_spending,1,198,198,True,217,1253,22260921
0.98,527,exact_spending,0,199,199,True,240,1322,22260921
0.98,528,exact_spending,6,199,199,True,262,1388,22260921
0.98,529,exact_spending,5,199,199,True,303,1511,22260921
0.98,530,exact_spending,4,200,200,True,283,1451,22260921
0.98,531,exact_spending,5,200,200,True,133,1001,22260921
0.98,532,exact_spending,4,200,200,True,262,1388,22260921
0.98,533,exact_spending,0,199,199,True,192,1178,22260921
0.98,534,exact_spending,5,199,199,True,165,1097,22260921
0.98,535,exact_spending,4,199,199,True,217,1253,22260921
0.98,536,exact_spending,4,198,198,True,240,1322,22260921
0.98,537,exact_spending,3,198,198,True,217,1253,22260921
0.98,538,exact_spending,2,198,198,True,165,1097,22260921
0.98,539,exact_spending,7,198,198,True,133,1001,22260921
0.98,540,exact_spending,7,199,199,True,133,1001,22260921
0.98,541,exact_spending,4,199,199,True,133,1001,22260921
0.98,542,exact_spending,3,198,198,True,133,1001,22260921
0.98,543,exact_spending,2,198,198,True,303,1511,22260921
0.98,544,exact_spending,4,200,200,True,192,1178,22260921
0.98,545,exact_spending,4,198,198,True,262,1388,22260921
0.98,546,exact_spending,4,198,198,True,283,1451,22260921
0.98,547,exact_spending,0,198,198,True,192,1178,22260921
0.98,548,exact_spending,0,197,197,True,240,1322,22260921
0.98,549,exact_spending,2,199,199,True,414,1844,22260921
0.98,550,exact_spending,2,198,198,True,133,1001,22260921
0.98,551,exact_spending,2,200,200,True,262,1388,22260921
0.98,552,exact_spending,3,198,198,True,322,1568,22260921
0.98,553,exact_spending,1,199,199,True,217,1253,22260921
0.98,554,exact_spending,5,199,199,True,303,1511,22260921
0.98,555,exact_spending,4,200,200,True,322,1568,22260921
0.98,556,exact_spending,3,199,199,True,262,1388,22260921
0.98,557,exact_spending,6,198,198,True,262,1388,22260921
0.98,558,exact_spending,6,200,200,True,322,1568,22260921
0.98,559,exact_spending,1,199,199,True,303,1511,22260921
0.98,560,exact_spending,0,198,198,True,217,1253,22260921
0.98,561,exact_spending,4,197,197,True,240,1322,22260921
0.98,562,exact_spending,0,199,199,True,240,1322,22260921
0.98,563,exact_spending,1,200,200,True,217,1253,22260921
0.98,564,exact_spending,7,198,198,True,303,1511,22260921
0.98,565,exact_spending,4,200,200,True,165,1097,22260921
0.98,566,exact_spending,3,200,200,True,240,1322,22260921
0.98,567,exact_spending,1,198,198,True,217,1253,22260921
0.98,568,exact_spending,2,198,198,True,283,1451,22260921
0.98,569,exact_spending,7,198,198,True,192,1178,22260921
0.98,570,exact_spending,1,198,198,True,322,1568,22260921
0.98,571,exact_spending,7,197,197,True,322,1568,22260921
0.98,572,exact_spending,7,200,200,True,283,1451,22260921
0.98,573,exact_spending,3,198,198,True,217,1253,22260921
0.98,574,exact_spending,0,198,198,True,303,1511,22260921
0.98,575,exact_spending,1,197,197,True,283,1451,22260921
0.98,576,exact_spending,1,198,198,True,483,2051,22260921
0.98,577,exact_spending,6,199,199,True,283,1451,22260921
0.98,578,exact_spending,0,199,199,True,262,1388,22260921
0.98,579,exact_spending,6,199,199,True,262,1388,22260921
0.98,580,exact_spending,1,199,199,True,192,1178,22260921
0.98,581,exact_spending,2,198,198,True,483,2051,22260921
0.98,582,exact_spending,2,197,197,True,240,1322,22260921
0.98,583,exact_spending,0,197,197,True,192,1178,22260921
0.98,584,exact_spending,6,199,199,True,360,1682,22260921
0.98,585,exact_spending,4,196,196,True,341,1625,22260921
0.98,586,exact_spending,5,199,199,True,322,1568,22260921
0.98,587,exact_spending,7,199,199,True,165,1097,22260921
0.98,588,exact_spending,5,199,199,True,165,1097,22260921
0.98,589,exact_spending,2,199,199,True,217,1253,22260921
0.98,590,exact_spending,2,198,198,True,240,1322,22260921
0.98,591,exact_spending,0,198,198,True,303,1511,22260921
0.98,592,exact_spending,3,197,197,True,192,1178,22260921
0.98,593,exact_spending,6,199,199,True,192,1178,22260921
0.98,594,exact_spending,1,198,198,True,192,1178,22260921
0.98,595,exact_spending,0,199,199,True,262,1388,22260921
0.98,596,exact_spending,4,199,199,True,360,1682,22260921
0.98,597,exact_spending,4,199,199,True,217,1253,22260921
0.98,598,exact_spending,0,198,198,True,283,1451,22260921
0.98,599,exact_spending,0,199,199,True,240,1322,22260921
0.98,600,exact_spending,1,197,197,True,396,1790,22260921
0.98,601,exact_spending,6,199,199,True,240,1322,22260921
0.98,602,exact_spending,5,198,198,True,217,1253,22260921
0.98,603,exact_spending,1,198,198,True,341,1625,22260921
0.98,604,exact_spending,1,198,198,True,322,1568,22260921
0.98,605,exact_spending,0,197,197,True,414,1844,22260921
0.98,606,exact_spending,5,199,199,True,240,1322,22260921
0.98,607,exact_spending,5,199,199,True,217,1253,22260921
0.98,608,exact_spending,1,199,199,True,303,1511,22260921
0.98,609,exact_spending,7,200,200,True,322,1568,22260921
0.98,610,exact_spending,0,199,199,True,532,2198,22260921
0.98,611,exact_spending,0,199,199,True,192,1178,22260921
0.98,612,exact_spending,1,199,199,True,165,1097,22260921
0.98,613,exact_spending,4,198,198,True,262,1388,22260921
0.98,614,exact_spending,4,198,198,True,303,1511,22260921
0.98,615,exact_spending,2,198,198,True,378,1736,22260921
0.98,616,exact_spending,7,199,199,True,283,1451,22260921
0.98,617,exact_spending,1,198,198,True,240,1322,22260921
0.98,618,exact_spending,4,198,198,True,192,1178,22260921
0.98,619,exact_spending,2,198,198,True,165,1097,22260921
0.98,620,exact_spending,7,198,198,True,165,1097,22260921
0.98,621,exact_spending,0,197,197,True,341,1625,22260921
0.98,622,exact_spending,6,198,198,True,133,1001,22260921
0.98,623,exact_spending,0,197,197,True,217,1253,22260921
0.98,624,exact_spending,5,199,199,True,240,1322,22260921
0.98,625,exact_spending,2,200,200,True,217,1253,22260921
0.98,626,exact_spending,0,199,199,True,240,1322,22260921
0.98,627,exact_spending,1,199,199,True,303,1511,22260921
0.98,628,exact_spending,2,198,198,True,192,1178,22260921
0.98,629,exact_spending,2,199,199,True,303,1511,22260921
0.98,630,exact_spending,0,198,198,True,303,1511,22260921
0.98,631,exact_spending,6,199,199,True,322,1568,22260921
0.98,632,exact_spending,0,199,199,True,133,1001,22260921
0.98,633,exact_spending,4,199,199,True,283,1451,22260921
0.98,634,exact_spending,1,200,200,True,133,1001,22260921
0.98,635,exact_spending,4,198,198,True,283,1451,22260921
0.98,636,exact_spending,1,199,199,True,466,2000,22260921
0.98,637,exact_spending,7,199,199,True,165,1097,22260921
0.98,638,exact_spending,3,199,199,True,240,1322,22260921
0.98,639,exact_spending,5,199,199,True,378,1736,22260921
0.98,640,exact_spending,2,199,199,True,360,1682,22260921
0.98,641,exact_spending,2,198,198,True,303,1511,22260921
0.98,642,exact_spending,5,198,198,True,165,1097,22260921
0.98,643,exact_spending,4,200,200,True,192,1178,22260921
0.98,644,exact_spending,7,200,200,True,133,1001,22260921
0.98,645,exact_spending,0,198,198,True,192,1178,22260921
0.98,646,exact_spending,1,199,199,True,240,1322,22260921
0.98,647,exact_spending,4,199,199,True,283,1451,22260921
0.98,648,exact_spending,7,199,199,True,432,1898,22260921
0.98,649,exact_spending,1,200,200,True,262,1388,22260921
0.98,650,exact_spending,0,199,199,True,466,2000,22260921
0.98,651,exact_spending,2,198,198,True,165,1097,22260921
0.98,652,exact_spending,7,198,198,True,240,1322,22260921
0.98,653,exact_spending,3,199,199,True,262,1388,22260921
0.98,654,exact_spending,1,198,198,True,322,1568,22260921
0.98,655,exact_spending,1,199,199,True,322,1568,22260921
0.98,656,exact_spending,7,199,199,True,133,1001,22260921
0.98,657,exact_spending,2,198,198,True,262,1388,22260921
0.98,658,exact_spending,2,199,199,True,217,1253,22260921
0.98,659,exact_spending,2,199,199,True,414,1844,22260921
0.98,660,exact_spending,2,199,199,True,322,1568,22260921
0.98,661,exact_spending,0,197,197,True,262,1388,22260921
0.98,662,exact_spending,6,199,199,True,283,1451,22260921
0.98,663,exact_spending,6,198,198,True,262,1388,22260921
0.98,664,exact_spending,5,198,198,True,165,1097,22260921
0.98,665,exact_spending,0,198,198,True,133,1001,22260921
0.98,666,exact_spending,2,199,199,True,133,1001,22260921
0.98,667,exact_spending,0,198,198,True,262,1388,22260921
0.98,668,exact_spending,5,198,198,True,283,1451,22260921
0.98,669,exact_spending,2,198,198,True,192,1178,22260921
0.98,670,exact_spending,7,199,199,True,322,1568,22260921
0.98,671,exact_spending,5,197,197,True,217,1253,22260921
0.98,672,exact_spending,1,198,198,True,192,1178,22260921
0.98,673,exact_spending,7,198,198,True,360,1682,22260921
0.98,674,exact_spending,0,197,197,True,240,1322,22260921
0.98,675,exact_spending,0,198,198,True,165,1097,22260921
0.98,676,exact_spending,4,199,199,True,192,1178,22260921
0.98,677,exact_spending,5,198,198,True,262,1388,22260921
0.98,678,exact_spending,5,198,198,True,165,1097,22260921
0.98,679,exact_spending,4,199,199,True,360,1682,22260921
0.98,680,exact_spending,3,198,198,True,283,1451,22260921
0.98,681,exact_spending,7,197,197,True,341,1625,22260921
0.98,682,exact_spending,2,200,200,True,240,1322,22260921
0.98,683,exact_spending,7,199,199,True,360,1682,22260921
0.98,684,exact_spending,7,199,199,True,240,1322,22260921
0.98,685,exact_spending,1,199,199,True,192,1178,22260921
0.98,686,exact_spending,2,200,200,True,217,1253,22260921
0.98,687,exact_spending,3,199,199,True,262,1388,22260921
0.98,688,exact_spending,2,200,200,True,217,1253,22260921
0.98,689,exact_spending,4,198,198,True,283,1451,22260921
0.98,690,exact_spending,0,200,200,True,262,1388,22260921
0.98,691,exact_spending,5,200,200,True,303,1511,22260921
0.98,692,exact_spending,5,199,199,True,165,1097,22260921
0.98,693,exact_spending,7,199,199,True,240,1322,22260921
0.98,694,exact_spending,5,198,198,True,262,1388,22260921
0.98,695,exact_spending,2,198,198,True,217,1253,22260921
0.98,696,exact_spending,4,199,199,True,303,1511,22260921
0.98,697,exact_spending,0,199,199,True,516,2150,22260921
0.98,698,exact_spending,0,199,199,True,165,1097,22260921
0.98,699,exact_spending,6,198,198,True,322,1568,22260921
0.98,700,exact_spending,1,198,198,True,240,1322,22260921
0.98,701,exact_spending,5,199,199,True,283,1451,22260921
0.98,702,exact_spending,6,200,200,True,303,1511,22260921
0.98,703,exact_spending,1,200,200,True,192,1178,22260921
0.98,704,exact_spending,4,200,200,True,262,1388,22260921
0.98,705,exact_spending,1,198,198,True,262,1388,22260921
0.98,706,exact_spending,4,198,198,True,192,1178,22260921
0.98,707,exact_spending,3,198,198,True,217,1253,22260921
0.98,708,exact_spending,0,198,198,True,262,1388,22260921
0.98,709,exact_spending,0,199,199,True,322,1568,22260921
0.98,710,exact_spending,4,199,199,True,165,1097,22260921
0.98,711,exact_spending,1,200,200,True,262,1388,22260921
0.98,712,exact_spending,7,200,200,True,262,1388,22260921
0.98,713,exact_spending,0,199,199,True,262,1388,22260921
0.98,714,exact_spending,7,198,198,True,283,1451,22260921
0.98,715,exact_spending,5,199,199,True,262,1388,22260921
0.98,716,exact_spending,6,198,198,True,240,1322,22260921
0.98,717,exact_spending,5,200,200,True,240,1322,22260921
0.98,718,exact_spending,2,199,199,True,378,1736,22260921
0.98,719,exact_spending,4,199,199,True,322,1568,22260921
0.98,720,exact_spending,2,198,198,True,341,1625,22260921
0.98,721,exact_spending,5,199,199,True,341,1625,22260921
0.98,722,exact_spending,4,199,199,True,262,1388,22260921
0.98,723,exact_spending,1,198,198,True,303,1511,22260921
0.98,724,exact_spending,3,200,200,True,303,1511,22260921
0.98,725,exact_spending,5,200,200,True,240,1322,22260921
0.98,726,exact_spending,3,199,199,True,240,1322,22260921
0.98,727,exact_spending,4,198,198,True,133,1001,22260921
0.98,728,exact_spending,3,198,198,True,165,1097,22260921
0.98,729,exact_spending,6,199,199,True,165,1097,22260921
0.98,730,exact_spending,0,197,197,True,240,1322,22260921
0.98,731,exact_spending,4,198,198,True,262,1388,22260921
0.98,732,exact_spending,0,197,197,True,217,1253,22260921
0.98,733,exact_spending,4,198,198,True,283,1451,22260921
0.98,734,exact_spending,4,199,199,True,192,1178,22260921
0.98,735,exact_spending,3,199,199,True,165,1097,22260921
0.98,736,exact_spending,3,199,199,True,240,1322,22260921
0.98,737,exact_spending,0,200,200,True,240,1322,22260921
0.98,738,exact_spending,0,200,200,True,360,1682,22260921
0.98,739,exact_spending,4,199,199,True,322,1568,22260921
0.98,740,exact_spending,7,200,200,True,581,2345,22260921
0.98,741,exact_spending,6,198,198,True,341,1625,22260921
0.98,742,exact_spending,2,198,198,True,217,1253,22260921
0.98,743,exact_spending,0,198,198,True,133,1001,22260921
0.98,744,exact_spending,7,199,199,True,192,1178,22260921
0.98,745,exact_spending,6,199,199,True,322,1568,22260921
0.98,746,exact_spending,4,200,200,True,341,1625,22260921
0.98,747,exact_spending,5,199,199,True,217,1253,22260921
0.98,748,exact_spending,1,198,198,True,283,1451,22260921
0.98,749,exact_spending,0,198,198,True,192,1178,22260921
0.98,750,exact_spending,2,199,199,True,192,1178,22260921
0.98,751,exact_spending,6,200,200,True,303,1511,22260921
0.98,752,exact_spending,0,198,198,True,240,1322,22260921
0.98,753,exact_spending,0,198,198,True,303,1511,22260921
0.98,754,exact_spending,3,198,198,True,240,1322,22260921
0.98,755,exact_spending,0,198,198,True,240,1322,22260921
0.98,756,exact_spending,7,199,199,True,217,1253,22260921
0.98,757,exact_spending,1,198,198,True,165,1097,22260921
0.98,758,exact_spending,6,200,200,True,283,1451,22260921
0.98,759,exact_spending,4,198,198,True,378,1736,22260921
0.98,760,exact_spending,3,199,199,True,341,1625,22260921
0.98,761,exact_spending,2,198,198,True,217,1253,22260921
0.98,762,exact_spending,3,199,199,True,217,1253,22260921
0.98,763,exact_spending,0,198,198,True,360,1682,22260921
0.98,764,exact_spending,2,198,198,True,414,1844,22260921
0.98,765,exact_spending,1,197,197,True,283,1451,22260921
0.98,766,exact_spending,5,200,200,True,322,1568,22260921
0.98,767,exact_spending,0,199,199,True,414,1844,22260921
0.98,768,exact_spending,1,199,199,True,192,1178,22260921
0.98,769,exact_spending,2,197,197,True,322,1568,22260921
0.98,770,exact_spending,1,198,198,True,283,1451,22260921
0.98,771,exact_spending,2,198,198,True,396,1790,22260921
0.98,772,exact_spending,5,199,199,True,240,1322,22260921
0.98,773,exact_spending,6,198,198,True,240,1322,22260921
0.98,774,exact_spending,5,197,197,True,262,1388,22260921
0.98,775,exact_spending,3,197,197,True,192,1178,22260921
0.98,776,exact_spending,4,198,198,True,165,1097,22260921
0.98,777,exact_spending,3,197,197,True,240,1322,22260921
0.98,778,exact_spending,3,196,196,True,262,1388,22260921
0.98,779,exact_spending,0,199,199,True,283,1451,22260921
0.98,780,exact_spending,3,198,198,True,133,1001,22260921
0.98,781,exact_spending,0,199,199,True,133,1001,22260921
0.98,782,exact_spending,6,198,198,True,165,1097,22260921
0.98,783,exact_spending,0,199,199,True,466,2000,22260921
0.98,784,exact_spending,6,199,199,True,322,1568,22260921
0.98,785,exact_spending,3,196,196,True,283,1451,22260921
0.98,786,exact_spending,3,200,200,True,192,1178,22260921
0.98,787,exact_spending,1,200,200,True,192,1178,22260921
0.98,788,exact_spending,1,197,197,True,217,1253,22260921
0.98,789,exact_spending,3,198,198,True,165,1097,22260921
0.98,790,exact_spending,1,198,198,True,378,1736,22260921
0.98,791,exact_spending,1,199,199,True,165,1097,22260921
0.98,792,exact_spending,6,198,198,True,192,1178,22260921
0.98,793,exact_spending,0,198,198,True,283,1451,22260921
0.98,794,exact_spending,4,199,199,True,133,1001,22260921
0.98,795,exact_spending,2,197,197,True,133,1001,22260921
0.98,796,exact_spending,2,198,198,True,192,1178,22260921
0.98,797,exact_spending,1,198,198,True,322,1568,22260921
0.98,798,exact_spending,2,199,199,True,240,1322,22260921
0.98,799,exact_spending,1,198,198,True,133,1001,22260921
0.98,800,exact_spending,1,197,197,True,217,1253,22260921
0.98,801,exact_spending,6,199,199,True,341,1625,22260921
0.98,802,exact_spending,6,199,199,True,217,1253,22260921
0.98,803,exact_spending,3,199,199,True,133,1001,22260921
0.98,804,exact_spending,4,200,200,True,414,1844,22260921
0.98,805,exact_spending,6,198,198,True,378,1736,22260921
0.98,806,exact_spending,1,200,200,True,192,1178,22260921
0.98,807,exact_spending,1,199,199,True,240,1322,22260921
0.98,808,exact_spending,7,198,198,True,378,1736,22260921
0.98,809,exact_spending,5,199,199,True,165,1097,22260921
0.98,810,exact_spending,7,198,198,True,283,1451,22260921
0.98,811,exact_spending,0,198,198,True,240,1322,22260921
0.98,812,exact_spending,7,200,200,True,262,1388,22260921
0.98,813,exact_spending,1,197,197,True,165,1097,22260921
0.98,814,exact_spending,5,199,199,True,341,1625,22260921
0.98,815,exact_spending,3,199,199,True,322,1568,22260921
0.98,816,exact_spending,6,199,199,True,378,1736,22260921
0.98,817,exact_spending,0,198,198,True,165,1097,22260921
0.98,818,exact_spending,1,197,197,True,240,1322,22260921
0.98,819,exact_spending,1,198,198,True,322,1568,22260921
0.98,820,exact_spending,5,199,199,True,192,1178,22260921
0.98,821,exact_spending,0,198,198,True,303,1511,22260921
0.98,822,exact_spending,7,198,198,True,192,1178,22260921
0.98,823,exact_spending,1,198,198,True,217,1253,22260921
0.98,824,exact_spending,1,198,198,True,165,1097,22260921
0.98,825,exact_spending,6,198,198,True,133,1001,22260921
0.98,826,exact_spending,0,199,199,True,549,2249,22260921
0.98,827,exact_spending,5,198,198,True,303,1511,22260921
0.98,828,exact_spending,0,200,200,True,532,2198,22260921
0.98,829,exact_spending,3,200,200,True,432,1898,22260921
0.98,830,exact_spending,2,199,199,True,303,1511,22260921
0.98,831,exact_spending,4,199,199,True,165,1097,22260921
0.98,832,exact_spending,5,198,198,True,414,1844,22260921
0.98,833,exact_spending,6,199,199,True,341,1625,22260921
0.98,834,exact_spending,0,198,198,True,240,1322,22260921
0.98,835,exact_spending,3,200,200,True,303,1511,22260921
0.98,836,exact_spending,3,199,199,True,303,1511,22260921
0.98,837,exact_spending,5,200,200,True,240,1322,22260921
0.98,838,exact_spending,7,198,198,True,133,1001,22260921
0.98,839,exact_spending,2,199,199,True,192,1178,22260921
0.98,840,exact_spending,3,199,199,True,396,1790,22260921
0.98,841,exact_spending,7,198,198,True,303,1511,22260921
0.98,842,exact_spending,0,197,197,True,303,1511,22260921
0.98,843,exact_spending,6,199,199,True,165,1097,22260921
0.98,844,exact_spending,7,200,200,True,341,1625,22260921
0.98,845,exact_spending,6,199,199,True,262,1388,22260921
0.98,846,exact_spending,6,198,198,True,192,1178,22260921
0.98,847,exact_spending,4,199,199,True,133,1001,22260921
0.98,848,exact_spending,6,199,199,True,217,1253,22260921
0.98,849,exact_spending,3,197,197,True,133,1001,22260921
0.98,850,exact_spending,7,199,199,True,165,1097,22260921
0.98,851,exact_spending,0,199,199,True,360,1682,22260921
0.98,852,exact_spending,3,198,198,True,217,1253,22260921
0.98,853,exact_spending,1,198,198,True,341,1625,22260921
0.98,854,exact_spending,5,199,199,True,396,1790,22260921
0.98,855,exact_spending,0,198,198,True,240,1322,22260921
0.98,856,exact_spending,1,200,200,True,262,1388,22260921
0.98,857,exact_spending,4,199,199,True,240,1322,22260921
0.98,858,exact_spending,5,198,198,True,240,1322,22260921
0.98,859,exact_spending,0,199,199,True,217,1253,22260921
0.98,860,exact_spending,0,197,197,True,192,1178,22260921
0.98,861,exact_spending,3,200,200,True,360,1682,22260921
0.98,862,exact_spending,3,199,199,True,217,1253,22260921
0.98,863,exact_spending,1,200,200,True,262,1388,22260921
0.98,864,exact_spending,1,199,199,True,133,1001,22260921
0.98,865,exact_spending,2,198,198,True,378,1736,22260921
0.98,866,exact_spending,0,199,199,True,240,1322,22260921
0.98,867,exact_spending,0,198,198,True,192,1178,22260921
0.98,868,exact_spending,5,197,197,True,283,1451,22260921
0.98,869,exact_spending,1,198,198,True,133,1001,22260921
0.98,870,exact_spending,1,198,198,True,217,1253,22260921
0.98,871,exact_spending,1,198,198,True,303,1511,22260921
0.98,872,exact_spending,2,200,200,True,240,1322,22260921
0.98,873,exact_spending,2,199,199,True,192,1178,22260921
0.98,874,exact_spending,7,200,200,True,133,1001,22260921
0.98,875,exact_spending,0,198,198,True,133,1001,22260921
0.98,876,exact_spending,4,199,199,True,133,1001,22260921
0.98,877,exact_spending,4,199,199,True,322,1568,22260921
0.98,878,exact_spending,2,199,199,True,192,1178,22260921
0.98,879,exact_spending,1,199,199,True,133,1001,22260921
0.98,880,exact_spending,0,198,198,True,303,1511,22260921
0.98,881,exact_spending,3,198,198,True,217,1253,22260921
0.98,882,exact_spending,3,200,200,True,414,1844,22260921
0.98,883,exact_spending,1,199,199,True,165,1097,22260921
0.98,884,exact_spending,6,199,199,True,262,1388,22260921
0.98,885,exact_spending,1,199,199,True,192,1178,22260921
0.98,886,exact_spending,6,200,200,True,133,1001,22260921
0.98,887,exact_spending,7,198,198,True,165,1097,22260921
0.98,888,exact_spending,1,199,199,True,192,1178,22260921
0.98,889,exact_spending,2,197,197,True,322,1568,22260921
0.98,890,exact_spending,2,197,197,True,240,1322,22260921
0.98,891,exact_spending,0,200,200,True,217,1253,22260921
0.98,892,exact_spending,4,200,200,True,262,1388,22260921
0.98,893,exact_spending,3,197,197,True,283,1451,22260921
0.98,894,exact_spending,6,200,200,True,165,1097,22260921
0.98,895,exact_spending,2,199,199,True,283,1451,22260921
0.98,896,exact_spending,6,198,198,True,283,1451,22260921
0.98,897,exact_spending,0,199,199,True,192,1178,22260921
0.98,898,exact_spending,1,198,198,True,217,1253,22260921
0.98,899,exact_spending,5,200,200,True,283,1451,22260921
0.98,900,exact_spending,2,198,198,True,341,1625,22260921
0.98,901,exact_spending,2,198,198,True,414,1844,22260921
0.98,902,exact_spending,3,198,198,True,341,1625,22260921
0.98,903,exact_spending,5,198,198,True,165,1097,22260921
0.98,904,exact_spending,4,197,197,True,217,1253,22260921
0.98,905,exact_spending,5,198,198,True,283,1451,22260921
0.98,906,exact_spending,0,198,198,True,303,1511,22260921
0.98,907,exact_spending,5,197,197,True,262,1388,22260921
0.98,908,exact_spending,4,199,199,True,283,1451,22260921
0.98,909,exact_spending,3,199,199,True,240,1322,22260921
0.98,910,exact_spending,0,197,197,True,240,1322,22260921
0.98,911,exact_spending,4,200,200,True,283,1451,22260921
0.98,912,exact_spending,7,199,199,True,322,1568,22260921
0.98,913,exact_spending,0,198,198,True,165,1097,22260921
0.98,914,exact_spending,2,200,200,True,133,1001,22260921
0.98,915,exact_spending,2,198,198,True,322,1568,22260921
0.98,916,exact_spending,7,199,199,True,378,1736,22260921
0.98,917,exact_spending,4,199,199,True,322,1568,22260921
0.98,918,exact_spending,4,199,199,True,240,1322,22260921
0.98,919,exact_spending,6,199,199,True,192,1178,22260921
0.98,920,exact_spending,1,198,198,True,341,1625,22260921
0.98,921,exact_spending,2,199,199,True,165,1097,22260921
0.98,922,exact_spending,4,198,198,True,240,1322,22260921
0.98,923,exact_spending,2,200,200,True,192,1178,22260921
0.98,924,exact_spending,1,199,199,True,133,1001,22260921
0.98,925,exact_spending,5,198,198,True,262,1388,22260921
0.98,926,exact_spending,5,200,200,True,217,1253,22260921
0.98,927,exact_spending,6,200,200,True,396,1790,22260921
0.98,928,exact_spending,5,199,199,True,217,1253,22260921
0.98,929,exact_spending,1,196,196,True,360,1682,22260921
0.98,930,exact_spending,0,198,198,True,217,1253,22260921
0.98,931,exact_spending,1,199,199,True,240,1322,22260921
0.98,932,exact_spending,2,198,198,True,165,1097,22260921
0.98,933,exact_spending,3,198,198,True,283,1451,22260921
0.98,934,exact_spending,6,199,199,True,133,1001,22260921
0.98,935,exact_spending,4,198,198,True,165,1097,22260921
0.98,936,exact_spending,5,200,200,True,192,1178,22260921
0.98,937,exact_spending,5,200,200,True,322,1568,22260921
0.98,938,exact_spending,1,199,199,True,360,1682,22260921
0.98,939,exact_spending,6,198,198,True,283,1451,22260921
0.98,940,exact_spending,1,199,199,True,240,1322,22260921
0.98,941,exact_spending,2,200,200,True,283,1451,22260921
0.98,942,exact_spending,4,199,199,True,165,1097,22260921
0.98,943,exact_spending,4,199,199,True,262,1388,22260921
0.98,944,exact_spending,2,199,199,True,262,1388,22260921
0.98,945,exact_spending,5,199,199,True,217,1253,22260921
0.98,946,exact_spending,3,199,199,True,240,1322,22260921
0.98,947,exact_spending,3,197,197,True,322,1568,22260921
0.98,948,exact_spending,4,199,199,True,303,1511,22260921
0.98,949,exact_spending,5,199,199,True,322,1568,22260921
0.98,950,exact_spending,1,199,199,True,217,1253,22260921
0.98,951,exact_spending,4,197,197,True,360,1682,22260921
0.98,952,exact_spending,5,200,200,True,341,1625,22260921
0.98,953,exact_spending,0,198,198,True,396,1790,22260921
0.98,954,exact_spending,1,197,197,True,217,1253,22260921
0.98,955,exact_spending,7,199,199,True,217,1253,22260921
0.98,956,exact_spending,6,199,199,True,192,1178,22260921
0.98,957,exact_spending,1,198,198,True,283,1451,22260921
0.98,958,exact_spending,0,195,195,True,466,2000,22260921
0.98,959,exact_spending,4,197,197,True,283,1451,22260921
0.98,960,exact_spending,5,197,197,True,192,1178,22260921
0.98,961,exact_spending,2,196,196,True,414,1844,22260921
0.98,962,exact_spending,4,199,199,True,303,1511,22260921
0.98,963,exact_spending,4,200,200,True,217,1253,22260921
0.98,964,exact_spending,4,198,198,True,165,1097,22260921
0.98,965,exact_spending,3,199,199,True,240,1322,22260921
0.98,966,exact_spending,0,197,197,True,283,1451,22260921
0.98,967,exact_spending,0,198,198,True,283,1451,22260921
0.98,968,exact_spending,2,200,200,True,378,1736,22260921
0.98,969,exact_spending,5,199,199,True,133,1001,22260921
0.98,970,exact_spending,5,198,198,True,262,1388,22260921
0.98,971,exact_spending,6,199,199,True,133,1001,22260921
0.98,972,exact_spending,2,198,198,True,341,1625,22260921
0.98,973,exact_spending,1,196,196,True,360,1682,22260921
0.98,974,exact_spending,4,199,199,True,192,1178,22260921
0.98,975,exact_spending,0,198,198,True,303,1511,22260921
0.98,976,exact_spending,4,199,199,True,414,1844,22260921
0.98,977,exact_spending,4,198,198,True,133,1001,22260921
0.98,978,exact_spending,0,200,200,True,165,1097,22260921
0.98,979,exact_spending,7,198,198,True,360,1682,22260921
0.98,980,exact_spending,2,197,197,True,133,1001,22260921
0.98,981,exact_spending,0,197,197,True,217,1253,22260921
0.98,982,exact_spending,0,197,197,True,192,1178,22260921
0.98,983,exact_spending,2,199,199,True,165,1097,22260921
0.98,984,exact_spending,0,198,198,True,217,1253,22260921
0.98,985,exact_spending,3,199,199,True,217,1253,22260921
0.98,986,exact_spending,1,199,199,True,192,1178,22260921
0.98,987,exact_spending,0,198,198,True,262,1388,22260921
0.98,988,exact_spending,1,198,198,True,192,1178,22260921
0.98,989,exact_spending,2,198,198,True,283,1451,22260921
0.98,990,exact_spending,1,197,197,True,165,1097,22260921
0.98,991,exact_spending,1,199,199,True,192,1178,22260921
0.98,992,exact_spending,0,199,199,True,192,1178,22260921
0.98,993,exact_spending,5,199,199,True,133,1001,22260921
0.98,994,exact_spending,4,198,198,True,240,1322,22260921
0.98,995,exact_spending,2,199,199,True,192,1178,22260921
0.98,996,exact_spending,4,200,200,True,303,1511,22260921
0.98,997,exact_spending,0,199,199,True,303,1511,22260921
0.98,998,exact_spending,3,200,200,True,165,1097,22260921
0.98,999,exact_spending,1,199,199,True,283,1451,22260921
0.98,0,paper_hoeffding,5,199,199,True,1219,4259,22260921
0.98,1,paper_hoeffding,0,198,198,True,1352,4658,22260921
0.98,2,paper_hoeffding,2,199,199,True,1602,5408,22260921
0.98,3,paper_hoeffding,4,198,198,True,1620,5462,22260921
0.98,4,paper_hoeffding,2,198,198,True,1200,4202,22260921
0.98,5,paper_hoeffding,1,196,196,True,1407,4823,22260921
0.98,6,paper_hoeffding,5,197,197,True,1807,6023,22260921
0.98,7,paper_hoeffding,0,199,199,True,1756,5870,22260921
0.98,8,paper_hoeffding,7,199,199,True,1567,5303,22260921
0.98,9,paper_hoeffding,5,200,200,True,1514,5144,22260921
0.98,10,paper_hoeffding,2,199,199,True,1585,5357,22260921
0.98,11,paper_hoeffding,6,200,200,True,1637,5513,22260921
0.98,12,paper_hoeffding,1,198,198,True,1425,4877,22260921
0.98,13,paper_hoeffding,5,199,199,True,1200,4202,22260921
0.98,14,paper_hoeffding,1,199,199,True,1352,4658,22260921
0.98,15,paper_hoeffding,0,198,198,True,1370,4712,22260921
0.98,16,paper_hoeffding,3,199,199,True,1620,5462,22260921
0.98,17,paper_hoeffding,5,199,199,True,1296,4490,22260921
0.98,18,paper_hoeffding,1,200,200,True,1352,4658,22260921
0.98,19,paper_hoeffding,3,197,197,True,1388,4766,22260921
0.98,20,paper_hoeffding,2,199,199,True,1314,4544,22260921
0.98,21,paper_hoeffding,4,199,199,True,1461,4985,22260921
0.98,22,paper_hoeffding,3,198,198,True,1219,4259,22260921
0.98,23,paper_hoeffding,1,199,199,True,1407,4823,22260921
0.98,24,paper_hoeffding,1,200,200,True,1688,5666,22260921
0.98,25,paper_hoeffding,3,200,200,True,1461,4985,22260921
0.98,26,paper_hoeffding,1,200,200,True,1407,4823,22260921
0.98,27,paper_hoeffding,2,198,198,True,1314,4544,22260921
0.98,28,paper_hoeffding,3,198,198,True,1407,4823,22260921
0.98,29,paper_hoeffding,1,199,199,True,1425,4877,22260921
0.98,30,paper_hoeffding,4,198,198,True,1620,5462,22260921
0.98,31,paper_hoeffding,0,199,199,True,1370,4712,22260921
0.98,32,paper_hoeffding,6,200,200,True,1296,4490,22260921
0.98,33,paper_hoeffding,1,197,197,True,1567,5303,22260921
0.98,34,paper_hoeffding,3,199,199,True,1479,5039,22260921
0.98,35,paper_hoeffding,1,199,199,True,1514,5144,22260921
0.98,36,paper_hoeffding,2,198,198,True,1314,4544,22260921
0.98,37,paper_hoeffding,0,198,198,True,1602,5408,22260921
0.98,38,paper_hoeffding,0,199,199,True,1479,5039,22260921
0.98,39,paper_hoeffding,7,199,199,True,1314,4544,22260921
0.98,40,paper_hoeffding,2,199,199,True,1443,4931,22260921
0.98,41,paper_hoeffding,1,196,196,True,1497,5093,22260921
0.98,42,paper_hoeffding,5,198,198,True,1407,4823,22260921
0.98,43,paper_hoeffding,7,199,199,True,1550,5252,22260921
0.98,44,paper_hoeffding,3,199,199,True,1370,4712,22260921
0.98,45,paper_hoeffding,6,199,199,True,1443,4931,22260921
0.98,46,paper_hoeffding,0,198,198,True,1370,4712,22260921
0.98,47,paper_hoeffding,3,199,199,True,1550,5252,22260921
0.98,48,paper_hoeffding,3,198,198,True,1333,4601,22260921
0.98,49,paper_hoeffding,3,199,199,True,1602,5408,22260921
0.98,50,paper_hoeffding,5,199,199,True,1425,4877,22260921
0.98,51,paper_hoeffding,4,198,198,True,1550,5252,22260921
0.98,52,paper_hoeffding,2,199,199,True,1550,5252,22260921
0.98,53,paper_hoeffding,0,197,197,True,1514,5144,22260921
0.98,54,paper_hoeffding,1,197,197,True,1497,5093,22260921
0.98,55,paper_hoeffding,2,200,200,True,1443,4931,22260921
0.98,56,paper_hoeffding,1,198,198,True,1532,5198,22260921
0.98,57,paper_hoeffding,0,199,199,True,1407,4823,22260921
0.98,58,paper_hoeffding,5,198,198,True,1461,4985,22260921
0.98,59,paper_hoeffding,6,199,199,True,1857,6173,22260921
0.98,60,paper_hoeffding,0,199,199,True,1637,5513,22260921
0.98,61,paper_hoeffding,0,199,199,True,1443,4931,22260921
0.98,62,paper_hoeffding,3,200,200,True,1514,5144,22260921
0.98,63,paper_hoeffding,5,200,200,True,1620,5462,22260921
0.98,64,paper_hoeffding,3,198,198,True,1443,4931,22260921
0.98,65,paper_hoeffding,7,200,200,True,1425,4877,22260921
0.98,66,paper_hoeffding,6,197,197,True,1333,4601,22260921
0.98,67,paper_hoeffding,3,199,199,True,1620,5462,22260921
0.98,68,paper_hoeffding,0,199,199,True,1532,5198,22260921
0.98,69,paper_hoeffding,5,199,199,True,1671,5615,22260921
0.98,70,paper_hoeffding,3,199,199,True,1671,5615,22260921
0.98,71,paper_hoeffding,5,200,200,True,1620,5462,22260921
0.98,72,paper_hoeffding,2,199,199,True,1567,5303,22260921
0.98,73,paper_hoeffding,0,199,199,True,1514,5144,22260921
0.98,74,paper_hoeffding,0,200,200,True,1296,4490,22260921
0.98,75,paper_hoeffding,2,198,198,True,1370,4712,22260921
0.98,76,paper_hoeffding,2,198,198,True,1532,5198,22260921
0.98,77,paper_hoeffding,7,199,199,True,1425,4877,22260921
0.98,78,paper_hoeffding,2,198,198,True,1314,4544,22260921
0.98,79,paper_hoeffding,1,198,198,True,1239,4319,22260921
0.98,80,paper_hoeffding,5,200,200,True,1514,5144,22260921
0.98,81,paper_hoeffding,6,198,198,True,1790,5972,22260921
0.98,82,paper_hoeffding,7,199,199,True,1314,4544,22260921
0.98,83,paper_hoeffding,3,199,199,True,1585,5357,22260921
0.98,84,paper_hoeffding,4,199,199,True,1567,5303,22260921
0.98,85,paper_hoeffding,1,199,199,True,1388,4766,22260921
0.98,86,paper_hoeffding,0,199,199,True,1443,4931,22260921
0.98,87,paper_hoeffding,2,199,199,True,1620,5462,22260921
0.98,88,paper_hoeffding,3,200,200,True,1407,4823,22260921
0.98,89,paper_hoeffding,7,198,198,True,1181,4145,22260921
0.98,90,paper_hoeffding,0,199,199,True,1706,5720,22260921
0.98,91,paper_hoeffding,5,198,198,True,1370,4712,22260921
0.98,92,paper_hoeffding,5,199,199,True,1370,4712,22260921
0.98,93,paper_hoeffding,4,198,198,True,1479,5039,22260921
0.98,94,paper_hoeffding,7,199,199,True,1602,5408,22260921
0.98,95,paper_hoeffding,6,199,199,True,1602,5408,22260921
0.98,96,paper_hoeffding,4,197,197,True,1514,5144,22260921
0.98,97,paper_hoeffding,3,199,199,True,1461,4985,22260921
0.98,98,paper_hoeffding,7,199,199,True,1550,5252,22260921
0.98,99,paper_hoeffding,3,199,199,True,1479,5039,22260921
0.98,100,paper_hoeffding,2,197,197,True,1352,4658,22260921
0.98,101,paper_hoeffding,6,198,198,True,1532,5198,22260921
0.98,102,paper_hoeffding,1,199,199,True,1425,4877,22260921
0.98,103,paper_hoeffding,1,198,198,True,1407,4823,22260921
0.98,104,paper_hoeffding,7,199,199,True,1602,5408,22260921
0.98,105,paper_hoeffding,0,197,197,True,1352,4658,22260921
0.98,106,paper_hoeffding,0,200,200,True,1333,4601,22260921
0.98,107,paper_hoeffding,7,198,198,True,1161,4085,22260921
0.98,108,paper_hoeffding,3,199,199,True,1296,4490,22260921
0.98,109,paper_hoeffding,1,198,198,True,1514,5144,22260921
0.98,110,paper_hoeffding,5,199,199,True,1388,4766,22260921
0.98,111,paper_hoeffding,1,198,198,True,1461,4985,22260921
0.98,112,paper_hoeffding,6,199,199,True,1239,4319,22260921
0.98,113,paper_hoeffding,7,199,199,True,1388,4766,22260921
0.98,114,paper_hoeffding,5,198,198,True,1567,5303,22260921
0.98,115,paper_hoeffding,3,197,197,True,1585,5357,22260921
0.98,116,paper_hoeffding,3,198,198,True,1200,4202,22260921
0.98,117,paper_hoeffding,3,198,198,True,1567,5303,22260921
0.98,118,paper_hoeffding,4,200,200,True,1497,5093,22260921
0.98,119,paper_hoeffding,5,199,199,True,1585,5357,22260921
0.98,120,paper_hoeffding,2,199,199,True,1425,4877,22260921
0.98,121,paper_hoeffding,3,200,200,True,1370,4712,22260921
0.98,122,paper_hoeffding,1,198,198,True,1637,5513,22260921
0.98,123,paper_hoeffding,0,198,198,True,1461,4985,22260921
0.98,124,paper_hoeffding,1,197,197,True,1671,5615,22260921
0.98,125,paper_hoeffding,1,198,198,True,1443,4931,22260921
0.98,126,paper_hoeffding,0,198,198,True,1314,4544,22260921
0.98,127,paper_hoeffding,0,200,200,True,1514,5144,22260921
0.98,128,paper_hoeffding,1,197,197,True,1514,5144,22260921
0.98,129,paper_hoeffding,5,199,199,True,1277,4433,22260921
0.98,130,paper_hoeffding,0,200,200,True,1602,5408,22260921
0.98,131,paper_hoeffding,0,198,198,True,1514,5144,22260921
0.98,132,paper_hoeffding,2,199,199,True,1739,5819,22260921
0.98,133,paper_hoeffding,5,200,200,True,1219,4259,22260921
0.98,134,paper_hoeffding,1,199,199,True,1654,5564,22260921
0.98,135,paper_hoeffding,1,198,198,True,1443,4931,22260921
0.98,136,paper_hoeffding,2,198,198,True,1461,4985,22260921
0.98,137,paper_hoeffding,3,199,199,True,1461,4985,22260921
0.98,138,paper_hoeffding,5,198,198,True,1514,5144,22260921
0.98,139,paper_hoeffding,2,197,197,True,1443,4931,22260921
0.98,140,paper_hoeffding,3,198,198,True,1824,6074,22260921
0.98,141,paper_hoeffding,7,197,197,True,1258,4376,22260921
0.98,142,paper_hoeffding,2,197,197,True,1461,4985,22260921
0.98,143,paper_hoeffding,2,198,198,True,1654,5564,22260921
0.98,144,paper_hoeffding,6,199,199,True,1388,4766,22260921
0.98,145,paper_hoeffding,0,198,198,True,1333,4601,22260921
0.98,146,paper_hoeffding,1,198,198,True,1407,4823,22260921
0.98,147,paper_hoeffding,3,197,197,True,1585,5357,22260921
0.98,148,paper_hoeffding,1,200,200,True,1141,4025,22260921
0.98,149,paper_hoeffding,7,198,198,True,1277,4433,22260921
0.98,150,paper_hoeffding,5,200,200,True,1461,4985,22260921
0.98,151,paper_hoeffding,1,198,198,True,1388,4766,22260921
0.98,152,paper_hoeffding,2,198,198,True,1479,5039,22260921
0.98,153,paper_hoeffding,1,198,198,True,1352,4658,22260921
0.98,154,paper_hoeffding,6,198,198,True,1654,5564,22260921
0.98,155,paper_hoeffding,1,199,199,True,1637,5513,22260921
0.98,156,paper_hoeffding,0,199,199,True,1219,4259,22260921
0.98,157,paper_hoeffding,6,198,198,True,1181,4145,22260921
0.98,158,paper_hoeffding,3,198,198,True,1567,5303,22260921
0.98,159,paper_hoeffding,6,198,198,True,1277,4433,22260921
0.98,160,paper_hoeffding,0,199,199,True,1567,5303,22260921
0.98,161,paper_hoeffding,2,199,199,True,1567,5303,22260921
0.98,162,paper_hoeffding,7,200,200,True,1407,4823,22260921
0.98,163,paper_hoeffding,3,198,198,True,1101,3905,22260921
0.98,164,paper_hoeffding,3,199,199,True,1370,4712,22260921
0.98,165,paper_hoeffding,3,197,197,True,1443,4931,22260921
0.98,166,paper_hoeffding,1,196,196,True,1479,5039,22260921
0.98,167,paper_hoeffding,6,199,199,True,1425,4877,22260921
0.98,168,paper_hoeffding,1,200,200,True,1407,4823,22260921
0.98,169,paper_hoeffding,7,199,199,True,1277,4433,22260921
0.98,170,paper_hoeffding,7,198,198,True,1407,4823,22260921
0.98,171,paper_hoeffding,7,199,199,True,1370,4712,22260921
0.98,172,paper_hoeffding,6,198,198,True,1425,4877,22260921
0.98,173,paper_hoeffding,5,199,199,True,1567,5303,22260921
0.98,174,paper_hoeffding,4,198,198,True,1200,4202,22260921
0.98,175,paper_hoeffding,0,199,199,True,1333,4601,22260921
0.98,176,paper_hoeffding,5,198,198,True,1890,6272,22260921
0.98,177,paper_hoeffding,3,199,199,True,1550,5252,22260921
0.98,178,paper_hoeffding,6,197,197,True,1200,4202,22260921
0.98,179,paper_hoeffding,2,198,198,True,1443,4931,22260921
0.98,180,paper_hoeffding,4,198,198,True,1773,5921,22260921
0.98,181,paper_hoeffding,6,199,199,True,1370,4712,22260921
0.98,182,paper_hoeffding,7,199,199,True,1407,4823,22260921
0.98,183,paper_hoeffding,4,199,199,True,1461,4985,22260921
0.98,184,paper_hoeffding,5,199,199,True,1567,5303,22260921
0.98,185,paper_hoeffding,0,197,197,True,1407,4823,22260921
0.98,186,paper_hoeffding,7,199,199,True,1370,4712,22260921
0.98,187,paper_hoeffding,4,199,199,True,1550,5252,22260921
0.98,188,paper_hoeffding,4,198,198,True,1388,4766,22260921
0.98,189,paper_hoeffding,1,197,197,True,1567,5303,22260921
0.98,190,paper_hoeffding,4,199,199,True,1443,4931,22260921
0.98,191,paper_hoeffding,2,200,200,True,1443,4931,22260921
0.98,192,paper_hoeffding,0,198,198,True,1425,4877,22260921
0.98,193,paper_hoeffding,6,200,200,True,1497,5093,22260921
0.98,194,paper_hoeffding,7,200,200,True,1532,5198,22260921
0.98,195,paper_hoeffding,1,200,200,True,1567,5303,22260921
0.98,196,paper_hoeffding,5,199,199,True,1333,4601,22260921
0.98,197,paper_hoeffding,3,198,198,True,1739,5819,22260921
0.98,198,paper_hoeffding,5,199,199,True,1388,4766,22260921
0.98,199,paper_hoeffding,5,198,198,True,1407,4823,22260921
0.98,200,paper_hoeffding,2,198,198,True,1550,5252,22260921
0.98,201,paper_hoeffding,2,198,198,True,1497,5093,22260921
0.98,202,paper_hoeffding,2,200,200,True,1567,5303,22260921
0.98,203,paper_hoeffding,7,199,199,True,1497,5093,22260921
0.98,204,paper_hoeffding,2,199,199,True,1585,5357,22260921
0.98,205,paper_hoeffding,0,198,198,True,1407,4823,22260921
0.98,206,paper_hoeffding,0,199,199,True,1550,5252,22260921
0.98,207,paper_hoeffding,3,199,199,True,1706,5720,22260921
0.98,208,paper_hoeffding,7,199,199,True,1479,5039,22260921
0.98,209,paper_hoeffding,1,198,198,True,1756,5870,22260921
0.98,210,paper_hoeffding,0,200,200,True,1425,4877,22260921
0.98,211,paper_hoeffding,2,198,198,True,1277,4433,22260921
0.98,212,paper_hoeffding,7,198,198,True,1479,5039,22260921
0.98,213,paper_hoeffding,0,197,197,True,1370,4712,22260921
0.98,214,paper_hoeffding,4,197,197,True,1461,4985,22260921
0.98,215,paper_hoeffding,4,199,199,True,1497,5093,22260921
0.98,216,paper_hoeffding,2,199,199,True,1461,4985,22260921
0.98,217,paper_hoeffding,1,198,198,True,1585,5357,22260921
0.98,218,paper_hoeffding,4,198,198,True,1443,4931,22260921
0.98,219,paper_hoeffding,1,198,198,True,1873,6221,22260921
0.98,220,paper_hoeffding,0,197,197,True,1723,5771,22260921
0.98,221,paper_hoeffding,0,199,199,True,1723,5771,22260921
0.98,222,paper_hoeffding,3,199,199,True,1370,4712,22260921
0.98,223,paper_hoeffding,5,197,197,True,1314,4544,22260921
0.98,224,paper_hoeffding,1,200,200,True,1532,5198,22260921
0.98,225,paper_hoeffding,3,199,199,True,1443,4931,22260921
0.98,226,paper_hoeffding,2,198,198,True,1443,4931,22260921
0.98,227,paper_hoeffding,1,200,200,True,1671,5615,22260921
0.98,228,paper_hoeffding,4,200,200,True,1567,5303,22260921
0.98,229,paper_hoeffding,1,199,199,True,1824,6074,22260921
0.98,230,paper_hoeffding,2,199,199,True,1370,4712,22260921
0.98,231,paper_hoeffding,1,199,199,True,1514,5144,22260921
0.98,232,paper_hoeffding,6,199,199,True,1497,5093,22260921
0.98,233,paper_hoeffding,3,200,200,True,1296,4490,22260921
0.98,234,paper_hoeffding,0,197,197,True,1514,5144,22260921
0.98,235,paper_hoeffding,7,199,199,True,1550,5252,22260921
0.98,236,paper_hoeffding,3,199,199,True,1352,4658,22260921
0.98,237,paper_hoeffding,1,200,200,True,1239,4319,22260921
0.98,238,paper_hoeffding,0,198,198,True,1407,4823,22260921
0.98,239,paper_hoeffding,7,199,199,True,1532,5198,22260921
0.98,240,paper_hoeffding,0,199,199,True,1239,4319,22260921
0.98,241,paper_hoeffding,0,200,200,True,1333,4601,22260921
0.98,242,paper_hoeffding,1,198,198,True,1479,5039,22260921
0.98,243,paper_hoeffding,0,199,199,True,1296,4490,22260921
0.98,244,paper_hoeffding,6,199,199,True,1567,5303,22260921
0.98,245,paper_hoeffding,1,198,198,True,1479,5039,22260921
0.98,246,paper_hoeffding,2,197,197,True,1756,5870,22260921
0.98,247,paper_hoeffding,6,198,198,True,1219,4259,22260921
0.98,248,paper_hoeffding,4,199,199,True,1461,4985,22260921
0.98,249,paper_hoeffding,0,198,198,True,1532,5198,22260921
0.98,250,paper_hoeffding,5,199,199,True,1443,4931,22260921
0.98,251,paper_hoeffding,3,197,197,True,1497,5093,22260921
0.98,252,paper_hoeffding,1,197,197,True,1532,5198,22260921
0.98,253,paper_hoeffding,0,198,198,True,1425,4877,22260921
0.98,254,paper_hoeffding,5,199,199,True,1550,5252,22260921
0.98,255,paper_hoeffding,3,198,198,True,1479,5039,22260921
0.98,256,paper_hoeffding,1,198,198,True,1425,4877,22260921
0.98,257,paper_hoeffding,6,198,198,True,1602,5408,22260921
0.98,258,paper_hoeffding,4,199,199,True,1370,4712,22260921
0.98,259,paper_hoeffding,4,199,199,True,1514,5144,22260921
0.98,260,paper_hoeffding,6,200,200,True,1333,4601,22260921
0.98,261,paper_hoeffding,4,199,199,True,1637,5513,22260921
0.98,262,paper_hoeffding,2,199,199,True,1654,5564,22260921
0.98,263,paper_hoeffding,5,199,199,True,1258,4376,22260921
0.98,264,paper_hoeffding,1,199,199,True,1239,4319,22260921
0.98,265,paper_hoeffding,6,199,199,True,1620,5462,22260921
0.98,266,paper_hoeffding,0,198,198,True,1352,4658,22260921
0.98,267,paper_hoeffding,5,200,200,True,1654,5564,22260921
0.98,268,paper_hoeffding,1,199,199,True,1388,4766,22260921
0.98,269,paper_hoeffding,3,198,198,True,1602,5408,22260921
0.98,270,paper_hoeffding,1,198,198,True,1388,4766,22260921
0.98,271,paper_hoeffding,5,199,199,True,1567,5303,22260921
0.98,272,paper_hoeffding,0,198,198,True,1425,4877,22260921
0.98,273,paper_hoeffding,6,199,199,True,1532,5198,22260921
0.98,274,paper_hoeffding,0,197,197,True,1939,6419,22260921
0.98,275,paper_hoeffding,0,197,197,True,1425,4877,22260921
0.98,276,paper_hoeffding,1,197,197,True,1296,4490,22260921
0.98,277,paper_hoeffding,2,198,198,True,1497,5093,22260921
0.98,278,paper_hoeffding,0,198,198,True,1121,3965,22260921
0.98,279,paper_hoeffding,2,198,198,True,1773,5921,22260921
0.98,280,paper_hoeffding,4,199,199,True,1514,5144,22260921
0.98,281,paper_hoeffding,3,197,197,True,1425,4877,22260921
0.98,282,paper_hoeffding,4,197,197,True,1654,5564,22260921
0.98,283,paper_hoeffding,0,198,198,True,1479,5039,22260921
0.98,284,paper_hoeffding,6,199,199,True,1497,5093,22260921
0.98,285,paper_hoeffding,4,199,199,True,1479,5039,22260921
0.98,286,paper_hoeffding,4,198,198,True,1239,4319,22260921
0.98,287,paper_hoeffding,1,197,197,True,1333,4601,22260921
0.98,288,paper_hoeffding,4,199,199,True,1425,4877,22260921
0.98,289,paper_hoeffding,4,198,198,True,1239,4319,22260921
0.98,290,paper_hoeffding,5,198,198,True,1296,4490,22260921
0.98,291,paper_hoeffding,4,198,198,True,1585,5357,22260921
0.98,292,paper_hoeffding,5,199,199,True,1443,4931,22260921
0.98,293,paper_hoeffding,6,198,198,True,1239,4319,22260921
0.98,294,paper_hoeffding,1,199,199,True,1739,5819,22260921
0.98,295,paper_hoeffding,7,199,199,True,1388,4766,22260921
0.98,296,paper_hoeffding,6,199,199,True,1567,5303,22260921
0.98,297,paper_hoeffding,2,199,199,True,1671,5615,22260921
0.98,298,paper_hoeffding,0,197,197,True,1425,4877,22260921
0.98,299,paper_hoeffding,5,199,199,True,1388,4766,22260921
0.98,300,paper_hoeffding,1,199,199,True,1497,5093,22260921
0.98,301,paper_hoeffding,1,199,199,True,1239,4319,22260921
0.98,302,paper_hoeffding,0,196,196,True,1706,5720,22260921
0.98,303,paper_hoeffding,0,198,198,True,1388,4766,22260921
0.98,304,paper_hoeffding,0,200,200,True,1333,4601,22260921
0.98,305,paper_hoeffding,5,199,199,True,1620,5462,22260921
0.98,306,paper_hoeffding,0,197,197,True,1388,4766,22260921
0.98,307,paper_hoeffding,2,200,200,True,1567,5303,22260921
0.98,308,paper_hoeffding,3,198,198,True,1620,5462,22260921
0.98,309,paper_hoeffding,0,199,199,True,1333,4601,22260921
0.98,310,paper_hoeffding,6,200,200,True,1602,5408,22260921
0.98,311,paper_hoeffding,2,198,198,True,1479,5039,22260921
0.98,312,paper_hoeffding,5,199,199,True,1314,4544,22260921
0.98,313,paper_hoeffding,4,198,198,True,1602,5408,22260921
0.98,314,paper_hoeffding,5,198,198,True,1550,5252,22260921
0.98,315,paper_hoeffding,4,199,199,True,1706,5720,22260921
0.98,316,paper_hoeffding,3,199,199,True,1443,4931,22260921
0.98,317,paper_hoeffding,5,198,198,True,1121,3965,22260921
0.98,318,paper_hoeffding,2,197,197,True,1585,5357,22260921
0.98,319,paper_hoeffding,1,197,197,True,1602,5408,22260921
0.98,320,paper_hoeffding,1,198,198,True,1637,5513,22260921
0.98,321,paper_hoeffding,4,198,198,True,1370,4712,22260921
0.98,322,paper_hoeffding,0,199,199,True,1239,4319,22260921
0.98,323,paper_hoeffding,5,199,199,True,1497,5093,22260921
0.98,324,paper_hoeffding,6,199,199,True,1388,4766,22260921
0.98,325,paper_hoeffding,1,199,199,True,1296,4490,22260921
0.98,326,paper_hoeffding,4,199,199,True,1532,5198,22260921
0.98,327,paper_hoeffding,4,199,199,True,1514,5144,22260921
0.98,328,paper_hoeffding,0,197,197,True,1550,5252,22260921
0.98,329,paper_hoeffding,6,199,199,True,1497,5093,22260921
0.98,330,paper_hoeffding,6,198,198,True,1258,4376,22260921
0.98,331,paper_hoeffding,6,199,199,True,1239,4319,22260921
0.98,332,paper_hoeffding,4,198,198,True,1461,4985,22260921
0.98,333,paper_hoeffding,4,199,199,True,1258,4376,22260921
0.98,334,paper_hoeffding,6,199,199,True,1200,4202,22260921
0.98,335,paper_hoeffding,0,197,197,True,1873,6221,22260921
0.98,336,paper_hoeffding,6,198,198,True,1824,6074,22260921
0.98,337,paper_hoeffding,1,198,198,True,1219,4259,22260921
0.98,338,paper_hoeffding,4,199,199,True,1479,5039,22260921
0.98,339,paper_hoeffding,3,200,200,True,1532,5198,22260921
0.98,340,paper_hoeffding,1,198,198,True,1873,6221,22260921
0.98,341,paper_hoeffding,0,200,200,True,1479,5039,22260921
0.98,342,paper_hoeffding,0,199,199,True,1532,5198,22260921
0.98,343,paper_hoeffding,1,198,198,True,1407,4823,22260921
0.98,344,paper_hoeffding,4,199,199,True,1314,4544,22260921
0.98,345,paper_hoeffding,4,198,198,True,1370,4712,22260921
0.98,346,paper_hoeffding,4,198,198,True,1461,4985,22260921
0.98,347,paper_hoeffding,4,199,199,True,1585,5357,22260921
0.98,348,paper_hoeffding,3,198,198,True,1514,5144,22260921
0.98,349,paper_hoeffding,6,199,199,True,1370,4712,22260921
0.98,350,paper_hoeffding,4,200,200,True,1479,5039,22260921
0.98,351,paper_hoeffding,2,199,199,True,1277,4433,22260921
0.98,352,paper_hoeffding,0,197,197,True,1370,4712,22260921
0.98,353,paper_hoeffding,1,199,199,True,1352,4658,22260921
0.98,354,paper_hoeffding,1,199,199,True,1461,4985,22260921
0.98,355,paper_hoeffding,2,198,198,True,1219,4259,22260921
0.98,356,paper_hoeffding,0,197,197,True,1585,5357,22260921
0.98,357,paper_hoeffding,2,198,198,True,1370,4712,22260921
0.98,358,paper_hoeffding,3,198,198,True,1333,4601,22260921
0.98,359,paper_hoeffding,3,199,199,True,1479,5039,22260921
0.98,360,paper_hoeffding,0,197,197,True,1602,5408,22260921
0.98,361,paper_hoeffding,1,198,198,True,1258,4376,22260921
0.98,362,paper_hoeffding,6,199,199,True,1388,4766,22260921
0.98,363,paper_hoeffding,3,199,199,True,1200,4202,22260921
0.98,364,paper_hoeffding,3,199,199,True,1585,5357,22260921
0.98,365,paper_hoeffding,0,199,199,True,1567,5303,22260921
0.98,366,paper_hoeffding,0,196,196,True,1461,4985,22260921
0.98,367,paper_hoeffding,4,198,198,True,1407,4823,22260921
0.98,368,paper_hoeffding,2,198,198,True,1637,5513,22260921
0.98,369,paper_hoeffding,4,199,199,True,1514,5144,22260921
0.98,370,paper_hoeffding,7,199,199,True,1425,4877,22260921
0.98,371,paper_hoeffding,4,200,200,True,1461,4985,22260921
0.98,372,paper_hoeffding,0,199,199,True,1352,4658,22260921
0.98,373,paper_hoeffding,4,200,200,True,1497,5093,22260921
0.98,374,paper_hoeffding,3,198,198,True,1370,4712,22260921
0.98,375,paper_hoeffding,2,198,198,True,1706,5720,22260921
0.98,376,paper_hoeffding,0,199,199,True,1200,4202,22260921
0.98,377,paper_hoeffding,5,199,199,True,1296,4490,22260921
0.98,378,paper_hoeffding,0,198,198,True,1296,4490,22260921
0.98,379,paper_hoeffding,0,198,198,True,1739,5819,22260921
0.98,380,paper_hoeffding,7,200,200,True,1443,4931,22260921
0.98,381,paper_hoeffding,6,200,200,True,1532,5198,22260921
0.98,382,paper_hoeffding,0,198,198,True,1824,6074,22260921
0.98,383,paper_hoeffding,5,198,198,True,1333,4601,22260921
0.98,384,paper_hoeffding,6,198,198,True,1620,5462,22260921
0.98,385,paper_hoeffding,4,198,198,True,1314,4544,22260921
0.98,386,paper_hoeffding,7,198,198,True,1461,4985,22260921
0.98,387,paper_hoeffding,5,200,200,True,1620,5462,22260921
0.98,388,paper_hoeffding,0,199,199,True,1277,4433,22260921
0.98,389,paper_hoeffding,2,197,197,True,1352,4658,22260921
0.98,390,paper_hoeffding,4,198,198,True,1388,4766,22260921
0.98,391,paper_hoeffding,7,197,197,True,1370,4712,22260921
0.98,392,paper_hoeffding,1,199,199,True,1807,6023,22260921
0.98,393,paper_hoeffding,3,198,198,True,1567,5303,22260921
0.98,394,paper_hoeffding,3,198,198,True,1637,5513,22260921
0.98,395,paper_hoeffding,2,199,199,True,1296,4490,22260921
0.98,396,paper_hoeffding,2,197,197,True,1181,4145,22260921
0.98,397,paper_hoeffding,0,196,196,True,1407,4823,22260921
0.98,398,paper_hoeffding,5,198,198,True,1602,5408,22260921
0.98,399,paper_hoeffding,4,197,197,True,1277,4433,22260921
0.98,400,paper_hoeffding,4,198,198,True,1101,3905,22260921
0.98,401,paper_hoeffding,0,198,198,True,1407,4823,22260921
0.98,402,paper_hoeffding,3,200,200,True,1620,5462,22260921
0.98,403,paper_hoeffding,3,199,199,True,1654,5564,22260921
0.98,404,paper_hoeffding,3,198,198,True,1370,4712,22260921
0.98,405,paper_hoeffding,2,200,200,True,1425,4877,22260921
0.98,406,paper_hoeffding,1,198,198,True,2004,6614,22260921
0.98,407,paper_hoeffding,1,198,198,True,1585,5357,22260921
0.98,408,paper_hoeffding,3,198,198,True,1407,4823,22260921
0.98,409,paper_hoeffding,7,199,199,True,1807,6023,22260921
0.98,410,paper_hoeffding,1,198,198,True,1532,5198,22260921
0.98,411,paper_hoeffding,0,197,197,True,1333,4601,22260921
0.98,412,paper_hoeffding,7,199,199,True,1550,5252,22260921
0.98,413,paper_hoeffding,3,198,198,True,1370,4712,22260921
0.98,414,paper_hoeffding,1,198,198,True,1567,5303,22260921
0.98,415,paper_hoeffding,6,199,199,True,1443,4931,22260921
0.98,416,paper_hoeffding,2,197,197,True,1550,5252,22260921
0.98,417,paper_hoeffding,0,197,197,True,1620,5462,22260921
0.98,418,paper_hoeffding,3,198,198,True,1773,5921,22260921
0.98,419,paper_hoeffding,0,198,198,True,1532,5198,22260921
0.98,420,paper_hoeffding,3,200,200,True,1101,3905,22260921
0.98,421,paper_hoeffding,2,200,200,True,1277,4433,22260921
0.98,422,paper_hoeffding,4,199,199,True,1461,4985,22260921
0.98,423,paper_hoeffding,1,199,199,True,1296,4490,22260921
0.98,424,paper_hoeffding,3,200,200,True,1688,5666,22260921
0.98,425,paper_hoeffding,4,198,198,True,1567,5303,22260921
0.98,426,paper_hoeffding,1,198,198,True,1333,4601,22260921
0.98,427,paper_hoeffding,1,200,200,True,1388,4766,22260921
0.98,428,paper_hoeffding,0,198,198,True,1239,4319,22260921
0.98,429,paper_hoeffding,0,200,200,True,1602,5408,22260921
0.98,430,paper_hoeffding,3,199,199,True,1620,5462,22260921
0.98,431,paper_hoeffding,0,198,198,True,1497,5093,22260921
0.98,432,paper_hoeffding,4,198,198,True,1602,5408,22260921
0.98,433,paper_hoeffding,5,200,200,True,1532,5198,22260921
0.98,434,paper_hoeffding,3,199,199,True,1352,4658,22260921
0.98,435,paper_hoeffding,5,199,199,True,1620,5462,22260921
0.98,436,paper_hoeffding,3,196,196,True,1443,4931,22260921
0.98,437,paper_hoeffding,6,198,198,True,1479,5039,22260921
0.98,438,paper_hoeffding,1,200,200,True,1620,5462,22260921
0.98,439,paper_hoeffding,1,199,199,True,1352,4658,22260921
0.98,440,paper_hoeffding,5,198,198,True,1840,6122,22260921
0.98,441,paper_hoeffding,6,199,199,True,1333,4601,22260921
0.98,442,paper_hoeffding,5,200,200,True,1277,4433,22260921
0.98,443,paper_hoeffding,1,198,198,True,1425,4877,22260921
0.98,444,paper_hoeffding,2,199,199,True,1620,5462,22260921
0.98,445,paper_hoeffding,2,200,200,True,1277,4433,22260921
0.98,446,paper_hoeffding,0,199,199,True,1773,5921,22260921
0.98,447,paper_hoeffding,2,198,198,True,1654,5564,22260921
0.98,448,paper_hoeffding,2,198,198,True,1567,5303,22260921
0.98,449,paper_hoeffding,6,199,199,True,1200,4202,22260921
0.98,450,paper_hoeffding,2,199,199,True,1333,4601,22260921
0.98,451,paper_hoeffding,0,198,198,True,1370,4712,22260921
0.98,452,paper_hoeffding,3,197,197,True,1585,5357,22260921
0.98,453,paper_hoeffding,6,198,198,True,1219,4259,22260921
0.98,454,paper_hoeffding,1,198,198,True,1352,4658,22260921
0.98,455,paper_hoeffding,0,195,195,True,1425,4877,22260921
0.98,456,paper_hoeffding,1,199,199,True,1239,4319,22260921
0.98,457,paper_hoeffding,1,198,198,True,1425,4877,22260921
0.98,458,paper_hoeffding,5,199,199,True,1688,5666,22260921
0.98,459,paper_hoeffding,0,199,199,True,1739,5819,22260921
0.98,460,paper_hoeffding,6,199,199,True,1567,5303,22260921
0.98,461,paper_hoeffding,0,199,199,True,1407,4823,22260921
0.98,462,paper_hoeffding,0,199,199,True,1388,4766,22260921
0.98,463,paper_hoeffding,1,199,199,True,1756,5870,22260921
0.98,464,paper_hoeffding,5,198,198,True,1407,4823,22260921
0.98,465,paper_hoeffding,1,199,199,True,1706,5720,22260921
0.98,466,paper_hoeffding,2,196,196,True,1739,5819,22260921
0.98,467,paper_hoeffding,1,200,200,True,1550,5252,22260921
0.98,468,paper_hoeffding,0,198,198,True,1514,5144,22260921
0.98,469,paper_hoeffding,7,198,198,True,1258,4376,22260921
0.98,470,paper_hoeffding,2,198,198,True,1585,5357,22260921
0.98,471,paper_hoeffding,2,199,199,True,1550,5252,22260921
0.98,472,paper_hoeffding,2,200,200,True,1514,5144,22260921
0.98,473,paper_hoeffding,0,199,199,True,1620,5462,22260921
0.98,474,paper_hoeffding,2,199,199,True,1585,5357,22260921
0.98,475,paper_hoeffding,4,199,199,True,1637,5513,22260921
0.98,476,paper_hoeffding,6,199,199,True,1773,5921,22260921
0.98,477,paper_hoeffding,7,198,198,True,1425,4877,22260921
0.98,478,paper_hoeffding,6,199,199,True,1514,5144,22260921
0.98,479,paper_hoeffding,4,198,198,True,1602,5408,22260921
0.98,480,paper_hoeffding,5,200,200,True,1497,5093,22260921
0.98,481,paper_hoeffding,5,197,197,True,1550,5252,22260921
0.98,482,paper_hoeffding,5,198,198,True,1906,6320,22260921
0.98,483,paper_hoeffding,3,199,199,True,1443,4931,22260921
0.98,484,paper_hoeffding,3,200,200,True,1333,4601,22260921
0.98,485,paper_hoeffding,7,199,199,True,1161,4085,22260921
0.98,486,paper_hoeffding,0,197,197,True,1277,4433,22260921
0.98,487,paper_hoeffding,1,200,200,True,1425,4877,22260921
0.98,488,paper_hoeffding,1,198,198,True,1388,4766,22260921
0.98,489,paper_hoeffding,3,199,199,True,1425,4877,22260921
0.98,490,paper_hoeffding,0,199,199,True,1514,5144,22260921
0.98,491,paper_hoeffding,1,197,197,True,1567,5303,22260921
0.98,492,paper_hoeffding,6,199,199,True,1497,5093,22260921
0.98,493,paper_hoeffding,5,199,199,True,1388,4766,22260921
0.98,494,paper_hoeffding,0,199,199,True,1388,4766,22260921
0.98,495,paper_hoeffding,4,199,199,True,1352,4658,22260921
0.98,496,paper_hoeffding,4,198,198,True,1532,5198,22260921
0.98,497,paper_hoeffding,7,198,198,True,1461,4985,22260921
0.98,498,paper_hoeffding,6,199,199,True,1314,4544,22260921
0.98,499,paper_hoeffding,0,198,198,True,1620,5462,22260921
0.98,500,paper_hoeffding,4,198,198,True,1532,5198,22260921
0.98,501,paper_hoeffding,7,199,199,True,1497,5093,22260921
0.98,502,paper_hoeffding,7,199,199,True,1388,4766,22260921
0.98,503,paper_hoeffding,0,200,200,True,1296,4490,22260921
0.98,504,paper_hoeffding,1,198,198,True,1314,4544,22260921
0.98,505,paper_hoeffding,0,200,200,True,1550,5252,22260921
0.98,506,paper_hoeffding,0,197,197,True,1602,5408,22260921
0.98,507,paper_hoeffding,6,199,199,True,1370,4712,22260921
0.98,508,paper_hoeffding,7,199,199,True,1333,4601,22260921
0.98,509,paper_hoeffding,2,199,199,True,1532,5198,22260921
0.98,510,paper_hoeffding,4,199,199,True,1807,6023,22260921
0.98,511,paper_hoeffding,6,198,198,True,1671,5615,22260921
0.98,512,paper_hoeffding,7,199,199,True,1637,5513,22260921
0.98,513,paper_hoeffding,1,197,197,True,1567,5303,22260921
0.98,514,paper_hoeffding,0,198,198,True,1277,4433,22260921
0.98,515,paper_hoeffding,7,199,199,True,1314,4544,22260921
0.98,516,paper_hoeffding,4,198,198,True,1479,5039,22260921
0.98,517,paper_hoeffding,1,199,199,True,1370,4712,22260921
0.98,518,paper_hoeffding,0,200,200,True,1425,4877,22260921
0.98,519,paper_hoeffding,6,198,198,True,1314,4544,22260921
0.98,520,paper_hoeffding,5,199,199,True,1620,5462,22260921
0.98,521,paper_hoeffding,0,199,199,True,1239,4319,22260921
0.98,522,paper_hoeffding,1,200,200,True,1671,5615,22260921
0.98,523,paper_hoeffding,0,197,197,True,1497,5093,22260921
0.98,524,paper_hoeffding,4,198,198,True,1706,5720,22260921
0.98,525,paper_hoeffding,3,199,199,True,1461,4985,22260921
0.98,526,paper_hoeffding,1,198,198,True,1258,4376,22260921
0.98,527,paper_hoeffding,0,199,199,True,1258,4376,22260921
0.98,528,paper_hoeffding,6,199,199,True,1443,4931,22260921
0.98,529,paper_hoeffding,5,199,199,True,1333,4601,22260921
0.98,530,paper_hoeffding,4,200,200,True,1602,5408,22260921
0.98,531,paper_hoeffding,5,200,200,True,1296,4490,22260921
0.98,532,paper_hoeffding,4,200,200,True,1637,5513,22260921
0.98,533,paper_hoeffding,0,199,199,True,1277,4433,22260921
0.98,534,paper_hoeffding,5,199,199,True,1407,4823,22260921
0.98,535,paper_hoeffding,4,199,199,True,1333,4601,22260921
0.98,536,paper_hoeffding,4,198,198,True,1479,5039,22260921
0.98,537,paper_hoeffding,3,198,198,True,1443,4931,22260921
0.98,538,paper_hoeffding,2,198,198,True,1550,5252,22260921
0.98,539,paper_hoeffding,7,198,198,True,1296,4490,22260921
0.98,540,paper_hoeffding,7,199,199,True,1181,4145,22260921
0.98,541,paper_hoeffding,4,199,199,True,1296,4490,22260921
0.98,542,paper_hoeffding,3,198,198,True,1388,4766,22260921
0.98,543,paper_hoeffding,2,198,198,True,1550,5252,22260921
0.98,544,paper_hoeffding,4,200,200,True,1514,5144,22260921
0.98,545,paper_hoeffding,4,198,198,True,1688,5666,22260921
0.98,546,paper_hoeffding,4,198,198,True,1296,4490,22260921
0.98,547,paper_hoeffding,0,198,198,True,1314,4544,22260921
0.98,548,paper_hoeffding,0,197,197,True,1314,4544,22260921
0.98,549,paper_hoeffding,2,199,199,True,1388,4766,22260921
0.98,550,paper_hoeffding,2,198,198,True,1407,4823,22260921
0.98,551,paper_hoeffding,2,200,200,True,1637,5513,22260921
0.98,552,paper_hoeffding,3,198,198,True,1620,5462,22260921
0.98,553,paper_hoeffding,1,199,199,True,1532,5198,22260921
0.98,554,paper_hoeffding,5,199,199,True,1620,5462,22260921
0.98,555,paper_hoeffding,4,200,200,True,1443,4931,22260921
0.98,556,paper_hoeffding,3,199,199,True,1425,4877,22260921
0.98,557,paper_hoeffding,6,198,198,True,1333,4601,22260921
0.98,558,paper_hoeffding,6,200,200,True,1739,5819,22260921
0.98,559,paper_hoeffding,1,199,199,True,1654,5564,22260921
0.98,560,paper_hoeffding,0,198,198,True,1443,4931,22260921
0.98,561,paper_hoeffding,4,197,197,True,1654,5564,22260921
0.98,562,paper_hoeffding,0,199,199,True,1514,5144,22260921
0.98,563,paper_hoeffding,1,200,200,True,1706,5720,22260921
0.98,564,paper_hoeffding,7,198,198,True,1461,4985,22260921
0.98,565,paper_hoeffding,4,200,200,True,1333,4601,22260921
0.98,566,paper_hoeffding,3,200,200,True,1550,5252,22260921
0.98,567,paper_hoeffding,1,198,198,True,1219,4259,22260921
0.98,568,paper_hoeffding,2,198,198,True,1479,5039,22260921
0.98,569,paper_hoeffding,7,198,198,True,1296,4490,22260921
0.98,570,paper_hoeffding,1,198,198,True,1532,5198,22260921
0.98,571,paper_hoeffding,7,197,197,True,1407,4823,22260921
0.98,572,paper_hoeffding,7,200,200,True,1514,5144,22260921
0.98,573,paper_hoeffding,3,198,198,True,1532,5198,22260921
0.98,574,paper_hoeffding,0,198,198,True,1407,4823,22260921
0.98,575,paper_hoeffding,1,197,197,True,1688,5666,22260921
0.98,576,paper_hoeffding,1,198,198,True,1567,5303,22260921
0.98,577,paper_hoeffding,6,199,199,True,1352,4658,22260921
0.98,578,paper_hoeffding,0,199,199,True,1706,5720,22260921
0.98,579,paper_hoeffding,6,199,199,True,1602,5408,22260921
0.98,580,paper_hoeffding,1,199,199,True,1370,4712,22260921
0.98,581,paper_hoeffding,2,198,198,True,1756,5870,22260921
0.98,582,paper_hoeffding,2,197,197,True,1602,5408,22260921
0.98,583,paper_hoeffding,0,197,197,True,1161,4085,22260921
0.98,584,paper_hoeffding,6,199,199,True,1479,5039,22260921
0.98,585,paper_hoeffding,4,196,196,True,1461,4985,22260921
0.98,586,paper_hoeffding,5,199,199,True,1407,4823,22260921
0.98,587,paper_hoeffding,7,199,199,True,1352,4658,22260921
0.98,588,paper_hoeffding,5,199,199,True,1407,4823,22260921
0.98,589,paper_hoeffding,2,199,199,True,1388,4766,22260921
0.98,590,paper_hoeffding,2,198,198,True,1200,4202,22260921
0.98,591,paper_hoeffding,0,198,198,True,1514,5144,22260921
0.98,592,paper_hoeffding,3,197,197,True,1443,4931,22260921
0.98,593,paper_hoeffding,6,199,199,True,1425,4877,22260921
0.98,594,paper_hoeffding,1,198,198,True,1239,4319,22260921
0.98,595,paper_hoeffding,0,199,199,True,1443,4931,22260921
0.98,596,paper_hoeffding,4,199,199,True,1550,5252,22260921
0.98,597,paper_hoeffding,4,199,199,True,1277,4433,22260921
0.98,598,paper_hoeffding,0,198,198,True,1314,4544,22260921
0.98,599,paper_hoeffding,0,199,199,True,1706,5720,22260921
0.98,600,paper_hoeffding,1,197,197,True,1550,5252,22260921
0.98,601,paper_hoeffding,6,199,199,True,1277,4433,22260921
0.98,602,paper_hoeffding,5,198,198,True,1296,4490,22260921
0.98,603,paper_hoeffding,1,198,198,True,1688,5666,22260921
0.98,604,paper_hoeffding,1,198,198,True,1654,5564,22260921
0.98,605,paper_hoeffding,0,197,197,True,1688,5666,22260921
0.98,606,paper_hoeffding,5,199,199,True,1219,4259,22260921
0.98,607,paper_hoeffding,5,199,199,True,1352,4658,22260921
0.98,608,paper_hoeffding,1,199,199,True,1514,5144,22260921
0.98,609,paper_hoeffding,7,200,200,True,1370,4712,22260921
0.98,610,paper_hoeffding,0,199,199,True,1756,5870,22260921
0.98,611,paper_hoeffding,0,199,199,True,1370,4712,22260921
0.98,612,paper_hoeffding,1,199,199,True,1532,5198,22260921
0.98,613,paper_hoeffding,4,198,198,True,1314,4544,22260921
0.98,614,paper_hoeffding,4,198,198,True,1443,4931,22260921
0.98,615,paper_hoeffding,2,198,198,True,1602,5408,22260921
0.98,616,paper_hoeffding,7,199,199,True,1620,5462,22260921
0.98,617,paper_hoeffding,1,198,198,True,1497,5093,22260921
0.98,618,paper_hoeffding,4,198,198,True,1388,4766,22260921
0.98,619,paper_hoeffding,2,198,198,True,1258,4376,22260921
0.98,620,paper_hoeffding,7,198,198,True,1333,4601,22260921
0.98,621,paper_hoeffding,0,197,197,True,1461,4985,22260921
0.98,622,paper_hoeffding,6,198,198,True,1407,4823,22260921
0.98,623,paper_hoeffding,0,197,197,True,1333,4601,22260921
0.98,624,paper_hoeffding,5,199,199,True,1219,4259,22260921
0.98,625,paper_hoeffding,2,200,200,True,1443,4931,22260921
0.98,626,paper_hoeffding,0,199,199,True,1407,4823,22260921
0.98,627,paper_hoeffding,1,199,199,True,1479,5039,22260921
0.98,628,paper_hoeffding,2,198,198,True,1370,4712,22260921
0.98,629,paper_hoeffding,2,199,199,True,1296,4490,22260921
0.98,630,paper_hoeffding,0,198,198,True,1352,4658,22260921
0.98,631,paper_hoeffding,6,199,199,True,1352,4658,22260921
0.98,632,paper_hoeffding,0,199,199,True,1654,5564,22260921
0.98,633,paper_hoeffding,4,199,199,True,1497,5093,22260921
0.98,634,paper_hoeffding,1,200,200,True,1388,4766,22260921
0.98,635,paper_hoeffding,4,198,198,True,1497,5093,22260921
0.98,636,paper_hoeffding,1,199,199,True,1532,5198,22260921
0.98,637,paper_hoeffding,7,199,199,True,1277,4433,22260921
0.98,638,paper_hoeffding,3,199,199,True,1602,5408,22260921
0.98,639,paper_hoeffding,5,199,199,True,1497,5093,22260921
0.98,640,paper_hoeffding,2,199,199,True,1333,4601,22260921
0.98,641,paper_hoeffding,2,198,198,True,1479,5039,22260921
0.98,642,paper_hoeffding,5,198,198,True,1567,5303,22260921
0.98,643,paper_hoeffding,4,200,200,True,1352,4658,22260921
0.98,644,paper_hoeffding,7,200,200,True,1239,4319,22260921
0.98,645,paper_hoeffding,0,198,198,True,1314,4544,22260921
0.98,646,paper_hoeffding,1,199,199,True,1388,4766,22260921
0.98,647,paper_hoeffding,4,199,199,True,1407,4823,22260921
0.98,648,paper_hoeffding,7,199,199,True,1479,5039,22260921
0.98,649,paper_hoeffding,1,200,200,True,1671,5615,22260921
0.98,650,paper_hoeffding,0,199,199,True,1637,5513,22260921
0.98,651,paper_hoeffding,2,198,198,True,1407,4823,22260921
0.98,652,paper_hoeffding,7,198,198,True,1532,5198,22260921
0.98,653,paper_hoeffding,3,199,199,True,1585,5357,22260921
0.98,654,paper_hoeffding,1,198,198,True,1443,4931,22260921
0.98,655,paper_hoeffding,1,199,199,True,1407,4823,22260921
0.98,656,paper_hoeffding,7,199,199,True,1425,4877,22260921
0.98,657,paper_hoeffding,2,198,198,True,1637,5513,22260921
0.98,658,paper_hoeffding,2,199,199,True,1333,4601,22260921
0.98,659,paper_hoeffding,2,199,199,True,1688,5666,22260921
0.98,660,paper_hoeffding,2,199,199,True,1567,5303,22260921
0.98,661,paper_hoeffding,0,197,197,True,1407,4823,22260921
0.98,662,paper_hoeffding,6,199,199,True,1461,4985,22260921
0.98,663,paper_hoeffding,6,198,198,True,1550,5252,22260921
0.98,664,paper_hoeffding,5,198,198,True,1671,5615,22260921
0.98,665,paper_hoeffding,0,198,198,True,1388,4766,22260921
0.98,666,paper_hoeffding,2,199,199,True,1479,5039,22260921
0.98,667,paper_hoeffding,0,198,198,True,1407,4823,22260921
0.98,668,paper_hoeffding,5,198,198,True,1370,4712,22260921
0.98,669,paper_hoeffding,2,198,198,True,1388,4766,22260921
0.98,670,paper_hoeffding,7,199,199,True,1277,4433,22260921
0.98,671,paper_hoeffding,5,197,197,True,1479,5039,22260921
0.98,672,paper_hoeffding,1,198,198,True,1277,4433,22260921
0.98,673,paper_hoeffding,7,198,198,True,1688,5666,22260921
0.98,674,paper_hoeffding,0,197,197,True,1461,4985,22260921
0.98,675,paper_hoeffding,0,198,198,True,1443,4931,22260921
0.98,676,paper_hoeffding,4,199,199,True,1296,4490,22260921
0.98,677,paper_hoeffding,5,198,198,True,1479,5039,22260921
0.98,678,paper_hoeffding,5,198,198,True,1314,4544,22260921
0.98,679,paper_hoeffding,4,199,199,True,1370,4712,22260921
0.98,680,paper_hoeffding,3,198,198,True,1620,5462,22260921
0.98,681,paper_hoeffding,7,197,197,True,1620,5462,22260921
0.98,682,paper_hoeffding,2,200,200,True,1461,4985,22260921
0.98,683,paper_hoeffding,7,199,199,True,1654,5564,22260921
0.98,684,paper_hoeffding,7,199,199,True,1200,4202,22260921
0.98,685,paper_hoeffding,1,199,199,True,1532,5198,22260921
0.98,686,paper_hoeffding,2,200,200,True,1585,5357,22260921
0.98,687,paper_hoeffding,3,199,199,True,1333,4601,22260921
0.98,688,paper_hoeffding,2,200,200,True,1479,5039,22260921
0.98,689,paper_hoeffding,4,198,198,True,1585,5357,22260921
0.98,690,paper_hoeffding,0,200,200,True,1425,4877,22260921
0.98,691,paper_hoeffding,5,200,200,True,1461,4985,22260921
0.98,692,paper_hoeffding,5,199,199,True,1532,5198,22260921
0.98,693,paper_hoeffding,7,199,199,True,1479,5039,22260921
0.98,694,paper_hoeffding,5,198,198,True,1706,5720,22260921
0.98,695,paper_hoeffding,2,198,198,True,1479,5039,22260921
0.98,696,paper_hoeffding,4,199,199,True,1654,5564,22260921
0.98,697,paper_hoeffding,0,199,199,True,1824,6074,22260921
0.98,698,paper_hoeffding,0,199,199,True,1425,4877,22260921
0.98,699,paper_hoeffding,6,198,198,True,1370,4712,22260921
0.98,700,paper_hoeffding,1,198,198,True,1370,4712,22260921
0.98,701,paper_hoeffding,5,199,199,True,1461,4985,22260921
0.98,702,paper_hoeffding,6,200,200,True,1333,4601,22260921
0.98,703,paper_hoeffding,1,200,200,True,1514,5144,22260921
0.98,704,paper_hoeffding,4,200,200,True,1314,4544,22260921
0.98,705,paper_hoeffding,1,198,198,True,1514,5144,22260921
0.98,706,paper_hoeffding,4,198,198,True,1296,4490,22260921
0.98,707,paper_hoeffding,3,198,198,True,1425,4877,22260921
0.98,708,paper_hoeffding,0,198,198,True,1314,4544,22260921
0.98,709,paper_hoeffding,0,199,199,True,1425,4877,22260921
0.98,710,paper_hoeffding,4,199,199,True,1514,5144,22260921
0.98,711,paper_hoeffding,1,200,200,True,1388,4766,22260921
0.98,712,paper_hoeffding,7,200,200,True,1258,4376,22260921
0.98,713,paper_hoeffding,0,199,199,True,1296,4490,22260921
0.98,714,paper_hoeffding,7,198,198,True,1333,4601,22260921
0.98,715,paper_hoeffding,5,199,199,True,1479,5039,22260921
0.98,716,paper_hoeffding,6,198,198,True,1756,5870,22260921
0.98,717,paper_hoeffding,5,200,200,True,1443,4931,22260921
0.98,718,paper_hoeffding,2,199,199,True,1497,5093,22260921
0.98,719,paper_hoeffding,4,199,199,True,1388,4766,22260921
0.98,720,paper_hoeffding,2,198,198,True,1388,4766,22260921
0.98,721,paper_hoeffding,5,199,199,True,1407,4823,22260921
0.98,722,paper_hoeffding,4,199,199,True,1620,5462,22260921
0.98,723,paper_hoeffding,1,198,198,True,1807,6023,22260921
0.98,724,paper_hoeffding,3,200,200,True,1654,5564,22260921
0.98,725,paper_hoeffding,5,200,200,True,1333,4601,22260921
0.98,726,paper_hoeffding,3,199,199,True,1514,5144,22260921
0.98,727,paper_hoeffding,4,198,198,True,1314,4544,22260921
0.98,728,paper_hoeffding,3,198,198,True,1314,4544,22260921
0.98,729,paper_hoeffding,6,199,199,True,1567,5303,22260921
0.98,730,paper_hoeffding,0,197,197,True,1277,4433,22260921
0.98,731,paper_hoeffding,4,198,198,True,1637,5513,22260921
0.98,732,paper_hoeffding,0,197,197,True,1407,4823,22260921
0.98,733,paper_hoeffding,4,198,198,True,1497,5093,22260921
0.98,734,paper_hoeffding,4,199,199,True,1671,5615,22260921
0.98,735,paper_hoeffding,3,199,199,True,1388,4766,22260921
0.98,736,paper_hoeffding,3,199,199,True,1585,5357,22260921
0.98,737,paper_hoeffding,0,200,200,True,1443,4931,22260921
0.98,738,paper_hoeffding,0,200,200,True,1388,4766,22260921
0.98,739,paper_hoeffding,4,199,199,True,1567,5303,22260921
0.98,740,paper_hoeffding,7,200,200,True,1637,5513,22260921
0.98,741,paper_hoeffding,6,198,198,True,1550,5252,22260921
0.98,742,paper_hoeffding,2,198,198,True,1723,5771,22260921
0.98,743,paper_hoeffding,0,198,198,True,1514,5144,22260921
0.98,744,paper_hoeffding,7,199,199,True,1258,4376,22260921
0.98,745,paper_hoeffding,6,199,199,True,1514,5144,22260921
0.98,746,paper_hoeffding,4,200,200,True,1567,5303,22260921
0.98,747,paper_hoeffding,5,199,199,True,1723,5771,22260921
0.98,748,paper_hoeffding,1,198,198,True,1200,4202,22260921
0.98,749,paper_hoeffding,0,198,198,True,1352,4658,22260921
0.98,750,paper_hoeffding,2,199,199,True,1370,4712,22260921
0.98,751,paper_hoeffding,6,200,200,True,1550,5252,22260921
0.98,752,paper_hoeffding,0,198,198,True,1370,4712,22260921
0.98,753,paper_hoeffding,0,198,198,True,1425,4877,22260921
0.98,754,paper_hoeffding,3,198,198,True,1370,4712,22260921
0.98,755,paper_hoeffding,0,198,198,True,1314,4544,22260921
0.98,756,paper_hoeffding,7,199,199,True,1388,4766,22260921
0.98,757,paper_hoeffding,1,198,198,True,1258,4376,22260921
0.98,758,paper_hoeffding,6,200,200,True,1602,5408,22260921
0.98,759,paper_hoeffding,4,198,198,True,1654,5564,22260921
0.98,760,paper_hoeffding,3,199,199,True,1333,4601,22260921
0.98,761,paper_hoeffding,2,198,198,True,1671,5615,22260921
0.98,762,paper_hoeffding,3,199,199,True,1314,4544,22260921
0.98,763,paper_hoeffding,0,198,198,True,1550,5252,22260921
0.98,764,paper_hoeffding,2,198,198,True,1388,4766,22260921
0.98,765,paper_hoeffding,1,197,197,True,1407,4823,22260921
0.98,766,paper_hoeffding,5,200,200,True,1296,4490,22260921
0.98,767,paper_hoeffding,0,199,199,True,1461,4985,22260921
0.98,768,paper_hoeffding,1,199,199,True,1461,4985,22260921
0.98,769,paper_hoeffding,2,197,197,True,1407,4823,22260921
0.98,770,paper_hoeffding,1,198,198,True,1671,5615,22260921
0.98,771,paper_hoeffding,2,198,198,True,1585,5357,22260921
0.98,772,paper_hoeffding,5,199,199,True,1219,4259,22260921
0.98,773,paper_hoeffding,6,198,198,True,1514,5144,22260921
0.98,774,paper_hoeffding,5,197,197,True,1258,4376,22260921
0.98,775,paper_hoeffding,3,197,197,True,1200,4202,22260921
0.98,776,paper_hoeffding,4,198,198,True,1443,4931,22260921
0.98,777,paper_hoeffding,3,197,197,True,1567,5303,22260921
0.98,778,paper_hoeffding,3,196,196,True,1314,4544,22260921
0.98,779,paper_hoeffding,0,199,199,True,1602,5408,22260921
0.98,780,paper_hoeffding,3,198,198,True,1479,5039,22260921
0.98,781,paper_hoeffding,0,199,199,True,1461,4985,22260921
0.98,782,paper_hoeffding,6,198,198,True,1654,5564,22260921
0.98,783,paper_hoeffding,0,199,199,True,1602,5408,22260921
0.98,784,paper_hoeffding,6,199,199,True,1443,4931,22260921
0.98,785,paper_hoeffding,3,196,196,True,1181,4145,22260921
0.98,786,paper_hoeffding,3,200,200,True,1407,4823,22260921
0.98,787,paper_hoeffding,1,200,200,True,1461,4985,22260921
0.98,788,paper_hoeffding,1,197,197,True,1258,4376,22260921
0.98,789,paper_hoeffding,3,198,198,True,1200,4202,22260921
0.98,790,paper_hoeffding,1,198,198,True,1277,4433,22260921
0.98,791,paper_hoeffding,1,199,199,True,1239,4319,22260921
0.98,792,paper_hoeffding,6,198,198,True,1567,5303,22260921
0.98,793,paper_hoeffding,0,198,198,True,1514,5144,22260921
0.98,794,paper_hoeffding,4,199,199,True,1121,3965,22260921
0.98,795,paper_hoeffding,2,197,197,True,1200,4202,22260921
0.98,796,paper_hoeffding,2,198,198,True,1333,4601,22260921
0.98,797,paper_hoeffding,1,198,198,True,1602,5408,22260921
0.98,798,paper_hoeffding,2,199,199,True,1637,5513,22260921
0.98,799,paper_hoeffding,1,198,198,True,1532,5198,22260921
0.98,800,paper_hoeffding,1,197,197,True,1514,5144,22260921
0.98,801,paper_hoeffding,6,199,199,True,1479,5039,22260921
0.98,802,paper_hoeffding,6,199,199,True,1277,4433,22260921
0.98,803,paper_hoeffding,3,199,199,True,1333,4601,22260921
0.98,804,paper_hoeffding,4,200,200,True,1739,5819,22260921
0.98,805,paper_hoeffding,6,198,198,True,1807,6023,22260921
0.98,806,paper_hoeffding,1,200,200,True,1181,4145,22260921
0.98,807,paper_hoeffding,1,199,199,True,1333,4601,22260921
0.98,808,paper_hoeffding,7,198,198,True,1671,5615,22260921
0.98,809,paper_hoeffding,5,199,199,True,1200,4202,22260921
0.98,810,paper_hoeffding,7,198,198,True,1602,5408,22260921
0.98,811,paper_hoeffding,0,198,198,True,1637,5513,22260921
0.98,812,paper_hoeffding,7,200,200,True,1567,5303,22260921
0.98,813,paper_hoeffding,1,197,197,True,1161,4085,22260921
0.98,814,paper_hoeffding,5,199,199,True,1602,5408,22260921
0.98,815,paper_hoeffding,3,199,199,True,1756,5870,22260921
0.98,816,paper_hoeffding,6,199,199,True,1906,6320,22260921
0.98,817,paper_hoeffding,0,198,198,True,1258,4376,22260921
0.98,818,paper_hoeffding,1,197,197,True,1425,4877,22260921
0.98,819,paper_hoeffding,1,198,198,True,1550,5252,22260921
0.98,820,paper_hoeffding,5,199,199,True,1550,5252,22260921
0.98,821,paper_hoeffding,0,198,198,True,1532,5198,22260921
0.98,822,paper_hoeffding,7,198,198,True,1277,4433,22260921
0.98,823,paper_hoeffding,1,198,198,True,1296,4490,22260921
0.98,824,paper_hoeffding,1,198,198,True,1443,4931,22260921
0.98,825,paper_hoeffding,6,198,198,True,1239,4319,22260921
0.98,826,paper_hoeffding,0,199,199,True,1532,5198,22260921
0.98,827,paper_hoeffding,5,198,198,True,1461,4985,22260921
0.98,828,paper_hoeffding,0,200,200,True,1688,5666,22260921
0.98,829,paper_hoeffding,3,200,200,True,1756,5870,22260921
0.98,830,paper_hoeffding,2,199,199,True,1654,5564,22260921
0.98,831,paper_hoeffding,4,199,199,True,1407,4823,22260921
0.98,832,paper_hoeffding,5,198,198,True,1706,5720,22260921
0.98,833,paper_hoeffding,6,199,199,True,1407,4823,22260921
0.98,834,paper_hoeffding,0,198,198,True,1407,4823,22260921
0.98,835,paper_hoeffding,3,200,200,True,1550,5252,22260921
0.98,836,paper_hoeffding,3,199,199,True,1461,4985,22260921
0.98,837,paper_hoeffding,5,200,200,True,1333,4601,22260921
0.98,838,paper_hoeffding,7,198,198,True,1081,3845,22260921
0.98,839,paper_hoeffding,2,199,199,True,1258,4376,22260921
0.98,840,paper_hoeffding,3,199,199,True,1461,4985,22260921
0.98,841,paper_hoeffding,7,198,198,True,1602,5408,22260921
0.98,842,paper_hoeffding,0,197,197,True,1388,4766,22260921
0.98,843,paper_hoeffding,6,199,199,True,1443,4931,22260921
0.98,844,paper_hoeffding,7,200,200,True,1479,5039,22260921
0.98,845,paper_hoeffding,6,199,199,True,1602,5408,22260921
0.98,846,paper_hoeffding,6,198,198,True,1239,4319,22260921
0.98,847,paper_hoeffding,4,199,199,True,1239,4319,22260921
0.98,848,paper_hoeffding,6,199,199,True,1333,4601,22260921
0.98,849,paper_hoeffding,3,197,197,True,1370,4712,22260921
0.98,850,paper_hoeffding,7,199,199,True,1388,4766,22260921
0.98,851,paper_hoeffding,0,199,199,True,1620,5462,22260921
0.98,852,paper_hoeffding,3,198,198,True,1161,4085,22260921
0.98,853,paper_hoeffding,1,198,198,True,1407,4823,22260921
0.98,854,paper_hoeffding,5,199,199,True,1461,4985,22260921
0.98,855,paper_hoeffding,0,198,198,True,1461,4985,22260921
0.98,856,paper_hoeffding,1,200,200,True,1388,4766,22260921
0.98,857,paper_hoeffding,4,199,199,True,1277,4433,22260921
0.98,858,paper_hoeffding,5,198,198,True,1443,4931,22260921
0.98,859,paper_hoeffding,0,199,199,True,1370,4712,22260921
0.98,860,paper_hoeffding,0,197,197,True,1514,5144,22260921
0.98,861,paper_hoeffding,3,200,200,True,1425,4877,22260921
0.98,862,paper_hoeffding,3,199,199,True,1352,4658,22260921
0.98,863,paper_hoeffding,1,200,200,True,1688,5666,22260921
0.98,864,paper_hoeffding,1,199,199,True,1514,5144,22260921
0.98,865,paper_hoeffding,2,198,198,True,1370,4712,22260921
0.98,866,paper_hoeffding,0,199,199,True,1550,5252,22260921
0.98,867,paper_hoeffding,0,198,198,True,1461,4985,22260921
0.98,868,paper_hoeffding,5,197,197,True,1497,5093,22260921
0.98,869,paper_hoeffding,1,198,198,True,1181,4145,22260921
0.98,870,paper_hoeffding,1,198,198,True,1314,4544,22260921
0.98,871,paper_hoeffding,1,198,198,True,1567,5303,22260921
0.98,872,paper_hoeffding,2,200,200,True,1370,4712,22260921
0.98,873,paper_hoeffding,2,199,199,True,1671,5615,22260921
0.98,874,paper_hoeffding,7,200,200,True,1407,4823,22260921
0.98,875,paper_hoeffding,0,198,198,True,1388,4766,22260921
0.98,876,paper_hoeffding,4,199,199,True,1550,5252,22260921
0.98,877,paper_hoeffding,4,199,199,True,1739,5819,22260921
0.98,878,paper_hoeffding,2,199,199,True,1200,4202,22260921
0.98,879,paper_hoeffding,1,199,199,True,1200,4202,22260921
0.98,880,paper_hoeffding,0,198,198,True,1388,4766,22260921
0.98,881,paper_hoeffding,3,198,198,True,1585,5357,22260921
0.98,882,paper_hoeffding,3,200,200,True,1567,5303,22260921
0.98,883,paper_hoeffding,1,199,199,True,1602,5408,22260921
0.98,884,paper_hoeffding,6,199,199,True,1425,4877,22260921
0.98,885,paper_hoeffding,1,199,199,True,1407,4823,22260921
0.98,886,paper_hoeffding,6,200,200,True,1425,4877,22260921
0.98,887,paper_hoeffding,7,198,198,True,1333,4601,22260921
0.98,888,paper_hoeffding,1,199,199,True,1461,4985,22260921
0.98,889,paper_hoeffding,2,197,197,True,1443,4931,22260921
0.98,890,paper_hoeffding,2,197,197,True,1258,4376,22260921
0.98,891,paper_hoeffding,0,200,200,True,1497,5093,22260921
0.98,892,paper_hoeffding,4,200,200,True,1497,5093,22260921
0.98,893,paper_hoeffding,3,197,197,True,1200,4202,22260921
0.98,894,paper_hoeffding,6,200,200,True,1239,4319,22260921
0.98,895,paper_hoeffding,2,199,199,True,1239,4319,22260921
0.98,896,paper_hoeffding,6,198,198,True,1258,4376,22260921
0.98,897,paper_hoeffding,0,199,199,True,1443,4931,22260921
0.98,898,paper_hoeffding,1,198,198,True,1461,4985,22260921
0.98,899,paper_hoeffding,5,200,200,True,1407,4823,22260921
0.98,900,paper_hoeffding,2,198,198,True,1620,5462,22260921
0.98,901,paper_hoeffding,2,198,198,True,1497,5093,22260921
0.98,902,paper_hoeffding,3,198,198,True,1425,4877,22260921
0.98,903,paper_hoeffding,5,198,198,True,1219,4259,22260921
0.98,904,paper_hoeffding,4,197,197,True,1425,4877,22260921
0.98,905,paper_hoeffding,5,198,198,True,1314,4544,22260921
0.98,906,paper_hoeffding,0,198,198,True,1706,5720,22260921
0.98,907,paper_hoeffding,5,197,197,True,1479,5039,22260921
0.98,908,paper_hoeffding,4,199,199,True,1497,5093,22260921
0.98,909,paper_hoeffding,3,199,199,True,1514,5144,22260921
0.98,910,paper_hoeffding,0,197,197,True,1479,5039,22260921
0.98,911,paper_hoeffding,4,200,200,True,1514,5144,22260921
0.98,912,paper_hoeffding,7,199,199,True,1688,5666,22260921
0.98,913,paper_hoeffding,0,198,198,True,1425,4877,22260921
0.98,914,paper_hoeffding,2,200,200,True,1461,4985,22260921
0.98,915,paper_hoeffding,2,198,198,True,1443,4931,22260921
0.98,916,paper_hoeffding,7,199,199,True,1550,5252,22260921
0.98,917,paper_hoeffding,4,199,199,True,1514,5144,22260921
0.98,918,paper_hoeffding,4,199,199,True,1824,6074,22260921
0.98,919,paper_hoeffding,6,199,199,True,1296,4490,22260921
0.98,920,paper_hoeffding,1,198,198,True,1620,5462,22260921
0.98,921,paper_hoeffding,2,199,199,True,1314,4544,22260921
0.98,922,paper_hoeffding,4,198,198,True,1443,4931,22260921
0.98,923,paper_hoeffding,2,200,200,True,1388,4766,22260921
0.98,924,paper_hoeffding,1,199,199,True,1479,5039,22260921
0.98,925,paper_hoeffding,5,198,198,True,1550,5252,22260921
0.98,926,paper_hoeffding,5,200,200,True,1637,5513,22260921
0.98,927,paper_hoeffding,6,200,200,True,1620,5462,22260921
0.98,928,paper_hoeffding,5,199,199,True,1497,5093,22260921
0.98,929,paper_hoeffding,1,196,196,True,1739,5819,22260921
0.98,930,paper_hoeffding,0,198,198,True,1425,4877,22260921
0.98,931,paper_hoeffding,1,199,199,True,1296,4490,22260921
0.98,932,paper_hoeffding,2,198,198,True,1407,4823,22260921
0.98,933,paper_hoeffding,3,198,198,True,1407,4823,22260921
0.98,934,paper_hoeffding,6,199,199,True,1425,4877,22260921
0.98,935,paper_hoeffding,4,198,198,True,1461,4985,22260921
0.98,936,paper_hoeffding,5,200,200,True,1425,4877,22260921
0.98,937,paper_hoeffding,5,200,200,True,1352,4658,22260921
0.98,938,paper_hoeffding,1,199,199,True,1637,5513,22260921
0.98,939,paper_hoeffding,6,198,198,True,1296,4490,22260921
0.98,940,paper_hoeffding,1,199,199,True,1388,4766,22260921
0.98,941,paper_hoeffding,2,200,200,True,1637,5513,22260921
0.98,942,paper_hoeffding,4,199,199,True,1239,4319,22260921
0.98,943,paper_hoeffding,4,199,199,True,1333,4601,22260921
0.98,944,paper_hoeffding,2,199,199,True,1407,4823,22260921
0.98,945,paper_hoeffding,5,199,199,True,1407,4823,22260921
0.98,946,paper_hoeffding,3,199,199,True,1333,4601,22260921
0.98,947,paper_hoeffding,3,197,197,True,1602,5408,22260921
0.98,948,paper_hoeffding,4,199,199,True,1479,5039,22260921
0.98,949,paper_hoeffding,5,199,199,True,1514,5144,22260921
0.98,950,paper_hoeffding,1,199,199,True,1514,5144,22260921
0.98,951,paper_hoeffding,4,197,197,True,1602,5408,22260921
0.98,952,paper_hoeffding,5,200,200,True,1370,4712,22260921
0.98,953,paper_hoeffding,0,198,198,True,1443,4931,22260921
0.98,954,paper_hoeffding,1,197,197,True,1461,4985,22260921
0.98,955,paper_hoeffding,7,199,199,True,1239,4319,22260921
0.98,956,paper_hoeffding,6,199,199,True,1407,4823,22260921
0.98,957,paper_hoeffding,1,198,198,True,1314,4544,22260921
0.98,958,paper_hoeffding,0,195,195,True,1532,5198,22260921
0.98,959,paper_hoeffding,4,197,197,True,1407,4823,22260921
0.98,960,paper_hoeffding,5,197,197,True,1161,4085,22260921
0.98,961,paper_hoeffding,2,196,196,True,1706,5720,22260921
0.98,962,paper_hoeffding,4,199,199,True,1479,5039,22260921
0.98,963,paper_hoeffding,4,200,200,True,1479,5039,22260921
0.98,964,paper_hoeffding,4,198,198,True,1514,5144,22260921
0.98,965,paper_hoeffding,3,199,199,True,1479,5039,22260921
0.98,966,paper_hoeffding,0,197,197,True,1314,4544,22260921
0.98,967,paper_hoeffding,0,198,198,True,1585,5357,22260921
0.98,968,paper_hoeffding,2,200,200,True,1602,5408,22260921
0.98,969,paper_hoeffding,5,199,199,True,1407,4823,22260921
0.98,970,paper_hoeffding,5,198,198,True,1654,5564,22260921
0.98,971,paper_hoeffding,6,199,199,True,1479,5039,22260921
0.98,972,paper_hoeffding,2,198,198,True,1514,5144,22260921
0.98,973,paper_hoeffding,1,196,196,True,1258,4376,22260921
0.98,974,paper_hoeffding,4,199,199,True,1258,4376,22260921
0.98,975,paper_hoeffding,0,198,198,True,1585,5357,22260921
0.98,976,paper_hoeffding,4,199,199,True,1461,4985,22260921
0.98,977,paper_hoeffding,4,198,198,True,1550,5252,22260921
0.98,978,paper_hoeffding,0,200,200,True,1567,5303,22260921
0.98,979,paper_hoeffding,7,198,198,True,1532,5198,22260921
0.98,980,paper_hoeffding,2,197,197,True,1461,4985,22260921
0.98,981,paper_hoeffding,0,197,197,True,1443,4931,22260921
0.98,982,paper_hoeffding,0,197,197,True,1567,5303,22260921
0.98,983,paper_hoeffding,2,199,199,True,1352,4658,22260921
0.98,984,paper_hoeffding,0,198,198,True,1425,4877,22260921
0.98,985,paper_hoeffding,3,199,199,True,1425,4877,22260921
0.98,986,paper_hoeffding,1,199,199,True,1585,5357,22260921
0.98,987,paper_hoeffding,0,198,198,True,1585,5357,22260921
0.98,988,paper_hoeffding,1,198,198,True,1637,5513,22260921
0.98,989,paper_hoeffding,2,198,198,True,1585,5357,22260921
0.98,990,paper_hoeffding,1,197,197,True,1141,4025,22260921
0.98,991,paper_hoeffding,1,199,199,True,1200,4202,22260921
0.98,992,paper_hoeffding,0,199,199,True,1161,4085,22260921
0.98,993,paper_hoeffding,5,199,199,True,1370,4712,22260921
0.98,994,paper_hoeffding,4,198,198,True,1443,4931,22260921
0.98,995,paper_hoeffding,2,199,199,True,1497,5093,22260921
0.98,996,paper_hoeffding,4,200,200,True,1602,5408,22260921
0.98,997,paper_hoeffding,0,199,199,True,1333,4601,22260921
0.98,998,paper_hoeffding,3,200,200,True,1567,5303,22260921
0.98,999,paper_hoeffding,1,199,199,True,1407,4823,22260921
